-- phpMyAdmin SQL Dump
-- version 4.6.6deb5
-- https://www.phpmyadmin.net/
--
-- 主機: localhost:3306
-- 產生時間： 2018 年 07 月 23 日 11:18
-- 伺服器版本: 5.7.22-0ubuntu18.04.1
-- PHP 版本： 7.2.7-0ubuntu0.18.04.2

SET SQL_MODE = "NO_AUTO_VALUE_ON_ZERO";
SET time_zone = "+00:00";


/*!40101 SET @OLD_CHARACTER_SET_CLIENT=@@CHARACTER_SET_CLIENT */;
/*!40101 SET @OLD_CHARACTER_SET_RESULTS=@@CHARACTER_SET_RESULTS */;
/*!40101 SET @OLD_COLLATION_CONNECTION=@@COLLATION_CONNECTION */;
/*!40101 SET NAMES utf8mb4 */;

--
-- 資料庫： `sf`
--
CREATE DATABASE IF NOT EXISTS `sf` DEFAULT CHARACTER SET utf8 COLLATE utf8_general_ci;
USE `sf`;

-- --------------------------------------------------------

--
-- 資料表結構 `finishedgood`
--

CREATE TABLE `finishedgood` (
  `finishedGoodID` varchar(256) NOT NULL,
  `finishedGoodType` varchar(256) NOT NULL
) ENGINE=InnoDB DEFAULT CHARSET=utf8;

--
-- 資料表的匯出資料 `finishedgood`
--

INSERT INTO `finishedgood` (`finishedGoodID`, `finishedGoodType`) VALUES
('CHC-142', '鑄鐵塗模劑'),
('CML-105', '鑄鋼鋯基塗模劑'),
('CML-105A', '鑄鋼鋯基塗模劑'),
('CML-105CB', '鑄鋼鋯基塗模劑'),
('CML-105G', '鑄鋼鋯基塗模劑'),
('CML-205', '鑄鋼鋯基塗模劑'),
('CML-3000', '鑄鋼鋯基塗模劑'),
('CML-3000G', '鑄鋼鋯基塗模劑'),
('CML-3000L', '鑄鋼鋯基塗模劑'),
('CML-3000M1', '鑄鋼鋯基塗模劑'),
('CML-3000TC', '鑄鋼鋯基塗模劑'),
('CML-381', '塗模劑'),
('CMP-A', '砂心修補膏'),
('CMP-B', '砂心修補膏'),
('CMP-C', '砂心修補膏'),
('CMP-D', '砂心修補膏'),
('CMP-E', '砂心修補膏'),
('DF-920T', '呋喃樹脂'),
('DYP-56', '鑄鐵塗模劑'),
('DYP-62', '鑄鐵塗模劑'),
('EP-824', '水性塗模劑'),
('EP-824A', '水性塗模劑'),
('EW-1005', '消失模塗模劑'),
('EW-1005T', '消失模塗模劑'),
('EW-424', '糰狀水性保麗龍塗模劑'),
('EW-424J', '糰狀水性保麗龍塗模劑'),
('EW-424Q', '糰狀水性保麗龍塗模劑'),
('EW-510', '塗模劑'),
('FL-125', '酒精性塗模劑'),
('FL-70', '鑄鐵砂模模劑'),
('FL-70G', '鑄鐵砂模模劑'),
('ISM-300', '酒精性鋯基塗模劑'),
('ISM-340', '酒精性鋯基塗模劑'),
('ISM-860', '防硫塗模劑'),
('ISM-860A', '防滲硫塗模劑'),
('ISM-860B', '防滲硫塗模劑'),
('LBX-28', '鑄鋁潤滑劑'),
('LBX-3', '耐高溫潤滑劑'),
('LBX-83', '鑄鋁潤滑劑'),
('MC-25', '砂模塗劑原膠'),
('MC-50', '塗模劑'),
('MC-688', '鑄鐵砂模塗劑'),
('MK-110', '塗模劑'),
('MK-820B', '鑄鐵塗模劑'),
('MOP-58', '高錳鋼塗模劑'),
('R-45', '鋁用被覆劑'),
('SEP-105', '離型液'),
('SEP-105A', '離型液'),
('SEP-105C', '離型液'),
('SEP-717', '離型液'),
('SIY-28', '潤滑劑'),
('SIY-28E', '潤滑劑'),
('SIY-28L', '潤滑劑'),
('SIY-28S', '石墨棒'),
('SPC-47', '木模用離型劑'),
('STR-565', '鑄鐵消失模塗模劑'),
('SW-1', '鑄鐵塗模劑'),
('SW-1005', '鑄鐵塗模劑'),
('SW-1005A', '塗模劑'),
('SW-1005S', '鑄鐵塗模劑'),
('SW-1005TC', '鑄鐵塗模劑'),
('SW-1112', '鑄鐵塗模劑'),
('SW-1112A', '鑄鐵塗模劑'),
('SW-1112G', '鑄鐵塗模劑'),
('SW-1230', '鑄鐵塗模劑'),
('SW-1230KY', '鑄鐵塗模劑'),
('SW-1230P', '鑄鐵塗模劑'),
('SW-129', '塗模劑'),
('SW-1650', '塗模劑'),
('SW-1650A', '塗模劑'),
('SW-1650A1', '塗模劑'),
('SW-202P', '塗模劑'),
('SW-202PA', '塗模劑'),
('SW-202PB', '塗模劑'),
('SW-202PC', '塗模劑'),
('SW-202PD', '塗模劑'),
('SW-230', '鑄鐵塗模劑'),
('SW-279R', '鑄鐵塗模劑'),
('SW-305', '鑄鐵塗模劑'),
('SW-305G', '塗模劑'),
('SW-305T3', '塗模劑'),
('SW-313', '塗模劑'),
('SW-325', '鑄鋼消失模塗模劑'),
('SW-327', '鑄鐵塗模劑'),
('SW-331GA', '鑄鐵塗模劑'),
('SW-503', '塗模劑'),
('SW-506', '塗模劑'),
('SW-519', '鑄鋼塗模劑'),
('SW-519N', '塗模劑'),
('SW-526', '鑄鐵塗模劑'),
('SW-526A', '鑄鐵塗模劑'),
('SW-565', '鑄鐵消失模塗模劑'),
('SW-58', '高錳鋼塗模劑'),
('SW-701', '鑄鐵塗模劑'),
('SW-708', '鑄鐵塗模劑'),
('SW-721', '鑄鐵塗模劑'),
('SW-726', '鑄鐵塗模劑'),
('SW-728', '塗模劑'),
('SW-808', '鑄鐵塗模劑'),
('SW-808A', '鑄鐵塗模劑'),
('SW-808A-Y', '鑄鐵塗模劑'),
('SW-808G1', '塗模劑'),
('SW-808GS', '塗模劑'),
('SW-812', '塗模劑'),
('SW-821A', '塗模劑'),
('SW-821B', '鑄鐵塗模劑'),
('SW-828C', '鑄鐵塗模劑'),
('SW-912', '鑄鐵塗模劑'),
('SW-912C', '鑄鐵塗模劑'),
('SW-912M', '鑄鐵塗模劑'),
('TG-6010', '呋喃樹脂'),
('TG-6010S', '呋喃樹脂'),
('TG-6015', '呋喃樹脂'),
('TG-6020', '呋喃樹脂'),
('TG-6020ABC', '呋喃樹脂'),
('TG-6020S', '呋喃樹脂'),
('TG-6020S1', '呋喃樹脂'),
('TG-6030', '呋喃樹脂'),
('TG-6030ABC', '呋喃樹脂'),
('TG-6040', '呋喃樹脂'),
('TG-6040ABC', '呋喃樹脂'),
('TG-6050', '呋喃樹脂'),
('TG-6050ABC', '呋喃樹脂'),
('TG-6060', '呋喃樹脂'),
('TG-7010', '綠色呋喃樹脂'),
('TG-7015', '綠色呋喃樹脂'),
('TG-7020', '綠色呋喃樹脂'),
('TG-7020B', '綠色呋喃樹脂'),
('TG-7020S', '綠色呋喃樹脂'),
('TG-7020S1', '綠色呋喃樹脂'),
('TG-7030', '綠色呋喃樹脂'),
('TG-7030B', '綠色呋喃樹脂'),
('TG-7030B-1', '綠色呋喃樹脂'),
('TG-7030YJF', '綠色呋喃樹脂'),
('TG-7030YJF-A', '綠色呋喃樹脂'),
('TG-7031YJF-1', '綠色呋喃樹脂'),
('TG-7031YJF-B', '綠色呋喃樹脂'),
('TG-7032YJF1', '綠色呋喃樹脂'),
('TG-7040', '綠色呋喃樹脂'),
('TNO-327', '鑄鐵塗模劑'),
('TNO-701', '鑄鐵塗模劑'),
('TNO-726', '鑄鐵塗模劑'),
('TNO-808A', '鑄鐵塗模劑'),
('TNO-912', '鑄鐵塗模劑'),
('TP-160', '水性鋯基塗模劑'),
('TP-327', '水性糰狀鋯基塗模劑'),
('TP-327P', '水性鋯基塗模劑(糊狀)'),
('TP-384', '水性鋯基塗模劑'),
('TP-824', '水性糰狀塗模劑'),
('TP-831', '水性鋯基塗模劑'),
('TP160A', '水性鋯基塗模劑');

-- --------------------------------------------------------

--
-- 資料表結構 `finishedgoodentry`
--

CREATE TABLE `finishedgoodentry` (
  `finishedGoodEntryID` varchar(256) NOT NULL,
  `serialNumber` varchar(256) NOT NULL,
  `batchNumber` varchar(256) NOT NULL,
  `product` varchar(256) NOT NULL,
  `packaging` int(16) UNSIGNED NOT NULL,
  `status` varchar(256) NOT NULL,
  `storedArea` varchar(8) NOT NULL,
  `storedDate` date NOT NULL,
  `palletNumber` int(8) UNSIGNED NOT NULL DEFAULT '0',
  `storedPackageNumber` float UNSIGNED NOT NULL DEFAULT '0',
  `storedWeight` float UNSIGNED NOT NULL DEFAULT '0'
) ENGINE=InnoDB DEFAULT CHARSET=utf8;

-- --------------------------------------------------------

--
-- 資料表結構 `finishedgoodinwarehouse`
--

CREATE TABLE `finishedgoodinwarehouse` (
  `storedFinishedGoodID` int(16) UNSIGNED NOT NULL,
  `finishedGoodEntryID` varchar(256) NOT NULL,
  `serialNumber` varchar(256) NOT NULL,
  `batchNumber` varchar(256) NOT NULL,
  `product` varchar(256) NOT NULL,
  `packagingID` int(16) UNSIGNED NOT NULL,
  `status` varchar(256) NOT NULL,
  `storedArea` varchar(8) NOT NULL,
  `storedDate` datetime NOT NULL,
  `palletNumber` int(8) UNSIGNED NOT NULL DEFAULT '0',
  `storedPackageNumber` float UNSIGNED NOT NULL DEFAULT '0',
  `storedWeight` float UNSIGNED NOT NULL DEFAULT '0',
  `remainingPackageNumber` float UNSIGNED NOT NULL DEFAULT '0'
) ENGINE=InnoDB DEFAULT CHARSET=utf8;

-- --------------------------------------------------------

--
-- 資料表結構 `finishedgoodoutwarehouse`
--

CREATE TABLE `finishedgoodoutwarehouse` (
  `takenOutFinishedGoodID` int(16) UNSIGNED NOT NULL,
  `inWarehouseID` int(16) UNSIGNED NOT NULL,
  `finishedGoodRequisition` varchar(256) NOT NULL,
  `takenOutArea` varchar(8) NOT NULL,
  `takenOutDate` datetime NOT NULL,
  `takingOutDepartment` varchar(256) NOT NULL,
  `takingOutMember` varchar(256) NOT NULL,
  `takenOutPackageNumber` float UNSIGNED NOT NULL DEFAULT '0'
) ENGINE=InnoDB DEFAULT CHARSET=utf8;

-- --------------------------------------------------------

--
-- 資料表結構 `finishedgoodpackaging`
--

CREATE TABLE `finishedgoodpackaging` (
  `finishedGoodPackagingID` int(16) UNSIGNED NOT NULL,
  `product` varchar(256) NOT NULL,
  `packaging` varchar(256) NOT NULL,
  `unitWeight` float UNSIGNED NOT NULL
) ENGINE=InnoDB DEFAULT CHARSET=utf8;

--
-- 資料表的匯出資料 `finishedgoodpackaging`
--

INSERT INTO `finishedgoodpackaging` (`finishedGoodPackagingID`, `product`, `packaging`, `unitWeight`) VALUES
(1, 'DF-920T', '小包裝', 230),
(2, 'DF-920T', '大包裝', 1000),
(3, 'TG-6010', '小包裝', 230),
(4, 'TG-6010', '大包裝', 1000),
(5, 'TG-6010S', '小包裝', 230),
(6, 'TG-6010S', '大包裝', 1000),
(7, 'TG-6015', '小包裝', 230),
(8, 'TG-6015', '大包裝', 1000),
(9, 'TG-6020', '小包裝', 230),
(10, 'TG-6020', '大包裝', 1000),
(11, 'TG-6020ABC', '小包裝', 230),
(12, 'TG-6020ABC', '大包裝', 1000),
(13, 'TG-6020S', '小包裝', 230),
(14, 'TG-6020S', '大包裝', 1000),
(15, 'TG-6020S1', '小包裝', 230),
(16, 'TG-6020S1', '大包裝', 1000),
(17, 'TG-6030', '小包裝', 230),
(18, 'TG-6030', '大包裝', 1000),
(19, 'TG-6030ABC', '小包裝', 230),
(20, 'TG-6030ABC', '大包裝', 1000),
(21, 'TG-6040', '小包裝', 230),
(22, 'TG-6040', '大包裝', 1000),
(23, 'TG-6040ABC', '小包裝', 230),
(24, 'TG-6040ABC', '大包裝', 1000),
(25, 'TG-6050', '小包裝', 230),
(26, 'TG-6050', '大包裝', 1000),
(27, 'TG-6050ABC', '小包裝', 230),
(28, 'TG-6050ABC', '大包裝', 1000),
(29, 'TG-6060', '小包裝', 230),
(30, 'TG-6060', '大包裝', 1000),
(31, 'TG-7010', '小包裝', 230),
(32, 'TG-7010', '大包裝', 1000),
(33, 'TG-7015', '小包裝', 230),
(34, 'TG-7015', '大包裝', 1000),
(35, 'TG-7020', '小包裝', 230),
(36, 'TG-7020', '大包裝', 1000),
(37, 'TG-7020B', '小包裝', 230),
(38, 'TG-7020B', '大包裝', 1000),
(39, 'TG-7020S', '小包裝', 230),
(40, 'TG-7020S', '大包裝', 1000),
(41, 'TG-7020S1', '小包裝', 230),
(42, 'TG-7020S1', '大包裝', 1000),
(43, 'TG-7030', '小包裝', 230),
(44, 'TG-7030', '大包裝', 1000),
(45, 'TG-7030B', '小包裝', 230),
(46, 'TG-7030B', '大包裝', 1000),
(47, 'TG-7030B-1', '小包裝', 230),
(48, 'TG-7030B-1', '大包裝', 1000),
(49, 'TG-7030YJF', '小包裝', 230),
(50, 'TG-7030YJF', '大包裝', 1000),
(51, 'TG-7030YJF-A', '小包裝', 230),
(52, 'TG-7030YJF-A', '大包裝', 1000),
(53, 'TG-7031YJF-1', '小包裝', 230),
(54, 'TG-7031YJF-1', '大包裝', 1000),
(55, 'TG-7031YJF-B', '小包裝', 230),
(56, 'TG-7031YJF-B', '大包裝', 1000),
(57, 'TG-7032YJF1', '小包裝', 230),
(58, 'TG-7032YJF1', '大包裝', 1000),
(59, 'TG-7040', '小包裝', 230),
(60, 'TG-7040', '大包裝', 1000),
(61, 'CHC-142', '小包裝', 15),
(62, 'CML-105', '小包裝', 40),
(63, 'CML-105', '大包裝', 400),
(64, 'CML-105A', '小包裝', 40),
(65, 'CML-105A', '大包裝', 380),
(66, 'CML-105CB', '小包裝', 40),
(67, 'CML-105CB', '大包裝', 400),
(68, 'CML-105G', '小包裝', 40),
(69, 'CML-105G', '大包裝', 200),
(70, 'CML-205', '小包裝', 40),
(71, 'CML-205', '大包裝', 300),
(72, 'CML-3000', '小包裝', 40),
(73, 'CML-3000', '大包裝', 400),
(74, 'CML-3000G', '小包裝', 40),
(75, 'CML-3000L', '小包裝', 40),
(76, 'CML-3000M1', '小包裝', 40),
(77, 'CML-3000TC', '小包裝', 40),
(78, 'CML-381', '小包裝', 40),
(79, 'CMP-A', '小包裝', 25),
(80, 'CMP-B', '小包裝', 25),
(81, 'CMP-C', '小包裝', 25),
(82, 'CMP-D', '小包裝', 25),
(83, 'CMP-E', '小包裝', 25),
(84, 'DYP-56', '小包裝', 25),
(85, 'DYP-62', '小包裝', 25),
(86, 'EP-824', '小包裝', 25),
(87, 'EP-824A', '小包裝', 25),
(88, 'EW-1005', '小包裝', 30),
(89, 'EW-1005T', '小包裝', 30),
(90, 'EW-424', '小包裝', 30),
(91, 'EW-424J', '小包裝', 30),
(92, 'EW-424Q', '小包裝', 30),
(93, 'EW-510', '小包裝', 30),
(94, 'FL-125', '小包裝', 25),
(95, 'FL-70', '小包裝', 25),
(96, 'FL-70', '大包裝', 300),
(97, 'FL-70G', '小包裝', 25),
(98, 'ISM-300', '小包裝', 40),
(99, 'ISM-340', '小包裝', 30),
(100, 'ISM-860', '小包裝', 30),
(101, 'ISM-860A', '小包裝', 200),
(102, 'ISM-860B', '小包裝', 200),
(103, 'ISM-860B', '大包裝', 250),
(104, 'LBX-28', '小包裝', 15),
(105, 'LBX-3', '小包裝', 15),
(106, 'LBX-83', '小包裝', 15),
(107, 'MC-25', '小包裝', 15),
(108, 'MC-50', '小包裝', 5),
(109, 'MC-688', '小包裝', 25),
(110, 'MK-110', '小包裝', 25),
(111, 'MK-820B', '小包裝', 30),
(112, 'MOP-58', '小包裝', 40),
(113, 'R-45', '小包裝', 25),
(114, 'SEP-105', '小包裝', 20),
(115, 'SEP-105', '大包裝', 200),
(116, 'SEP-105A', '小包裝', 20),
(117, 'SEP-105A', '大包裝', 200),
(118, 'SEP-105C', '小包裝', 20),
(119, 'SEP-105C', '大包裝', 200),
(120, 'SEP-717', '小包裝', 20),
(121, 'SEP-717', '大包裝', 200),
(122, 'SIY-28', '小包裝', 15),
(123, 'SIY-28', '大包裝', 150),
(124, 'SIY-28E', '小包裝', 15),
(125, 'SIY-28L', '小包裝', 15),
(126, 'SIY-28S', '小包裝', 25),
(127, 'SPC-47', '小包裝', 15),
(128, 'STR-565', '小包裝', 25),
(129, 'SW-1', '小包裝', 280),
(130, 'SW-1005', '小包裝', 30),
(131, 'SW-1005A', '小包裝', 30),
(132, 'SW-1005S', '小包裝', 25),
(133, 'SW-1005S', '大包裝', 30),
(134, 'SW-1005TC', '小包裝', 30),
(135, 'SW-1112', '小包裝', 25),
(136, 'SW-1112', '大包裝', 250),
(137, 'SW-1112A', '小包裝', 25),
(138, 'SW-1112A', '大包裝', 250),
(139, 'SW-1112G', '小包裝', 25),
(140, 'SW-1112G', '大包裝', 250),
(141, 'SW-1230', '小包裝', 30),
(142, 'SW-1230', '大包裝', 300),
(143, 'SW-1230KY', '小包裝', 30),
(144, 'SW-1230KY', '大包裝', 300),
(145, 'SW-1230P', '小包裝', 30),
(146, 'SW-129', '小包裝', 25),
(147, 'SW-129', '大包裝', 250),
(148, 'SW-1650', '小包裝', 30),
(149, 'SW-1650A', '小包裝', 30),
(150, 'SW-1650A', '大包裝', 300),
(151, 'SW-1650A1', '小包裝', 30),
(152, 'SW-1650A1', '大包裝', 300),
(153, 'SW-202P', '小包裝', 300),
(154, 'SW-202PA', '小包裝', 30),
(155, 'SW-202PA', '大包裝', 300),
(156, 'SW-202PB', '小包裝', 30),
(157, 'SW-202PB', '大包裝', 300),
(158, 'SW-202PC', '小包裝', 300),
(159, 'SW-202PD', '小包裝', 300),
(160, 'SW-230', '小包裝', 30),
(161, 'SW-230', '大包裝', 300),
(162, 'SW-279R', '小包裝', 30),
(163, 'SW-279R', '大包裝', 300),
(164, 'SW-305', '小包裝', 250),
(165, 'SW-305', '大包裝', 270),
(166, 'SW-305G', '小包裝', 30),
(167, 'SW-305G', '大包裝', 300),
(168, 'SW-305T3', '小包裝', 25),
(169, 'SW-305T3', '大包裝', 270),
(170, 'SW-313', '小包裝', 300),
(171, 'SW-325', '小包裝', 40),
(172, 'SW-327', '小包裝', 25),
(173, 'SW-327', '大包裝', 250),
(174, 'SW-331GA', '小包裝', 30),
(175, 'SW-331GA', '大包裝', 300),
(176, 'SW-503', '小包裝', 150),
(177, 'SW-503', '大包裝', 300),
(178, 'SW-506', '小包裝', 300),
(179, 'SW-519', '小包裝', 40),
(180, 'SW-519N', '小包裝', 40),
(181, 'SW-526', '小包裝', 25),
(182, 'SW-526', '大包裝', 270),
(183, 'SW-526A', '小包裝', 25),
(184, 'SW-526A', '大包裝', 250),
(185, 'SW-565', '小包裝', 30),
(186, 'SW-565', '大包裝', 250),
(187, 'SW-58', '小包裝', 40),
(188, 'SW-701', '小包裝', 25),
(189, 'SW-701', '大包裝', 300),
(190, 'SW-708', '小包裝', 25),
(191, 'SW-708', '大包裝', 250),
(192, 'SW-721', '小包裝', 30),
(193, 'SW-721', '大包裝', 280),
(194, 'SW-726', '小包裝', 25),
(195, 'SW-726', '大包裝', 280),
(196, 'SW-728', '小包裝', 300),
(197, 'SW-808', '小包裝', 30),
(198, 'SW-808', '大包裝', 300),
(199, 'SW-808A', '小包裝', 25),
(200, 'SW-808A', '大包裝', 30),
(201, 'SW-808A-Y', '小包裝', 30),
(202, 'SW-808G1', '小包裝', 30),
(203, 'SW-808GS', '小包裝', 30),
(204, 'SW-808GS', '大包裝', 300),
(205, 'SW-812', '小包裝', 300),
(206, 'SW-821A', '小包裝', 30),
(207, 'SW-821A', '大包裝', 300),
(208, 'SW-821B', '小包裝', 30),
(209, 'SW-821B', '大包裝', 300),
(210, 'SW-828C', '小包裝', 30),
(211, 'SW-912', '小包裝', 25),
(212, 'SW-912', '大包裝', 300),
(213, 'SW-912C', '小包裝', 25),
(214, 'SW-912C', '大包裝', 250),
(215, 'SW-912M', '小包裝', 30),
(216, 'SW-912M', '大包裝', 300),
(217, 'TNO-327', '小包裝', 25),
(218, 'TNO-701', '小包裝', 25),
(219, 'TNO-726', '小包裝', 25),
(220, 'TNO-726', '大包裝', 280),
(221, 'TNO-808A', '小包裝', 25),
(222, 'TNO-808A', '大包裝', 300),
(223, 'TNO-912', '小包裝', 25),
(224, 'TNO-912', '大包裝', 300),
(225, 'TP-160', '小包裝', 40),
(226, 'TP160A', '小包裝', 40),
(227, 'TP-327', '小包裝', 40),
(228, 'TP-327P', '小包裝', 40),
(229, 'TP-384', '小包裝', 30),
(230, 'TP-831', '小包裝', 20),
(231, 'TP-831', '大包裝', 40),
(232, 'TP-824', '小包裝', 30);

-- --------------------------------------------------------

--
-- 資料表結構 `finishedgoodrequisition`
--

CREATE TABLE `finishedgoodrequisition` (
  `finishedGoodRequisitionID` varchar(256) NOT NULL,
  `productInWarehouseID` int(16) UNSIGNED NOT NULL,
  `product` varchar(256) NOT NULL,
  `packagingID` int(16) UNSIGNED NOT NULL,
  `storedArea` varchar(8) NOT NULL,
  `requisitioningDate` datetime NOT NULL,
  `requisitioningDepartment` varchar(256) NOT NULL,
  `requisitioningMember` varchar(256) NOT NULL,
  `requisitionedPackageNumber` float UNSIGNED NOT NULL DEFAULT '0'
) ENGINE=InnoDB DEFAULT CHARSET=utf8;

-- --------------------------------------------------------

--
-- 資料表結構 `material`
--

CREATE TABLE `material` (
  `materialID` varchar(256) NOT NULL,
  `materialName` varchar(256) NOT NULL,
  `totalPackageNumber` float UNSIGNED NOT NULL DEFAULT '0',
  `totalWeight` float UNSIGNED NOT NULL DEFAULT '0',
  `totalMoney` float UNSIGNED NOT NULL DEFAULT '0'
) ENGINE=InnoDB DEFAULT CHARSET=utf8;

--
-- 資料表的匯出資料 `material`
--

INSERT INTO `material` (`materialID`, `materialName`, `totalPackageNumber`, `totalWeight`, `totalMoney`) VALUES
('006', '硫酸鋁', 0, 0, 0),
('007', '檸檬酸', 0, 0, 0),
('011', '水玻璃', 0, 0, 0),
('012A', '輕鹼', 500, 500, 5500),
('012B', '重鹼', 475, 475, 5225),
('013A', '精鹽', 3000, 3000, 12000),
('014A', '氯化鉀(白)', 166, 166, 5976),
('014B', '氯化鉀(紅)', 0, 0, 0),
('015A', '芒硝(進口)', 0, 0, 0),
('016A', '無水硼砂', 206, 206, 8240),
('017A', '氟化鈉', 0, 0, 0),
('018', '碳酸鈣', 0, 0, 0),
('019', '硝酸鉀', 290, 290, 12760),
('023', '流平劑 CSL-7001', 7, 7, 4193),
('026', '六偏磷酸鋁', 0, 0, 0),
('027', '平光粉 SILMAT1200', 50, 50, 8000),
('092', '磷酸', 0, 0, 0),
('097', '福馬林', 0, 0, 0),
('111', '矽酸膠液', 0, 0, 0),
('112', '胺', 94, 94, 17014),
('113', '尿素膠', 0, 0, 0),
('113A', '尿素膠#555', 0, 0, 0),
('114', '偶聯劑 NCSA-2120', 0, 0, 0),
('115', '尿素', 0, 0, 0),
('117', '醋酸(調)', 0, 0, 0),
('128', '淀粉', 0, 0, 0),
('129', '矽酸鈣', 387, 387, 6192),
('150', '矽酸鎂鋁Attagel-50', 2268, 2268, 122472),
('153A', '氧化鋁空心球#100', 0, 0, 0),
('168', '白碳黑EH-5', 0, 0, 0),
('200', '松子油', 0, 0, 0),
('202', '蠟石粉', 4000, 4000, 20000),
('208', '硬脂酸鎂', 0, 0, 0),
('209', '硬脂酸鋁', 0, 0, 0),
('210B', '玻璃粉', 0, 0, 0),
('210Ｂ', '玻璃粉', 0, 0, 0),
('212', '硬脂酸', 0, 0, 0),
('213', '蓖麻油', 0, 0, 0),
('214', '煤油', 0, 0, 0),
('215', '鐵屑', 0, 0, 0),
('216', '煉鋼促進劑', 9750, 9750, 43875),
('216A', '煉鋼促進劑', 0, 0, 0),
('216C', '煉鋼促進劑', 29000, 29000, 464000),
('217', '鋁粉', 3200, 3200, 137600),
('217A', '進口鋁粉', 0, 0, 0),
('217C', '金屬鋁80~120目', 0, 0, 0),
('219A', '二甲苯', 172, 172, 4472),
('224', '介面活性劑', 0, 0, 0),
('228A', '漂珠', 0, 0, 0),
('228B', '漂珠50目', 0, 0, 0),
('320', '機油(R-90)', 0, 0, 0),
('321', '碳化矽', 0, 0, 0),
('321A', '碳化矽(20~80MM)', 0, 0, 0),
('322A', '三杯脂', 0, 0, 0),
('322B', '獅牌牛油', 0, 0, 0),
('323', '白雲石粉', 1020, 1020, 5610),
('324', '螢石粉', 100, 100, 3200),
('325B', '氟矽酸鈉', 0, 0, 0),
('326', '精煉劑', 643, 643, 39994.6),
('331', '珍珠岩粉', 305, 305, 4270),
('332', '焦炭粉', 0, 0, 0),
('340', '搖變助劑 S1500', 230, 230, 35650),
('420', '乙醇', 0, 0, 0),
('430', '木精', 0, 0, 0),
('431A', '滑石粉', 0, 0, 0),
('432', '馬來粉', 0, 0, 0),
('432A', '莫來石35S', 300, 300, 4200),
('432B', '藍晶石#20', 0, 0, 0),
('433C', '鋯粉200mesh', 3000, 3000, 150000),
('433D', '鋯粉325mesh', 2000, 2000, 100000),
('434A', '磷狀黑鉛(細)-385', 9000, 9000, 216000),
('434B', '磷狀黑鉛(粗)-185', 14000, 14000, 252000),
('434C', '膨脹石墨', 0, 0, 0),
('435', '土狀黑鉛', 2000, 2000, 28000),
('435B', '土狀黑鉛(填充組)', 0, 0, 0),
('436', '球狀瀝青', 0, 0, 0),
('437A', '葡萄糖粉', 0, 0, 0),
('439A', '氧化鐵', 0, 0, 0),
('439B', '黃色氧化鐵', 1200, 1200, 48000),
('439C', '圓型黑氧化鐵FineOx 270', 1975, 1975, 49375),
('439D', '圓型黑氧化鐵Sphere Ox200', 2866, 2866, 71650),
('507', '水性PU壓克力樹脂', 0, 0, 0),
('508', 'K-90水溶液(PVP)', 0, 0, 0),
('540-3', '矽砂30MM', 0, 0, 0),
('540-4', '4號矽砂', 0, 0, 0),
('542', '雲母粉', 344, 344, 9632),
('543', '氟化鋁', 16, 16, 560),
('544G', '日本粘土', 0, 0, 0),
('545', '硝酸鈉', 3000, 3000, 60000),
('546', '冰晶石粉', 0, 0, 0),
('546B', '冰晶石粉(保溫套)', 0, 0, 0),
('548', '二氧化錳', 0, 0, 0),
('551', '氟鋁酸鉀', 0, 0, 0),
('650', '碳酸鉀', 0, 0, 0),
('654A', '?燒氧化鋁', 0, 0, 0),
('654AB', '?燒氧化鋁200M', 0, 0, 0),
('654B', '高鋁粉325MESH', 70, 70, 595),
('654C', '高鋁粉200MESH', 11250, 11250, 933750),
('654H', '棕剛玉', 12500, 12500, 312500),
('655', '硫鉬滑脂', 0, 0, 0),
('657', '高嶺土', 2750, 2750, 22275),
('657A', '高嶺土', 0, 0, 0),
('657B', '高嶺土PK-100', 0, 0, 0),
('658', '美國粘土', 366, 366, 5124),
('659', '矽鐵粒', 0, 0, 0),
('659C', '矽鐵粉', 0, 0, 0),
('660', '硅粉', 0, 0, 0),
('760A', '氧化鎂(進)', 0, 0, 0),
('760B', '氧化鎂(本)', 600, 600, 8100),
('765', '石英粉 特A101', 19500, 19500, 60450),
('765B', '石英粉 10T', 9000, 9000, 30600),
('766A', '糊精', 210, 210, 7140),
('767A', '粉狀樹脂PVP(K90)', 0, 0, 0),
('767B', '酚醛樹脂(進)', 5200, 5200, 254800),
('767C', '鹼性酚醛樹脂', 0, 0, 0),
('767D', '低水液體酚醛樹脂', 0, 0, 0),
('767F', '液體酚醛樹脂', 0, 0, 0),
('767T', '酚醛樹脂(台)', 0, 0, 0),
('768', '松香', 500, 500, 30000),
('769', '銀漿', 30, 30, 4800),
('871', '南寶樹脂', 0, 0, 0),
('874C', '藍色染料', 0, 0, 0),
('874F', '鹼性品綠', 0, 0, 0),
('877', '異丙醇', 480, 480, 16800),
('980', '矽灰粉', 0, 0, 0),
('981', '橄欖粉', 0, 0, 0),
('982', '三乙醇胺', 0, 0, 0),
('986', '黃原膠', 0, 0, 0),
('987', '甲基纖維素', 0, 0, 0),
('988', '碳化稻殼(黑)', 583, 583, 4081),
('988A', '碳化稻殼(白)', 0, 0, 0),
('988C', '碳化稻殼(白粗)', 0, 0, 0),
('990', '消泡劑', 0, 0, 0),
('992', '氫氧化鉀', 0, 0, 0),
('994', '糠醇 FA', 0, 0, 0),
('998', '抑泡劑', 256, 256, 19200),
('999A', '散棉', 0, 0, 0),
('999A2', '1260℃粉碎散棉-台', 0, 0, 0),
('999A6', '陶瓷散棉1600℃', 0, 0, 0),
('999M', '可溶棉', 0, 0, 0),
('999M3', '可溶棉(5目粉碎細)', 0, 0, 0),
('999MB', '可溶棉', 0, 0, 0),
('A04', '隔板', 0, 0, 0),
('A05', '隔板', 0, 0, 0),
('A06', '隔板', 0, 0, 0),
('A10', '隔板', 0, 0, 0),
('A11', '棧板隔板', 0, 0, 0),
('A19', '隔板', 0, 0, 0),
('A45-2', 'SLD隔板-16孔', 0, 0, 0),
('A60', '隔板', 0, 0, 0),
('A71', '隔板', 0, 0, 0),
('A71-1', '天板', 0, 0, 0),
('A72', '12孔洞板', 0, 0, 0),
('A72-1', '天板', 0, 0, 0),
('B01', '紙箱', 0, 0, 0),
('B03', '紙箱', 0, 0, 0),
('B04', '紙箱', 0, 0, 0),
('B05', '紙箱', 0, 0, 0),
('B05C', '紙箱', 0, 0, 0),
('B05S', '紙箱', 0, 0, 0),
('B16', '紙箱', 0, 0, 0),
('B16N', '紙箱', 0, 0, 0),
('B16S', '紙箱', 0, 0, 0),
('B30S', '紙箱', 0, 0, 0),
('B35S', '紙箱', 0, 0, 0),
('B60', '紙箱', 0, 0, 0),
('F00', '鐵桶', 0, 0, 0),
('F02', '四角鐵桶', 0, 0, 0),
('F03', '1加侖鐵桶', 0, 0, 0),
('F04', '開口桶', 0, 0, 0),
('F04A', '密封鐵桶', 0, 0, 0),
('F07', '大鐵桶', 0, 0, 0),
('F08', '加高鐵桶', 0, 0, 0),
('F09', '噸桶', 0, 0, 0),
('H01', '紙箱', 0, 0, 0),
('H02', '紙箱', 0, 0, 0),
('H04', '紙箱', 0, 0, 0),
('H05', '紙箱', 0, 0, 0),
('H05A', '紙箱', 0, 0, 0),
('H05C', '紙箱', 0, 0, 0),
('H05D', '紙箱', 0, 0, 0),
('H06', '紙箱', 0, 0, 0),
('H10', '紙箱', 0, 0, 0),
('H16', '紙箱', 0, 0, 0),
('H18', '紙箱', 0, 0, 0),
('H23', '紙箱', 0, 0, 0),
('H25', '紙箱', 0, 0, 0),
('H28', '紙箱', 0, 0, 0),
('H35', '紙箱', 0, 0, 0),
('H45', '紙箱', 0, 0, 0),
('H71', '紙箱', 0, 0, 0),
('H72', '紙箱', 0, 0, 0),
('HT99', '粗卷', 0, 0, 0),
('O03', '糊仔罐', 0, 0, 0),
('P01-1', '塑膠桶蓋子', 0, 0, 0),
('P02', '塑膠桶加高', 0, 0, 0),
('P04', '1加侖塑膠桶', 0, 0, 0);

-- --------------------------------------------------------

--
-- 資料表結構 `materialentry`
--

CREATE TABLE `materialentry` (
  `materialEntryID` varchar(256) NOT NULL,
  `serialNumber` varchar(256) NOT NULL,
  `purchaseOrder` varchar(256) NOT NULL,
  `QRCode` blob,
  `expectedStoredArea` varchar(8) NOT NULL,
  `expectedStoredDate` date NOT NULL,
  `palletNumber` int(8) UNSIGNED NOT NULL DEFAULT '0',
  `expectedStoredPackageNumber` float UNSIGNED NOT NULL DEFAULT '0',
  `expectedStoredWeight` float UNSIGNED NOT NULL DEFAULT '0',
  `expectedStoredMoney` float UNSIGNED NOT NULL DEFAULT '0',
  `confirmation` tinyint(4) NOT NULL DEFAULT '0'
) ENGINE=InnoDB DEFAULT CHARSET=utf8;

--
-- 資料表的匯出資料 `materialentry`
--

INSERT INTO `materialentry` (`materialEntryID`, `serialNumber`, `purchaseOrder`, `QRCode`, `expectedStoredArea`, `expectedStoredDate`, `palletNumber`, `expectedStoredPackageNumber`, `expectedStoredWeight`, `expectedStoredMoney`, `confirmation`) VALUES
('B20180723001', '20180723001', 'A20180723001', NULL, 'A', '2018-07-23', 1, 20000, 20000, 320000, 1),
('B20180723002', '20180723002', 'A20180723002', NULL, 'A', '2018-07-23', 1, 9000, 9000, 144000, 1),
('B20180723003', '20180723003', 'A20180723003', NULL, 'A', '2018-07-23', 1, 583, 583, 4081, 1),
('B20180723004', '20180723004', 'A20180723004', NULL, 'B', '2018-07-23', 1, 16, 16, 560, 1),
('B20180723005', '20180723005', 'A20180723005', NULL, 'B', '2018-07-23', 1, 166, 166, 5976, 1),
('B20180723006', '20180723006', 'A20180723006', NULL, 'B', '2018-07-23', 1, 70, 70, 595, 1),
('B20180723007', '20180723007', 'A20180723007', NULL, 'B', '2018-07-23', 1, 500, 500, 5500, 1),
('B20180723008', '20180723008', 'A20180723008', NULL, 'B', '2018-07-23', 1, 50, 50, 8000, 1),
('B20180723009', '20180723009', 'A20180723009', NULL, 'B', '2018-07-23', 1, 3000, 3000, 12000, 1),
('B20180723010', '20180723010', 'A20180723010', NULL, 'B', '2018-07-23', 1, 3000, 3000, 60000, 1),
('B20180723011', '20180723011', 'A20180723011', NULL, 'B', '2018-07-23', 1, 3200, 3200, 137600, 1),
('B20180723012', '20180723012', 'A20180723012', NULL, 'B', '2018-07-23', 1, 9000, 9000, 30600, 1),
('B20180723013', '20180723013', 'A20180723013', NULL, 'B', '2018-07-23', 1, 9750, 9750, 43875, 1),
('B20180723014', '20180723014', 'A20180723014', NULL, 'C', '2018-07-23', 1, 475, 475, 5225, 1),
('B20180723015', '20180723015', 'A20180723015', NULL, 'C', '2018-07-23', 10, 300, 300, 4200, 1),
('B20180723016', '20180723016', 'A20180723016', NULL, 'C', '2018-07-23', 10, 305, 305, 4270, 1),
('B20180723017', '20180723017', 'A20180723017', NULL, 'C', '2018-07-23', 10, 100, 100, 3200, 1),
('B20180723018', '20180723018', 'A20180723018', NULL, 'C', '2018-07-23', 10, 2866, 2866, 71650, 1),
('B20180723019', '20180723019', 'A20180723019', NULL, 'C', '2018-07-23', 0, 344, 344, 9632, 1),
('B20180723020', '20180723020', 'A20180723020', NULL, 'C', '2018-07-23', 10, 290, 290, 12760, 1),
('B20180723021', '20180723021', 'A20180723021', NULL, 'C', '2018-07-23', 10, 1020, 1020, 5610, 1),
('B20180723022', '20180723022', 'A20180723022', NULL, 'C', '2018-07-23', 10, 9000, 9000, 216000, 1),
('B20180723023', '20180723023', 'A20180723023', NULL, 'C', '2018-07-23', 10, 14000, 14000, 252000, 1),
('B20180723024', '20180723024', 'A20180723024', NULL, 'C', '2018-07-23', 10, 11250, 11250, 933750, 1),
('B20180723025', '20180723025', 'A20180723025', NULL, 'C', '2018-07-23', 10, 12500, 12500, 312500, 1),
('B20180723026', '20180723026', 'A20180723026', NULL, 'C', '2018-07-23', 10, 2268, 2268, 122472, 1),
('B20180723027', '20180723027', 'A20180723027', NULL, 'C', '2018-07-23', 10, 2000, 2000, 28000, 1),
('B20180723028', '20180723028', 'A20180723028', NULL, 'D', '2018-07-23', 10, 5200, 5200, 254800, 1),
('B20180723029', '20180723029', 'A20180723029', NULL, 'D', '2018-07-23', 10, 2750, 2750, 22275, 1),
('B20180723030', '20180723030', 'A20180723030', NULL, 'H', '2018-07-23', 10, 4000, 4000, 20000, 1),
('B20180723031', '20180723031', 'A20180723031', NULL, 'E', '2018-07-23', 10, 480, 480, 16800, 1),
('B20180723032', '20180723032', 'A20180723032', NULL, 'E', '2018-07-23', 10, 172, 172, 4472, 1),
('B20180723033', '20180723033', 'A20180723033', NULL, 'E', '2018-07-23', 10, 94, 94, 17014, 1),
('B20180723034', '20180723034', 'A20180723034', NULL, 'E', '2018-07-23', 10, 30, 30, 4800, 1),
('B20180723035', '20180723035', 'A20180723035', NULL, 'E', '2018-07-23', 10, 7, 7, 4193, 1),
('B20180723036', '20180723036', 'A20180723036', NULL, 'E', '2018-07-23', 10, 230, 230, 35650, 1),
('B20180723037', '20180723037', 'A20180723037', NULL, 'E', '2018-07-23', 10, 210, 210, 7140, 1),
('B20180723038', '20180723038', 'A20180723038', NULL, 'E', '2018-07-23', 10, 366, 366, 5124, 1),
('B20180723039', '20180723039', 'A20180723039', NULL, 'E', '2018-07-23', 10, 1975, 1975, 49375, 1),
('B20180723040', '20180723040', 'A20180723040', NULL, 'E', '2018-07-23', 0, 387, 387, 6192, 1),
('B20180723041', '20180723041', 'A20180723041', NULL, 'E', '2018-07-23', 10, 500, 500, 30000, 1),
('B20180723042', '20180723042', 'A20180723042', NULL, 'E', '2018-07-23', 10, 3000, 3000, 150000, 1),
('B20180723043', '20180723043', 'A20180723043', NULL, 'E', '2018-07-23', 10, 2000, 2000, 100000, 1),
('B20180723044', '20180723044', 'A20180723044', NULL, 'E', '2018-07-23', 10, 600, 600, 8100, 1),
('B20180723045', '20180723045', 'A20180723045', NULL, 'E', '2018-07-23', 10, 1200, 1200, 48000, 1),
('B20180723046', '20180723046', 'A20180723046', NULL, 'C', '2018-07-23', 10, 18000, 18000, 55800, 1),
('B20180723047', '20180723047', 'A20180723047', NULL, 'N', '2018-07-23', 10, 1500, 1500, 4650, 1),
('B20180723048', '20180723048', 'A20180723048', NULL, 'B', '2018-07-23', 10, 128, 128, 9600, 1),
('B20180723050', '20180723050', 'A20180723050', NULL, 'B', '2018-07-23', 1, 643, 643, 39994.6, 1),
('B20180723051', '20180723051', 'A20180723051', NULL, 'B', '2018-07-23', 1, 206, 206, 8240, 1);

-- --------------------------------------------------------

--
-- 資料表結構 `materialinwarehouse`
--

CREATE TABLE `materialinwarehouse` (
  `storedMaterialID` int(16) UNSIGNED NOT NULL,
  `material` varchar(256) NOT NULL,
  `materialEntry` varchar(256) NOT NULL,
  `supplier` int(16) UNSIGNED NOT NULL,
  `packagingID` int(16) UNSIGNED NOT NULL,
  `storedArea` varchar(8) NOT NULL,
  `storedDate` datetime NOT NULL,
  `storedPackageNumber` float UNSIGNED NOT NULL DEFAULT '0',
  `storedWeight` float UNSIGNED NOT NULL DEFAULT '0',
  `storedMoney` float UNSIGNED NOT NULL DEFAULT '0',
  `remainingPackageNumber` int(8) UNSIGNED NOT NULL DEFAULT '0'
) ENGINE=InnoDB DEFAULT CHARSET=utf8;

--
-- 資料表的匯出資料 `materialinwarehouse`
--

INSERT INTO `materialinwarehouse` (`storedMaterialID`, `material`, `materialEntry`, `supplier`, `packagingID`, `storedArea`, `storedDate`, `storedPackageNumber`, `storedWeight`, `storedMoney`, `remainingPackageNumber`) VALUES
(156, '216C', 'B20180723001', 51, 39, 'A', '2018-07-23 12:53:28', 20000, 20000, 320000, 20000),
(157, '216C', 'B20180723002', 52, 39, 'A', '2018-07-23 12:53:29', 9000, 9000, 144000, 9000),
(158, '988', 'B20180723003', 176, 122, 'A', '2018-07-23 12:53:29', 583, 583, 4081, 583),
(159, '543', 'B20180723004', 114, 81, 'B', '2018-07-23 12:53:30', 16, 16, 560, 16),
(160, '014A', 'B20180723005', 8, 7, 'B', '2018-07-23 12:53:30', 166, 166, 5976, 166),
(161, '654B', 'B20180723006', 129, 91, 'B', '2018-07-23 12:53:30', 70, 70, 595, 70),
(162, '012A', 'B20180723007', 4, 4, 'B', '2018-07-23 12:53:30', 500, 500, 5500, 500),
(163, '027', 'B20180723008', 16, 14, 'B', '2018-07-23 12:53:30', 50, 50, 8000, 50),
(164, '013A', 'B20180723009', 6, 6, 'B', '2018-07-23 12:53:30', 3000, 3000, 12000, 3000),
(165, '545', 'B20180723010', 117, 83, 'B', '2018-07-23 12:53:31', 3000, 3000, 60000, 3000),
(166, '217', 'B20180723011', 53, 40, 'B', '2018-07-23 12:53:31', 3200, 3200, 137600, 3200),
(167, '765B', 'B20180723012', 153, 105, 'B', '2018-07-23 12:53:31', 9000, 9000, 30600, 9000),
(168, '216', 'B20180723013', 49, 37, 'B', '2018-07-23 12:53:31', 9750, 9750, 43875, 9750),
(169, '012B', 'B20180723014', 5, 5, 'C', '2018-07-23 12:53:31', 475, 475, 5225, 475),
(170, '432A', 'B20180723015', 82, 61, 'C', '2018-07-23 12:53:31', 300, 300, 4200, 300),
(171, '331', 'B20180723016', 71, 54, 'C', '2018-07-23 12:53:32', 305, 305, 4270, 305),
(172, '324', 'B20180723017', 68, 52, 'C', '2018-07-23 12:53:32', 100, 100, 3200, 100),
(173, '439D', 'B20180723018', 108, 75, 'C', '2018-07-23 12:53:32', 2866, 2866, 71650, 2866),
(174, '542', 'B20180723019', 113, 80, 'C', '2018-07-23 12:53:33', 344, 344, 9632, 344),
(175, '019', 'B20180723020', 14, 12, 'C', '2018-07-23 12:53:34', 290, 290, 12760, 290),
(176, '323', 'B20180723021', 67, 51, 'C', '2018-07-23 12:53:34', 1020, 1020, 5610, 1020),
(177, '434A', 'B20180723022', 89, 65, 'C', '2018-07-23 12:53:34', 9000, 9000, 216000, 9000),
(178, '434B', 'B20180723023', 92, 66, 'C', '2018-07-23 12:53:35', 14000, 14000, 252000, 14000),
(179, '654C', 'B20180723024', 132, 92, 'C', '2018-07-23 12:53:35', 11250, 11250, 933750, 11250),
(180, '654H', 'B20180723025', 135, 93, 'C', '2018-07-23 12:53:35', 12500, 12500, 312500, 12500),
(181, '150', 'B20180723026', 36, 26, 'C', '2018-07-23 12:53:35', 2268, 2268, 122472, 2268),
(182, '435', 'B20180723027', 97, 68, 'C', '2018-07-23 12:53:35', 2000, 2000, 28000, 2000),
(183, '767B', 'B20180723028', 156, 108, 'D', '2018-07-23 12:53:36', 5200, 5200, 254800, 5200),
(184, '657', 'B20180723029', 138, 95, 'D', '2018-07-23 12:53:36', 2750, 2750, 22275, 2750),
(185, '202', 'B20180723030', 41, 30, 'H', '2018-07-23 12:53:36', 4000, 4000, 20000, 4000),
(186, '877', 'B20180723031', 171, 118, 'E', '2018-07-23 12:53:36', 480, 480, 16800, 480),
(187, '219A', 'B20180723032', 57, 43, 'E', '2018-07-23 12:53:37', 172, 172, 4472, 172),
(188, '112', 'B20180723033', 23, 18, 'E', '2018-07-23 12:53:37', 94, 94, 17014, 94),
(189, '769', 'B20180723034', 166, 114, 'E', '2018-07-23 12:53:37', 30, 30, 4800, 30),
(190, '023', 'B20180723035', 15, 13, 'E', '2018-07-23 12:53:37', 7, 7, 4193, 7),
(191, '340', 'B20180723036', 73, 56, 'E', '2018-07-23 12:53:37', 230, 230, 35650, 230),
(192, '766A', 'B20180723037', 154, 106, 'E', '2018-07-23 12:53:38', 210, 210, 7140, 210),
(193, '658', 'B20180723038', 142, 98, 'E', '2018-07-23 12:53:38', 366, 366, 5124, 366),
(194, '439C', 'B20180723039', 107, 74, 'E', '2018-07-23 12:53:38', 1975, 1975, 49375, 1975),
(195, '129', 'B20180723040', 35, 25, 'E', '2018-07-23 12:53:40', 387, 387, 6192, 387),
(196, '768', 'B20180723041', 164, 113, 'E', '2018-07-23 12:53:40', 500, 500, 30000, 500),
(197, '433C', 'B20180723042', 84, 63, 'E', '2018-07-23 12:53:40', 3000, 3000, 150000, 3000),
(198, '433D', 'B20180723043', 86, 64, 'E', '2018-07-23 12:53:41', 2000, 2000, 100000, 2000),
(199, '760B', 'B20180723044', 151, 103, 'E', '2018-07-23 12:53:42', 600, 600, 8100, 600),
(200, '439B', 'B20180723045', 106, 73, 'E', '2018-07-23 12:53:43', 1200, 1200, 48000, 1200),
(201, '765', 'B20180723046', 152, 223, 'C', '2018-07-23 13:07:23', 18000, 18000, 55800, 18000),
(202, '765', 'B20180723047', 152, 104, 'N', '2018-07-23 13:07:24', 1500, 1500, 4650, 1500),
(203, '998', 'B20180723048', 257, 226, 'B', '2018-07-23 13:17:59', 128, 128, 9600, 128),
(204, '016A', 'B20180723051', 259, 228, 'B', '2018-07-23 14:20:26', 206, 206, 8240, 206),
(206, '326', 'B20180723050', 265, 233, 'B', '2018-07-23 14:20:34', 643, 643, 39994.6, 643);

-- --------------------------------------------------------

--
-- 資料表結構 `materialoutwarehouse`
--

CREATE TABLE `materialoutwarehouse` (
  `tookOutMaterialID` int(16) UNSIGNED NOT NULL,
  `materialInWarehouseID` int(16) UNSIGNED NOT NULL,
  `materialRequisition` varchar(256) NOT NULL,
  `outWarehouseArea` varchar(8) NOT NULL,
  `outWarehouseDate` datetime NOT NULL,
  `outWarehouseDepartment` varchar(256) NOT NULL,
  `outWarehouseMember` varchar(256) NOT NULL,
  `outWarehousePackageNumber` int(8) UNSIGNED NOT NULL DEFAULT '0'
) ENGINE=InnoDB DEFAULT CHARSET=utf8;

-- --------------------------------------------------------

--
-- 資料表結構 `materialrequisition`
--

CREATE TABLE `materialrequisition` (
  `materialRequisitionID` varchar(256) NOT NULL,
  `materialInWarehouseID` int(16) UNSIGNED NOT NULL,
  `material` varchar(256) NOT NULL,
  `supplier` int(16) UNSIGNED NOT NULL,
  `packaging` int(16) UNSIGNED NOT NULL,
  `storedArea` varchar(8) NOT NULL,
  `requisitioningDate` datetime NOT NULL,
  `requisitioningDepartment` varchar(256) NOT NULL,
  `requisitioningMember` varchar(256) NOT NULL,
  `requisitionedPackageNumber` float UNSIGNED NOT NULL DEFAULT '0',
  `remark` varchar(256) DEFAULT NULL
) ENGINE=InnoDB DEFAULT CHARSET=utf8;

-- --------------------------------------------------------

--
-- 資料表結構 `materialusage`
--

CREATE TABLE `materialusage` (
  `materialUsageID` int(16) UNSIGNED NOT NULL,
  `material` varchar(256) NOT NULL,
  `usingDepartment` varchar(256) NOT NULL
) ENGINE=InnoDB DEFAULT CHARSET=utf8;

--
-- 資料表的匯出資料 `materialusage`
--

INSERT INTO `materialusage` (`materialUsageID`, `material`, `usingDepartment`) VALUES
(1, '006', '打料區'),
(2, '007', '研發部'),
(3, '011', '填充組'),
(4, '012A', '混合組'),
(5, '012B', '混合組'),
(6, '013A', '混合組'),
(7, '014A', '混合組'),
(8, '014B', '混合組'),
(9, '015A', '混合組'),
(10, '017A', '混合組'),
(11, '018', '混合組'),
(12, '019', '混合組'),
(13, '023', '塗模劑'),
(14, '027', '混合組'),
(15, '092', '塗模劑'),
(16, '092', '打料區'),
(17, '092', '品保'),
(18, '097', '樹脂區'),
(19, '111', '打料區'),
(20, '112', '塗模劑'),
(21, '113', '樹脂區'),
(22, '113A', '樹脂區'),
(23, '114', '樹脂區'),
(24, '115', '樹脂區'),
(25, '117', '樹脂區'),
(26, '128', '塗模劑'),
(27, '129', '研發部'),
(28, '150', '塗模劑'),
(29, '153A', '塗模劑'),
(30, '168', '塗模劑'),
(31, '200', '塗模劑'),
(32, '202', '塗模劑'),
(33, '202', '混合組'),
(34, '208', '研發部'),
(35, '209', '塗模劑'),
(36, '212', '塗模劑'),
(37, '213', '塗模劑'),
(38, '214', '塗模劑'),
(39, '215', '混合組'),
(40, '216', '混合組'),
(41, '216A', '混合組'),
(42, '216C', '混合組'),
(43, '217', '混合組'),
(44, '217A', '混合組'),
(45, '217A', '打料區'),
(46, '217C', '混合組'),
(47, '219A', '塗模劑'),
(48, '228A', '混合組'),
(49, '228A', '打料區'),
(50, '228B', '混合組'),
(51, '320', '塗模劑'),
(52, '321', '混合組'),
(53, '321A', '混合組'),
(54, '322A', '塗模劑'),
(55, '322B', '塗模劑'),
(56, '323', '混合組'),
(57, '324', '混合組'),
(58, '325B', '混合組'),
(59, '331', '混合組'),
(60, '332', '混合組'),
(61, '340', '混合組'),
(62, '340', '塗模劑'),
(63, '340', '填充組'),
(64, '420', '研發部'),
(65, '430', '混合組'),
(66, '431A', '混合組'),
(67, '432', '塗模劑'),
(68, '432A', '混合組'),
(69, '432B', '研發部'),
(70, '433C', '塗模劑'),
(71, '433D', '塗模劑'),
(72, '434A', '塗模劑'),
(73, '434B', '塗模劑'),
(74, '434C', '塗模劑'),
(75, '435', '塗模劑'),
(76, '435B', '填充組'),
(77, '436', '混合組'),
(78, '437A', '混合組'),
(79, '439A', '混合組'),
(80, '439A', '塗模劑'),
(81, '439B', '混合組'),
(82, '439C', '塗模劑'),
(83, '439D', '混合組'),
(84, '507', '研發部'),
(85, '508', '研發部'),
(86, '540-3', '混合組'),
(87, '540-4', '混合組'),
(88, '542', '混合組'),
(89, '543', '混合組'),
(90, '544G', '塗模劑'),
(91, '544G', '混合組'),
(92, '545', '混合組'),
(93, '546', '混合組'),
(94, '546B', '混合組'),
(95, '548', '混合組'),
(96, '551', '混合組'),
(97, '650', '混合組'),
(98, '654A', '混合組'),
(99, '654AB', '混合組'),
(100, '654B', '塗模劑'),
(101, '654C', '塗模劑'),
(102, '654H', '塗模劑'),
(103, '655', '塗模劑'),
(104, '657', '塗模劑'),
(105, '657A', '填充組'),
(106, '657B', '填充組'),
(107, '658', '塗模劑'),
(108, '659', '混合組'),
(109, '659C', '混合組'),
(110, '660', '混合組'),
(111, '760A', '塗模劑'),
(112, '760B', '塗模劑'),
(113, '765', '塗模劑'),
(114, '765', '打料區'),
(115, '765B', '混合組'),
(116, '766A', '混合組'),
(117, '767A', '塗模劑'),
(118, '767B', '塗模劑'),
(119, '767C', '塗模劑'),
(120, '767D', '樹脂區'),
(121, '767F', '樹脂區'),
(122, '767T', '混合組'),
(123, '768', '塗模劑'),
(124, '769', '塗模劑'),
(125, '871', '打料區'),
(126, '874C', '塗模劑'),
(127, '874F', '研發部'),
(128, '877', '塗模劑'),
(129, '980', '塗模劑'),
(130, '981', '混合組'),
(131, '986', '研發部'),
(132, '988', '混合組'),
(133, '988A', '打料區'),
(134, '988C', '打料區'),
(135, '990', '打料區'),
(136, '992', '塗模劑'),
(137, '994', '樹脂區'),
(138, '999A', '打料區'),
(139, '999A2', '打料區'),
(140, '999A6', '研發部'),
(141, '999M', '打料區'),
(142, '999M3', '打料區'),
(143, '999MB', '打料區'),
(144, 'A04', '填充組'),
(145, 'A05', '包裝組'),
(146, 'A06', '包裝組'),
(147, 'A10', '包裝組'),
(148, 'A11', '包裝組'),
(149, 'A19', '包裝組'),
(150, 'A45-2', '包裝組'),
(151, 'A60', '包裝組'),
(152, 'A71', '包裝組'),
(153, 'A71-1', '包裝組'),
(154, 'A72', '包裝組'),
(155, 'A72-1', '包裝組'),
(156, 'B01', '混合組'),
(157, 'B03', '混合組'),
(158, 'B04', '填充組'),
(159, 'B05', '包裝組'),
(160, 'B05C', '包裝組'),
(161, 'B05S', '包裝組'),
(162, 'B16', '包裝組'),
(163, 'B16N', '包裝組'),
(164, 'B16S', '包裝組'),
(165, 'B30S', '包裝組'),
(166, 'B35S', '包裝組'),
(167, 'B60', '包裝組'),
(168, 'F00', '塗模劑'),
(169, 'F02', '塗模劑'),
(170, 'F03', '塗模劑'),
(171, 'F04', '塗模劑'),
(172, 'F04A', '塗模劑'),
(173, 'F04A', '樹脂區'),
(174, 'F07', '塗模劑'),
(175, 'F08', '塗模劑'),
(176, 'F09', '樹脂區'),
(177, 'H01', '混合組'),
(178, 'H02', '混合組'),
(179, 'H04', '填充組'),
(180, 'H05', '包裝組'),
(181, 'H05A', '包裝組'),
(182, 'H05C', '包裝組'),
(183, 'H05D', '包裝組'),
(184, 'H06', '包裝組'),
(185, 'H10', '包裝組'),
(186, 'H16', '包裝組'),
(187, 'H18', '包裝組'),
(188, 'H23', '包裝組'),
(189, 'H25', '包裝組'),
(190, 'H28', '包裝組'),
(191, 'H35', '包裝組'),
(192, 'H45', '包裝組'),
(193, 'H71', '包裝組'),
(194, 'H72', '包裝組'),
(195, 'HT99', '包裝組'),
(196, 'O03', '填充組'),
(197, 'P01-1', '塗模劑'),
(198, 'P02', '塗模劑'),
(199, 'P04', '塗模劑'),
(200, '998', '塗模劑'),
(201, '998', '混合組'),
(202, '210Ｂ', '混合組'),
(203, '016A', '混合組'),
(204, '016A', '塗膜劑'),
(205, '026', '塗膜劑'),
(206, '982', '塗膜劑'),
(207, '224', '塗膜劑'),
(208, '987', '塗膜劑'),
(209, '326', '混合組'),
(210, '210B', '混合組'),
(211, '210B', '塗模劑');

-- --------------------------------------------------------

--
-- 資料表結構 `packaging`
--

CREATE TABLE `packaging` (
  `packagingID` int(16) UNSIGNED NOT NULL,
  `material` varchar(256) NOT NULL,
  `packaging` varchar(256) NOT NULL,
  `unitWeight` float UNSIGNED NOT NULL DEFAULT '0'
) ENGINE=InnoDB DEFAULT CHARSET=utf8;

--
-- 資料表的匯出資料 `packaging`
--

INSERT INTO `packaging` (`packagingID`, `material`, `packaging`, `unitWeight`) VALUES
(1, '006', '包', 1),
(2, '007', '包', 1),
(3, '011', '包', 1),
(4, '012A', '包', 1),
(5, '012B', '包', 1),
(6, '013A', '包', 1),
(7, '014A', '包', 1),
(8, '014B', '包', 1),
(9, '015A', '包', 1),
(10, '017A', '包', 1),
(11, '018', '包', 1),
(12, '019', '包', 1),
(13, '023', '包', 1),
(14, '027', '包', 1),
(15, '092', '包', 1),
(16, '097', '包', 1),
(17, '111', '包', 1),
(18, '112', '包', 1),
(19, '113', '包', 1),
(20, '113A', '包', 1),
(21, '114', '包', 1),
(22, '115', '包', 1),
(23, '117', '包', 1),
(24, '128', '包', 1),
(25, '129', '包', 1),
(26, '150', '包', 1),
(27, '153A', '包', 1),
(28, '168', '包', 1),
(29, '200', '包', 1),
(30, '202', '包', 1),
(31, '208', '包', 1),
(32, '209', '包', 1),
(33, '212', '包', 1),
(34, '213', '包', 1),
(35, '214', '包', 1),
(36, '215', '包', 1),
(37, '216', '包', 1),
(38, '216A', '包', 1),
(39, '216C', '包', 1),
(40, '217', '包', 1),
(41, '217A', '包', 1),
(42, '217C', '包', 1),
(43, '219A', '包', 1),
(44, '228A', '包', 1),
(45, '228B', '包', 1),
(46, '320', '包', 1),
(47, '321', '包', 1),
(48, '321A', '包', 1),
(49, '322A', '包', 1),
(50, '322B', '包', 1),
(51, '323', '包', 1),
(52, '324', '包', 1),
(53, '325B', '包', 1),
(54, '331', '包', 1),
(55, '332', '包', 1),
(56, '340', '包', 1),
(57, '420', '包', 1),
(58, '430', '包', 1),
(59, '431A', '包', 1),
(60, '432', '包', 1),
(61, '432A', '包', 1),
(62, '432B', '包', 1),
(63, '433C', '包', 1),
(64, '433D', '包', 1),
(65, '434A', '包', 1),
(66, '434B', '包', 1),
(67, '434C', '包', 1),
(68, '435', '包', 1),
(69, '435B', '包', 1),
(70, '436', '包', 1),
(71, '437A', '包', 1),
(72, '439A', '包', 1),
(73, '439B', '包', 1),
(74, '439C', '包', 1),
(75, '439D', '包', 1),
(76, '507', '包', 1),
(77, '508', '包', 1),
(78, '540-3', '包', 1),
(79, '540-4', '包', 1),
(80, '542', '包', 1),
(81, '543', '包', 1),
(82, '544G', '包', 1),
(83, '545', '包', 1),
(84, '546', '包', 1),
(85, '546B', '包', 1),
(86, '548', '包', 1),
(87, '551', '包', 1),
(88, '650', '包', 1),
(89, '654A', '包', 1),
(90, '654AB', '包', 1),
(91, '654B', '包', 1),
(92, '654C', '包', 1),
(93, '654H', '包', 1),
(94, '655', '包', 1),
(95, '657', '包', 1),
(96, '657A', '包', 1),
(97, '657B', '包', 1),
(98, '658', '包', 1),
(99, '659', '包', 1),
(100, '659C', '包', 1),
(101, '660', '包', 1),
(102, '760A', '包', 1),
(103, '760B', '包', 1),
(104, '765', '包', 1),
(105, '765B', '包', 1),
(106, '766A', '包', 1),
(107, '767A', '包', 1),
(108, '767B', '包', 1),
(109, '767C', '包', 1),
(110, '767D', '包', 1),
(111, '767F', '包', 1),
(112, '767T', '包', 1),
(113, '768', '包', 1),
(114, '769', '包', 1),
(115, '871', '包', 1),
(116, '874C', '包', 1),
(117, '874F', '包', 1),
(118, '877', '包', 1),
(119, '980', '包', 1),
(120, '981', '包', 1),
(121, '986', '包', 1),
(122, '988', '包', 1),
(123, '988A', '包', 1),
(124, '988C', '包', 1),
(125, '990', '包', 1),
(126, '992', '包', 1),
(127, '994', '包', 1),
(128, '999A', '包', 1),
(129, '999A2', '包', 1),
(130, '999A6', '包', 1),
(131, '999M', '包', 1),
(132, '999M3', '包', 1),
(133, '999MB', '包', 1),
(134, 'A04', '個', 1),
(135, 'A05', '個', 1),
(136, 'A06', '個', 1),
(137, 'A10', '個', 1),
(138, 'A11', '個', 1),
(139, 'A19', '個', 1),
(140, 'A45-2', '個', 1),
(141, 'A60', '個', 1),
(142, 'A71', '個', 1),
(143, 'A71-1', '個', 1),
(144, 'A72', '個', 1),
(145, 'A72-1', '個', 1),
(146, 'B01', '個', 1),
(147, 'B03', '個', 1),
(148, 'B04', '個', 1),
(149, 'B05', '個', 1),
(150, 'B05C', '個', 1),
(151, 'B05S', '個', 1),
(152, 'B16', '個', 1),
(153, 'B16N', '個', 1),
(154, 'B16S', '個', 1),
(155, 'B30S', '個', 1),
(156, 'B35S', '個', 1),
(157, 'B60', '個', 1),
(158, 'F00', '個', 1),
(159, 'F02', '個', 1),
(160, 'F03', '個', 1),
(161, 'F04', '個', 1),
(162, 'F04A', '個', 1),
(163, 'F07', '個', 1),
(164, 'F08', '個', 1),
(165, 'F09', '個', 1),
(166, 'H01', '個', 1),
(167, 'H02', '個', 1),
(168, 'H04', '個', 1),
(169, 'H05', '個', 1),
(170, 'H05A', '個', 1),
(171, 'H05C', '個', 1),
(172, 'H05D', '個', 1),
(173, 'H06', '個', 1),
(174, 'H10', '個', 1),
(175, 'H16', '個', 1),
(176, 'H18', '個', 1),
(177, 'H23', '個', 1),
(178, 'H25', '個', 1),
(179, 'H28', '個', 1),
(180, 'H35', '個', 1),
(181, 'H45', '個', 1),
(182, 'H71', '個', 1),
(183, 'H72', '個', 1),
(184, 'HT99', '個', 1),
(185, 'O03', '個', 1),
(186, 'P01-1', '個', 1),
(187, 'P02', '個', 1),
(188, 'P04', '個', 1),
(223, '765', '噸袋', 1),
(226, '998', '包', 1),
(227, '210Ｂ', '包', 1),
(228, '016A', '包', 1),
(229, '026', '包', 1),
(230, '982', '包', 1),
(231, '224', '包', 1),
(232, '987', '包', 1),
(233, '326', '桶', 1),
(234, '210B', '包', 1);

-- --------------------------------------------------------

--
-- 資料表結構 `purchaseorder`
--

CREATE TABLE `purchaseorder` (
  `purchaseOrderID` varchar(256) NOT NULL,
  `material` varchar(256) NOT NULL,
  `supplier` int(16) UNSIGNED NOT NULL,
  `packaging` int(16) UNSIGNED NOT NULL,
  `purchaseCondition` varchar(256) NOT NULL,
  `issueDate` datetime NOT NULL,
  `purchasedPackageNumber` float UNSIGNED NOT NULL DEFAULT '0',
  `notEnteredPackageNumber` float UNSIGNED NOT NULL DEFAULT '0'
) ENGINE=InnoDB DEFAULT CHARSET=utf8;

--
-- 資料表的匯出資料 `purchaseorder`
--

INSERT INTO `purchaseorder` (`purchaseOrderID`, `material`, `supplier`, `packaging`, `purchaseCondition`, `issueDate`, `purchasedPackageNumber`, `notEnteredPackageNumber`) VALUES
('A20180723001', '216C', 51, 39, '一般', '2018-07-23 12:28:46', 20000, 0),
('A20180723002', '216C', 52, 39, '一般', '2018-07-23 12:29:37', 9000, 0),
('A20180723003', '988', 176, 122, '一般', '2018-07-23 12:30:00', 583, 0),
('A20180723004', '543', 114, 81, '一般', '2018-07-23 12:30:47', 16, 0),
('A20180723005', '014A', 8, 7, '一般', '2018-07-23 12:31:16', 166, 0),
('A20180723006', '654B', 129, 91, '一般', '2018-07-23 12:31:33', 70, 0),
('A20180723007', '012A', 4, 4, '一般', '2018-07-23 12:31:56', 500, 0),
('A20180723008', '027', 16, 14, '一般', '2018-07-23 12:32:16', 50, 0),
('A20180723009', '013A', 6, 6, '一般', '2018-07-23 12:32:30', 3000, 0),
('A20180723010', '545', 117, 83, '一般', '2018-07-23 12:32:49', 3000, 0),
('A20180723011', '217', 53, 40, '一般', '2018-07-23 12:33:09', 3200, 0),
('A20180723012', '765B', 153, 105, '一般', '2018-07-23 12:33:30', 9000, 0),
('A20180723013', '216', 49, 37, '一般', '2018-07-23 12:33:47', 9750, 0),
('A20180723014', '012B', 5, 5, '一般', '2018-07-23 12:34:07', 475, 0),
('A20180723015', '432A', 82, 61, '一般', '2018-07-23 12:34:34', 300, 0),
('A20180723016', '331', 71, 54, '一般', '2018-07-23 12:34:52', 305, 0),
('A20180723017', '324', 68, 52, '一般', '2018-07-23 12:35:06', 100, 0),
('A20180723018', '439D', 108, 75, '一般', '2018-07-23 12:35:26', 2866, 0),
('A20180723019', '542', 113, 80, '一般', '2018-07-23 12:35:43', 344, 0),
('A20180723020', '019', 14, 12, '一般', '2018-07-23 12:35:58', 290, 0),
('A20180723021', '323', 67, 51, '一般', '2018-07-23 12:36:13', 1020, 0),
('A20180723022', '434A', 89, 65, '一般', '2018-07-23 12:37:06', 9000, 0),
('A20180723023', '434B', 92, 66, '一般', '2018-07-23 12:37:23', 14000, 0),
('A20180723024', '654C', 132, 92, '一般', '2018-07-23 12:37:44', 11250, 0),
('A20180723025', '654H', 135, 93, '一般', '2018-07-23 12:37:58', 12500, 0),
('A20180723026', '150', 36, 26, '一般', '2018-07-23 12:38:18', 2268, 0),
('A20180723027', '435', 97, 68, '一般', '2018-07-23 12:38:33', 2000, 0),
('A20180723028', '767B', 156, 108, '一般', '2018-07-23 12:38:53', 5200, 0),
('A20180723029', '657', 138, 95, '一般', '2018-07-23 12:39:10', 2750, 0),
('A20180723030', '202', 41, 30, '一般', '2018-07-23 12:39:25', 4000, 0),
('A20180723031', '877', 171, 118, '一般', '2018-07-23 12:39:46', 480, 0),
('A20180723032', '219A', 57, 43, '一般', '2018-07-23 12:40:01', 172, 0),
('A20180723033', '112', 23, 18, '一般', '2018-07-23 12:40:26', 94, 0),
('A20180723034', '769', 166, 114, '一般', '2018-07-23 12:40:38', 30, 0),
('A20180723035', '023', 15, 13, '一般', '2018-07-23 12:41:01', 7, 0),
('A20180723036', '340', 73, 56, '一般', '2018-07-23 12:41:35', 230, 0),
('A20180723037', '766A', 154, 106, '一般', '2018-07-23 12:41:53', 210, 0),
('A20180723038', '658', 142, 98, '一般', '2018-07-23 12:42:13', 366, 0),
('A20180723039', '439C', 107, 74, '一般', '2018-07-23 12:42:31', 1975, 0),
('A20180723040', '129', 35, 25, '一般', '2018-07-23 12:42:46', 387, 0),
('A20180723041', '768', 164, 113, '一般', '2018-07-23 12:43:06', 500, 0),
('A20180723042', '433C', 84, 63, '一般', '2018-07-23 12:43:23', 3000, 0),
('A20180723043', '433D', 86, 64, '一般', '2018-07-23 12:43:39', 2000, 0),
('A20180723044', '760B', 151, 103, '一般', '2018-07-23 12:43:55', 600, 0),
('A20180723045', '439B', 106, 73, '一般', '2018-07-23 12:44:14', 1200, 0),
('A20180723046', '765', 152, 223, '一般', '2018-07-23 13:05:31', 18000, 0),
('A20180723047', '765', 152, 104, '一般', '2018-07-23 13:05:53', 1500, 0),
('A20180723048', '998', 257, 226, '一般', '2018-07-23 13:17:36', 128, 0),
('A20180723050', '326', 265, 233, '一般', '2018-07-23 14:03:01', 643, 0),
('A20180723051', '016A', 259, 228, '一般', '2018-07-23 14:06:39', 206, 0);

-- --------------------------------------------------------

--
-- 資料表結構 `requisitiondepartment`
--

CREATE TABLE `requisitiondepartment` (
  `requisitionDepartmentID` int(16) UNSIGNED NOT NULL,
  `requisitionDepartment` varchar(256) DEFAULT NULL,
  `requisitionMember` varchar(256) DEFAULT NULL
) ENGINE=InnoDB DEFAULT CHARSET=utf8;

--
-- 資料表的匯出資料 `requisitiondepartment`
--

INSERT INTO `requisitiondepartment` (`requisitionDepartmentID`, `requisitionDepartment`, `requisitionMember`) VALUES
(1, '混合區', '林坤昇'),
(2, '混合區', '張建烽'),
(3, '混合區', '林坤榮'),
(4, '混合區', '其他'),
(5, '打料一區', '林坤昇'),
(6, '打料一區', '胡展誌'),
(7, '打料一區', '巴倫'),
(8, '打料一區', '阿諾'),
(9, '打料一區', '其他'),
(10, '打料二區', '阿諾'),
(11, '打料二區', '巴倫'),
(12, '打料二區', '林坤昇'),
(13, '打料二區', '胡展誌'),
(14, '打料二區', '其他'),
(15, '樹脂區', '張建烽'),
(16, '樹脂區', '涂仕森'),
(17, '樹脂區', '林景濤'),
(18, '樹脂區', '其他'),
(19, '塗模劑區', '林景濤'),
(20, '塗模劑區', '涂仕森'),
(21, '塗模劑區', '張建烽'),
(22, '塗模劑區', '其他'),
(23, '品保', '黃雅婷'),
(24, '品保', '其他'),
(25, '設計', '其他'),
(26, '研發', '其他');

-- --------------------------------------------------------

--
-- 資料表結構 `supplier`
--

CREATE TABLE `supplier` (
  `supplierID` int(16) UNSIGNED NOT NULL,
  `supplierName` varchar(256) NOT NULL,
  `material` varchar(256) NOT NULL,
  `unitPrice` float UNSIGNED NOT NULL DEFAULT '0'
) ENGINE=InnoDB DEFAULT CHARSET=utf8;

--
-- 資料表的匯出資料 `supplier`
--

INSERT INTO `supplier` (`supplierID`, `supplierName`, `material`, `unitPrice`) VALUES
(1, '協明', '006', 14),
(2, '協明', '007', 32),
(3, '高矽', '011', 7),
(4, '協明', '012A', 11),
(5, '協明', '012B', 11),
(6, '建鹽', '013A', 4),
(7, '冠佳', '013A', 4),
(8, '新生', '014A', 36),
(9, '新生', '014B', 11.5),
(10, '協明', '015A', 5.5),
(11, '今冠', '015A', 5.5),
(12, '協明', '017A', 45),
(13, '培林', '018', 4.3),
(14, '協明', '019', 44),
(15, '淳政', '023', 599),
(16, '淳政', '027', 160),
(17, '協明', '092', 36),
(18, '今冠', '092', 36),
(19, '協明', '097', 18),
(20, '永弘沅', '111', 15),
(21, '裕民', '111', 15),
(22, '皇鏵', '111', 15),
(23, '勝日', '112', 181),
(24, '佳欣', '113', 16),
(25, '欣和', '113', 16),
(26, '佳欣', '113A', 16),
(27, '欣和', '113A', 16),
(28, '淳政', '114', 210),
(29, '青島愛森', '114', 210),
(30, '安徽矽寶', '114', 210),
(31, '新生', '115', 11.5),
(32, '協明', '117', 25),
(33, '今冠', '117', 25),
(34, '太倉', '128', 50),
(35, '培林', '129', 16),
(36, '台亨', '150', 54),
(37, '亞而', '150', 54),
(38, '洛陽強業', '153A', 132),
(39, '培林', '168', 350),
(40, '鴻益', '200', 88),
(41, '大佳順', '202', 5),
(42, '見得行', '202', 5),
(43, '協明', '208', 75),
(44, '協明', '209', 80),
(45, '協明', '212', 58),
(46, '健城', '213', 70.5),
(47, '興龍銓', '214', 25),
(48, '弘竹', '215', 4),
(49, '弘竹', '216', 4.5),
(50, '太倉', '216A', 15.5),
(51, '弘竹', '216C', 16),
(52, '隆傑', '216C', 16),
(53, '弘竹', '217', 43),
(54, '鮮豐', '217', 43),
(55, '弘友', '217A', 110),
(56, '弘友', '217C', 100),
(57, '興龍銓', '219A', 26),
(58, 'G.A.', '228A', 38),
(59, '玉禮', '228A', 38),
(60, '新蘭諾', '228A', 38),
(61, '新蘭諾', '228B', 32),
(62, '興龍銓', '320', 54),
(63, '見得行', '321', 40),
(64, '厚健', '321A', 42),
(65, '興龍銓', '322A', 50),
(66, '興龍銓', '322B', 53),
(67, '品興', '323', 5.5),
(68, '磊盈', '324', 32),
(69, '日耀', '325B', 13.5),
(70, '裕民', '325B', 13.5),
(71, '見得行', '331', 14),
(72, '潤優', '332', 13.5),
(73, '勤和', '340', 155),
(74, '興龍銓', '420', 80),
(75, '皇霖', '430', 13.4),
(76, '皇裕', '430', 13.4),
(77, '瀚升', '430', 13.4),
(78, '凱瑞', '430', 13.4),
(79, '啟琳', '430', 13.4),
(80, '培林', '431A', 9),
(81, '忠正', '432', 14),
(82, '金宏', '432A', 14),
(83, '太倉', '432B', 24),
(84, '東佑', '433C', 50),
(85, '晉榮', '433C', 50),
(86, '東佑', '433D', 50),
(87, '晉榮', '433D', 50),
(88, '海達', '434A', 24),
(89, '金宏', '434A', 24),
(90, '見得行', '434A', 24),
(91, '海達', '434B', 18),
(92, '金宏', '434B', 18),
(93, '見得行', '434B', 18),
(94, 'G.A.', '434C', 50),
(95, '青島南墅', '434C', 50),
(96, '青島興和', '434C', 50),
(97, '南方石墨', '435', 14),
(98, '潤優', '435', 14),
(99, '青島泛化', '435', 14),
(100, '晟邦', '435', 14),
(101, '潤優', '435B', 9),
(102, '見得行', '435B', 9),
(103, '見得行', '436', 42),
(104, '三福', '437A', 30),
(105, '穗曄', '439A', 16),
(106, '台灣聚酫', '439B', 40),
(107, '宏邦', '439C', 25),
(108, '宏邦', '439D', 25),
(109, '泓垣霖', '507', 49),
(110, '惠民', '508', 100),
(111, '志純', '540-3', 2.4),
(112, '凰瑋', '540-4', 2.15),
(113, '培林', '542', 28),
(114, '協明', '543', 35),
(115, '培林', '544G', 50),
(116, '鉅倞', '544G', 50),
(117, '協明', '545', 20),
(118, '金益', '545', 20),
(119, '裕民', '545', 20),
(120, '雲南', '546', 32),
(121, '協明', '546B', 33),
(122, '金益', '546B', 33),
(123, '湖南青沖', '548', 27),
(124, '磊盈', '548', 27),
(125, '雲南氟業', '551', 25),
(126, '協明', '650', 22),
(127, '培林', '654A', 42),
(128, '培林', '654AB', 40),
(129, '金宏', '654B', 8.5),
(130, '玉禮', '654B', 8.5),
(131, '卓越', '654B', 8.5),
(132, '金宏', '654C', 83),
(133, '卓越', '654C', 83),
(134, '玉禮', '654C', 83),
(135, '金宏', '654H', 25),
(136, '峰達', '654H', 25),
(137, '興龍銓', '655', 195),
(138, '培林', '657', 8.1),
(139, '磊盈', '657A', 11),
(140, '培林', '657A', 11),
(141, '培林', '657B', 8.1),
(142, '聖騰', '658', 14),
(143, '珪昌', '659', 49),
(144, '永駿興', '659', 49),
(145, '仁豐行', '659C', 37),
(146, '太倉', '660', 75),
(147, '開化方元', '660', 75),
(148, '忠正', '760A', 35),
(149, '弘友', '760A', 35),
(150, '見得行', '760A', 35),
(151, '寬易', '760B', 13.5),
(152, '金晶', '765', 3.1),
(153, '金晶', '765B', 3.4),
(154, '仁豐', '766A', 34),
(155, '惠民', '767A', 650),
(156, '聖泉', '767B', 49),
(157, '艾門諦', '767B', 49),
(158, '金隆', '767C', 60),
(159, '佳欣', '767D', 50),
(160, '佳欣', '767F', 50),
(161, '台菱', '767F', 50),
(162, '欣和', '767T', 54),
(163, '艾門諦', '767T', 54),
(164, '台灣聚酫', '768', 60),
(165, '冠佳', '768', 60),
(166, '合記', '769', 160),
(167, '合富行 ', '871', 32),
(168, '佳欣', '871', 32),
(169, '銘陽', '874C', 375),
(170, '太倉', '874F', 460),
(171, '興龍銓', '877', 35),
(172, '培林', '980', 32),
(173, '宏軒', '981', 9),
(174, '見得行', '981', 9),
(175, '太倉', '986', 205),
(176, '太盟', '988', 7),
(177, '太盟', '988A', 13),
(178, '協新', '988A', 13),
(179, '太倉', '988A', 13),
(180, '巨暉', '988A', 13),
(181, '太盟', '988C', 13),
(182, '建鴻', '990', 33),
(183, '全金仰', '992', 90),
(184, '一諾', '994', 87),
(185, '宏業', '994', 87),
(186, '青島泛化', '994', 87),
(187, '大連駿鵬', '994', 87),
(188, '金焰', '999A', 28),
(189, '汎遠', '999A', 28),
(190, '汎遠', '999A2', 38),
(191, '碩揚', '999A6', 100),
(192, '汎遠', '999M', 40),
(193, '汎遠', '999M3', 38),
(194, '魯陽', '999MB', 28.5),
(195, '達員', 'A04', 2.2),
(196, '達員', 'A05', 4.6),
(197, '達員', 'A06', 3.4),
(198, '達員', 'A10', 6.4),
(199, '達員', 'A11', 12),
(200, '達員', 'A19', 4.7),
(201, '達員', 'A45-2', 11.8),
(202, '達員', 'A60', 5),
(203, '達員', 'A71', 14.3),
(204, '達員', 'A71-1', 5.5),
(205, '達員', 'A72', 19.5),
(206, '達員', 'A72-1', 8),
(207, '達員', 'B01', 23.8),
(208, '達員', 'B03', 17.5),
(209, '達員', 'B04', 16.6),
(210, '達員', 'B05', 22.1),
(211, '達員', 'B05C', 15),
(212, '達員', 'B05S', 11.7),
(213, '達員', 'B16', 11),
(214, '達員', 'B16N', 17.5),
(215, '達員', 'B16S', 10),
(216, '達員', 'B30S', 9.8),
(217, '達員', 'B35S', 10.3),
(218, '達員', 'B60', 6.3),
(219, '協振', 'F00', 110),
(220, '協振', 'F02', 65),
(221, '協振', 'F03', 26),
(222, '朝和', 'F04', 500),
(223, '宏欣', 'F04', 500),
(224, '新安行', 'F04', 500),
(225, '朝和', 'F04A', 400),
(226, '宏欣', 'F04A', 400),
(227, '新安行', 'F04A', 400),
(228, '興龍銓', 'F07', 350),
(229, '協振', 'F08', 115),
(230, '朝和', 'F09', 2600),
(231, '宏欣', 'F09', 2600),
(232, '達員', 'H01', 24),
(233, '達員', 'H02', 18),
(234, '達員', 'H04', 17),
(235, '達員', 'H05', 20),
(236, '群穎', 'H05A', 24),
(237, '達員', 'H05C', 15),
(238, '達員', 'H05D', 14),
(239, '達員', 'H06', 13),
(240, '群穎', 'H10', 21),
(241, '達員', 'H10', 21),
(242, '達員', 'H16', 9.5),
(243, '群穎', 'H18', 20),
(244, '達員', 'H23', 14),
(245, '達員', 'H25', 12),
(246, '達員', 'H28', 13),
(247, '達員', 'H35', 11),
(248, '達員', 'H45', 11),
(249, '達員', 'H71', 29),
(250, '達員', 'H72', 35),
(251, '達員', 'HT99', 600),
(252, '惟中', 'O03', 1.8),
(253, '良器', 'P01-1', 20),
(254, '良器', 'P02', 80),
(255, '奕大', 'P02', 80),
(256, '良器', 'P04', 24),
(257, '太倉', '998', 75),
(258, '義發', '210Ｂ', 5.25),
(259, '協明', '016A', 40),
(260, '協明', '026', 55),
(261, '金冠', '982', 75),
(262, '健鴻', '224', 95),
(263, '全金興', '987', 420),
(264, '643', '326', 62.2),
(265, '太倉', '326', 62.2),
(266, '義發', '210Ｂ', 5.25),
(267, '義發', '210B', 5.25);

-- --------------------------------------------------------

--
-- 資料表結構 `user`
--

CREATE TABLE `user` (
  `userID` varchar(256) NOT NULL,
  `userName` varchar(256) NOT NULL,
  `password` varchar(256) NOT NULL,
  `authority` char(8) NOT NULL
) ENGINE=InnoDB DEFAULT CHARSET=utf8;

--
-- 資料表的匯出資料 `user`
--

INSERT INTO `user` (`userID`, `userName`, `password`, `authority`) VALUES
('admin', 'System Administrator', '$2y$10$VIBa5Ziq56jFt5HjI83EKOzG7618HQ9vVp7N3cSB.HJiNMvcCs2ay', 'admin');

--
-- 已匯出資料表的索引
--

--
-- 資料表索引 `finishedgood`
--
ALTER TABLE `finishedgood`
  ADD PRIMARY KEY (`finishedGoodID`);

--
-- 資料表索引 `finishedgoodentry`
--
ALTER TABLE `finishedgoodentry`
  ADD PRIMARY KEY (`finishedGoodEntryID`),
  ADD KEY `entryFinishedGood` (`product`),
  ADD KEY `finishedGoodEntryPackagingID` (`packaging`);

--
-- 資料表索引 `finishedgoodinwarehouse`
--
ALTER TABLE `finishedgoodinwarehouse`
  ADD PRIMARY KEY (`storedFinishedGoodID`),
  ADD KEY `storedFinishedGoodID` (`product`),
  ADD KEY `storedFinishedGoodPackagingID` (`packagingID`);

--
-- 資料表索引 `finishedgoodoutwarehouse`
--
ALTER TABLE `finishedgoodoutwarehouse`
  ADD PRIMARY KEY (`takenOutFinishedGoodID`),
  ADD KEY `outFinishedGoodRequisitionID` (`finishedGoodRequisition`),
  ADD KEY `outFinishedGoodInWarehouseID` (`inWarehouseID`);

--
-- 資料表索引 `finishedgoodpackaging`
--
ALTER TABLE `finishedgoodpackaging`
  ADD PRIMARY KEY (`finishedGoodPackagingID`),
  ADD KEY `finishedGoodPackagingProductID` (`product`);

--
-- 資料表索引 `finishedgoodrequisition`
--
ALTER TABLE `finishedgoodrequisition`
  ADD PRIMARY KEY (`finishedGoodRequisitionID`),
  ADD KEY `requisitionProduct` (`product`),
  ADD KEY `requisitionPackaging` (`packagingID`),
  ADD KEY `requisitionProductInWarehouse` (`productInWarehouseID`);

--
-- 資料表索引 `material`
--
ALTER TABLE `material`
  ADD PRIMARY KEY (`materialID`);

--
-- 資料表索引 `materialentry`
--
ALTER TABLE `materialentry`
  ADD PRIMARY KEY (`materialEntryID`),
  ADD KEY `entryPurchaseOrder` (`purchaseOrder`);

--
-- 資料表索引 `materialinwarehouse`
--
ALTER TABLE `materialinwarehouse`
  ADD PRIMARY KEY (`storedMaterialID`),
  ADD KEY `storedMaterialID` (`material`),
  ADD KEY `storedMaterialPackagingID` (`packagingID`),
  ADD KEY `storedMaterialEntryID` (`materialEntry`),
  ADD KEY `storedSupplierID` (`supplier`);

--
-- 資料表索引 `materialoutwarehouse`
--
ALTER TABLE `materialoutwarehouse`
  ADD PRIMARY KEY (`tookOutMaterialID`),
  ADD KEY `outWarehouseMaterialRequisitionID` (`materialRequisition`),
  ADD KEY `outWarehouseMaterialInWarehouseID` (`materialInWarehouseID`);

--
-- 資料表索引 `materialrequisition`
--
ALTER TABLE `materialrequisition`
  ADD PRIMARY KEY (`materialRequisitionID`),
  ADD KEY `requisitionMaterial` (`material`),
  ADD KEY `requisitionSupplierID` (`supplier`),
  ADD KEY `requisitionPackagingID` (`packaging`),
  ADD KEY `requisitionMaterialInWarehouseId` (`materialInWarehouseID`);

--
-- 資料表索引 `materialusage`
--
ALTER TABLE `materialusage`
  ADD PRIMARY KEY (`materialUsageID`),
  ADD KEY `materialUsageMaterialID` (`material`);

--
-- 資料表索引 `packaging`
--
ALTER TABLE `packaging`
  ADD PRIMARY KEY (`packagingID`),
  ADD KEY `packagingMaterialID` (`material`);

--
-- 資料表索引 `purchaseorder`
--
ALTER TABLE `purchaseorder`
  ADD PRIMARY KEY (`purchaseOrderID`),
  ADD KEY `purchaseOrderMaterialID` (`material`),
  ADD KEY `purchaseOrderSupplierID` (`supplier`),
  ADD KEY `purchaseOrderPackagingID` (`packaging`);

--
-- 資料表索引 `requisitiondepartment`
--
ALTER TABLE `requisitiondepartment`
  ADD PRIMARY KEY (`requisitionDepartmentID`);

--
-- 資料表索引 `supplier`
--
ALTER TABLE `supplier`
  ADD PRIMARY KEY (`supplierID`),
  ADD KEY `supplierMaterial` (`material`);

--
-- 資料表索引 `user`
--
ALTER TABLE `user`
  ADD PRIMARY KEY (`userID`);

--
-- 在匯出的資料表使用 AUTO_INCREMENT
--

--
-- 使用資料表 AUTO_INCREMENT `finishedgoodinwarehouse`
--
ALTER TABLE `finishedgoodinwarehouse`
  MODIFY `storedFinishedGoodID` int(16) UNSIGNED NOT NULL AUTO_INCREMENT;
--
-- 使用資料表 AUTO_INCREMENT `finishedgoodoutwarehouse`
--
ALTER TABLE `finishedgoodoutwarehouse`
  MODIFY `takenOutFinishedGoodID` int(16) UNSIGNED NOT NULL AUTO_INCREMENT;
--
-- 使用資料表 AUTO_INCREMENT `finishedgoodpackaging`
--
ALTER TABLE `finishedgoodpackaging`
  MODIFY `finishedGoodPackagingID` int(16) UNSIGNED NOT NULL AUTO_INCREMENT, AUTO_INCREMENT=233;
--
-- 使用資料表 AUTO_INCREMENT `materialinwarehouse`
--
ALTER TABLE `materialinwarehouse`
  MODIFY `storedMaterialID` int(16) UNSIGNED NOT NULL AUTO_INCREMENT, AUTO_INCREMENT=207;
--
-- 使用資料表 AUTO_INCREMENT `materialoutwarehouse`
--
ALTER TABLE `materialoutwarehouse`
  MODIFY `tookOutMaterialID` int(16) UNSIGNED NOT NULL AUTO_INCREMENT;
--
-- 使用資料表 AUTO_INCREMENT `materialusage`
--
ALTER TABLE `materialusage`
  MODIFY `materialUsageID` int(16) UNSIGNED NOT NULL AUTO_INCREMENT, AUTO_INCREMENT=212;
--
-- 使用資料表 AUTO_INCREMENT `packaging`
--
ALTER TABLE `packaging`
  MODIFY `packagingID` int(16) UNSIGNED NOT NULL AUTO_INCREMENT, AUTO_INCREMENT=235;
--
-- 使用資料表 AUTO_INCREMENT `requisitiondepartment`
--
ALTER TABLE `requisitiondepartment`
  MODIFY `requisitionDepartmentID` int(16) UNSIGNED NOT NULL AUTO_INCREMENT, AUTO_INCREMENT=27;
--
-- 使用資料表 AUTO_INCREMENT `supplier`
--
ALTER TABLE `supplier`
  MODIFY `supplierID` int(16) UNSIGNED NOT NULL AUTO_INCREMENT, AUTO_INCREMENT=268;
--
-- 已匯出資料表的限制(Constraint)
--

--
-- 資料表的 Constraints `finishedgoodentry`
--
ALTER TABLE `finishedgoodentry`
  ADD CONSTRAINT `finishedGoodEntryPackagingID` FOREIGN KEY (`packaging`) REFERENCES `finishedgoodpackaging` (`finishedGoodPackagingID`),
  ADD CONSTRAINT `finishedGoodEntryProductID` FOREIGN KEY (`product`) REFERENCES `finishedgood` (`finishedGoodID`);

--
-- 資料表的 Constraints `finishedgoodinwarehouse`
--
ALTER TABLE `finishedgoodinwarehouse`
  ADD CONSTRAINT `storedFinishedGoodID` FOREIGN KEY (`product`) REFERENCES `finishedgood` (`finishedGoodID`),
  ADD CONSTRAINT `storedFinishedGoodPackagingID` FOREIGN KEY (`packagingID`) REFERENCES `finishedgoodpackaging` (`finishedGoodPackagingID`);

--
-- 資料表的 Constraints `finishedgoodoutwarehouse`
--
ALTER TABLE `finishedgoodoutwarehouse`
  ADD CONSTRAINT `outFinishedGoodInWarehouseID` FOREIGN KEY (`inWarehouseID`) REFERENCES `finishedgoodinwarehouse` (`storedFinishedGoodID`),
  ADD CONSTRAINT `outFinishedGoodRequisitionID` FOREIGN KEY (`finishedGoodRequisition`) REFERENCES `finishedgoodrequisition` (`finishedGoodRequisitionID`);

--
-- 資料表的 Constraints `finishedgoodpackaging`
--
ALTER TABLE `finishedgoodpackaging`
  ADD CONSTRAINT `finishedGoodPackagingProductID` FOREIGN KEY (`product`) REFERENCES `finishedgood` (`finishedGoodID`);

--
-- 資料表的 Constraints `finishedgoodrequisition`
--
ALTER TABLE `finishedgoodrequisition`
  ADD CONSTRAINT `requisitionPackaging` FOREIGN KEY (`packagingID`) REFERENCES `finishedgoodpackaging` (`finishedGoodPackagingID`),
  ADD CONSTRAINT `requisitionProduct` FOREIGN KEY (`product`) REFERENCES `finishedgood` (`finishedGoodID`),
  ADD CONSTRAINT `requisitionProductInWarehouse` FOREIGN KEY (`productInWarehouseID`) REFERENCES `finishedgoodinwarehouse` (`storedFinishedGoodID`);

--
-- 資料表的 Constraints `materialentry`
--
ALTER TABLE `materialentry`
  ADD CONSTRAINT `entryPurchaseOrder` FOREIGN KEY (`purchaseOrder`) REFERENCES `purchaseorder` (`purchaseOrderID`);

--
-- 資料表的 Constraints `materialinwarehouse`
--
ALTER TABLE `materialinwarehouse`
  ADD CONSTRAINT `storedMaterialEntryID` FOREIGN KEY (`materialEntry`) REFERENCES `materialentry` (`materialEntryID`),
  ADD CONSTRAINT `storedMaterialID` FOREIGN KEY (`material`) REFERENCES `material` (`materialID`),
  ADD CONSTRAINT `storedMaterialPackagingID` FOREIGN KEY (`packagingID`) REFERENCES `packaging` (`packagingID`),
  ADD CONSTRAINT `storedSupplierID` FOREIGN KEY (`supplier`) REFERENCES `supplier` (`supplierID`);

--
-- 資料表的 Constraints `materialoutwarehouse`
--
ALTER TABLE `materialoutwarehouse`
  ADD CONSTRAINT `outWarehouseMaterialInWarehouseID` FOREIGN KEY (`materialInWarehouseID`) REFERENCES `materialinwarehouse` (`storedMaterialID`),
  ADD CONSTRAINT `outWarehouseMaterialRequisitionID` FOREIGN KEY (`materialRequisition`) REFERENCES `materialrequisition` (`materialRequisitionID`);

--
-- 資料表的 Constraints `materialrequisition`
--
ALTER TABLE `materialrequisition`
  ADD CONSTRAINT `requisitionMaterial` FOREIGN KEY (`material`) REFERENCES `material` (`materialID`),
  ADD CONSTRAINT `requisitionMaterialInWarehouseId` FOREIGN KEY (`materialInWarehouseID`) REFERENCES `materialinwarehouse` (`storedMaterialID`),
  ADD CONSTRAINT `requisitionPackagingID` FOREIGN KEY (`packaging`) REFERENCES `packaging` (`packagingID`),
  ADD CONSTRAINT `requisitionSupplierID` FOREIGN KEY (`supplier`) REFERENCES `supplier` (`supplierID`);

--
-- 資料表的 Constraints `materialusage`
--
ALTER TABLE `materialusage`
  ADD CONSTRAINT `materialUsageMaterialID` FOREIGN KEY (`material`) REFERENCES `material` (`materialID`);

--
-- 資料表的 Constraints `packaging`
--
ALTER TABLE `packaging`
  ADD CONSTRAINT `packagingMaterialID` FOREIGN KEY (`material`) REFERENCES `material` (`materialID`);

--
-- 資料表的 Constraints `purchaseorder`
--
ALTER TABLE `purchaseorder`
  ADD CONSTRAINT `purchaseOrderMaterialID` FOREIGN KEY (`material`) REFERENCES `material` (`materialID`),
  ADD CONSTRAINT `purchaseOrderPackagingID` FOREIGN KEY (`packaging`) REFERENCES `packaging` (`packagingID`),
  ADD CONSTRAINT `purchaseOrderSupplierID` FOREIGN KEY (`supplier`) REFERENCES `supplier` (`supplierID`);

/*!40101 SET CHARACTER_SET_CLIENT=@OLD_CHARACTER_SET_CLIENT */;
/*!40101 SET CHARACTER_SET_RESULTS=@OLD_CHARACTER_SET_RESULTS */;
/*!40101 SET COLLATION_CONNECTION=@OLD_COLLATION_CONNECTION */;
