-- --------------------------------------------------------
-- 主機:                           localhost
-- 伺服器版本:                        10.2.14-MariaDB-log - mariadb.org binary distribution
-- 伺服器操作系統:                      Win64
-- HeidiSQL 版本:                  9.5.0.5196
-- --------------------------------------------------------

/*!40101 SET @OLD_CHARACTER_SET_CLIENT=@@CHARACTER_SET_CLIENT */;
/*!40101 SET NAMES utf8 */;
/*!50503 SET NAMES utf8mb4 */;
/*!40014 SET @OLD_FOREIGN_KEY_CHECKS=@@FOREIGN_KEY_CHECKS, FOREIGN_KEY_CHECKS=0 */;
/*!40101 SET @OLD_SQL_MODE=@@SQL_MODE, SQL_MODE='NO_AUTO_VALUE_ON_ZERO' */;


-- 傾印 sf 的資料庫結構
CREATE DATABASE IF NOT EXISTS `sf` /*!40100 DEFAULT CHARACTER SET utf8 */;
USE `sf`;

-- 傾印  表格 sf.finishedgood 結構
CREATE TABLE IF NOT EXISTS `finishedgood` (
  `finishedGoodID` varchar(256) NOT NULL,
  `finishedGoodType` varchar(256) NOT NULL,
  PRIMARY KEY (`finishedGoodID`)
) ENGINE=InnoDB DEFAULT CHARSET=utf8;

-- 正在傾印表格  sf.finishedgood 的資料：~153 rows (大約)
/*!40000 ALTER TABLE `finishedgood` DISABLE KEYS */;
REPLACE INTO `finishedgood` (`finishedGoodID`, `finishedGoodType`) VALUES
	('CHC-142', '鑄鐵塗模劑'),
	('CML-105', '鑄鋼鋯基塗模劑'),
	('CML-105A', '鑄鋼鋯基塗模劑'),
	('CML-105CB', '鑄鋼鋯基塗模劑'),
	('CML-105G', '鑄鋼鋯基塗模劑'),
	('CML-205', '鑄鋼鋯基塗模劑'),
	('CML-3000', '鑄鋼鋯基塗模劑'),
	('CML-3000G', '鑄鋼鋯基塗模劑'),
	('CML-3000L', '鑄鋼鋯基塗模劑'),
	('CML-3000M1', '鑄鋼鋯基塗模劑'),
	('CML-3000TC', '鑄鋼鋯基塗模劑'),
	('CML-381', '塗模劑'),
	('CMP-A', '砂心修補膏'),
	('CMP-B', '砂心修補膏'),
	('CMP-C', '砂心修補膏'),
	('CMP-D', '砂心修補膏'),
	('CMP-E', '砂心修補膏'),
	('DF-920T', '呋喃樹脂'),
	('DYP-56', '鑄鐵塗模劑'),
	('DYP-62', '鑄鐵塗模劑'),
	('EP-824', '水性塗模劑'),
	('EP-824A', '水性塗模劑'),
	('EW-1005', '消失模塗模劑'),
	('EW-1005T', '消失模塗模劑'),
	('EW-424', '糰狀水性保麗龍塗模劑'),
	('EW-424J', '糰狀水性保麗龍塗模劑'),
	('EW-424Q', '糰狀水性保麗龍塗模劑'),
	('EW-510', '塗模劑'),
	('FL-125', '酒精性塗模劑'),
	('FL-70', '鑄鐵砂模模劑'),
	('FL-70G', '鑄鐵砂模模劑'),
	('ISM-300', '酒精性鋯基塗模劑'),
	('ISM-340', '酒精性鋯基塗模劑'),
	('ISM-860', '防硫塗模劑'),
	('ISM-860A', '防滲硫塗模劑'),
	('ISM-860B', '防滲硫塗模劑'),
	('LBX-28', '鑄鋁潤滑劑'),
	('LBX-3', '耐高溫潤滑劑'),
	('LBX-83', '鑄鋁潤滑劑'),
	('MC-25', '砂模塗劑原膠'),
	('MC-50', '塗模劑'),
	('MC-688', '鑄鐵砂模塗劑'),
	('MK-110', '塗模劑'),
	('MK-820B', '鑄鐵塗模劑'),
	('MOP-58', '高錳鋼塗模劑'),
	('prodtest01', 'product01'),
	('prodtest02', 'product02'),
	('R-45', '鋁用被覆劑'),
	('SEP-105', '離型液'),
	('SEP-105A', '離型液'),
	('SEP-105C', '離型液'),
	('SEP-717', '離型液'),
	('SIY-28', '潤滑劑'),
	('SIY-28E', '潤滑劑'),
	('SIY-28L', '潤滑劑'),
	('SIY-28S', '石墨棒'),
	('SPC-47', '木模用離型劑'),
	('STR-565', '鑄鐵消失模塗模劑'),
	('SW-1', '鑄鐵塗模劑'),
	('SW-1005', '鑄鐵塗模劑'),
	('SW-1005A', '塗模劑'),
	('SW-1005S', '鑄鐵塗模劑'),
	('SW-1005TC', '鑄鐵塗模劑'),
	('SW-1112', '鑄鐵塗模劑'),
	('SW-1112A', '鑄鐵塗模劑'),
	('SW-1112G', '鑄鐵塗模劑'),
	('SW-1230', '鑄鐵塗模劑'),
	('SW-1230KY', '鑄鐵塗模劑'),
	('SW-1230P', '鑄鐵塗模劑'),
	('SW-129', '塗模劑'),
	('SW-1650', '塗模劑'),
	('SW-1650A', '塗模劑'),
	('SW-1650A1', '塗模劑'),
	('SW-202P', '塗模劑'),
	('SW-202PA', '塗模劑'),
	('SW-202PB', '塗模劑'),
	('SW-202PC', '塗模劑'),
	('SW-202PD', '塗模劑'),
	('SW-230', '鑄鐵塗模劑'),
	('SW-279R', '鑄鐵塗模劑'),
	('SW-305', '鑄鐵塗模劑'),
	('SW-305G', '塗模劑'),
	('SW-305T3', '塗模劑'),
	('SW-313', '塗模劑'),
	('SW-325', '鑄鋼消失模塗模劑'),
	('SW-327', '鑄鐵塗模劑'),
	('SW-331GA', '鑄鐵塗模劑'),
	('SW-503', '塗模劑'),
	('SW-506', '塗模劑'),
	('SW-519', '鑄鋼塗模劑'),
	('SW-519N', '塗模劑'),
	('SW-526', '鑄鐵塗模劑'),
	('SW-526A', '鑄鐵塗模劑'),
	('SW-565', '鑄鐵消失模塗模劑'),
	('SW-58', '高錳鋼塗模劑'),
	('SW-701', '鑄鐵塗模劑'),
	('SW-708', '鑄鐵塗模劑'),
	('SW-721', '鑄鐵塗模劑'),
	('SW-726', '鑄鐵塗模劑'),
	('SW-728', '塗模劑'),
	('SW-808', '鑄鐵塗模劑'),
	('SW-808A', '鑄鐵塗模劑'),
	('SW-808A-Y', '鑄鐵塗模劑'),
	('SW-808G1', '塗模劑'),
	('SW-808GS', '塗模劑'),
	('SW-812', '塗模劑'),
	('SW-821A', '塗模劑'),
	('SW-821B', '鑄鐵塗模劑'),
	('SW-828C', '鑄鐵塗模劑'),
	('SW-912', '鑄鐵塗模劑'),
	('SW-912C', '鑄鐵塗模劑'),
	('SW-912M', '鑄鐵塗模劑'),
	('TG-6010', '呋喃樹脂'),
	('TG-6010S', '呋喃樹脂'),
	('TG-6015', '呋喃樹脂'),
	('TG-6020', '呋喃樹脂'),
	('TG-6020ABC', '呋喃樹脂'),
	('TG-6020S', '呋喃樹脂'),
	('TG-6020S1', '呋喃樹脂'),
	('TG-6030', '呋喃樹脂'),
	('TG-6030ABC', '呋喃樹脂'),
	('TG-6040', '呋喃樹脂'),
	('TG-6040ABC', '呋喃樹脂'),
	('TG-6050', '呋喃樹脂'),
	('TG-6050ABC', '呋喃樹脂'),
	('TG-6060', '呋喃樹脂'),
	('TG-7010', '綠色呋喃樹脂'),
	('TG-7015', '綠色呋喃樹脂'),
	('TG-7020', '綠色呋喃樹脂'),
	('TG-7020B', '綠色呋喃樹脂'),
	('TG-7020S', '綠色呋喃樹脂'),
	('TG-7020S1', '綠色呋喃樹脂'),
	('TG-7030', '綠色呋喃樹脂'),
	('TG-7030B', '綠色呋喃樹脂'),
	('TG-7030B-1', '綠色呋喃樹脂'),
	('TG-7030YJF', '綠色呋喃樹脂'),
	('TG-7030YJF-A', '綠色呋喃樹脂'),
	('TG-7031YJF-1', '綠色呋喃樹脂'),
	('TG-7031YJF-B', '綠色呋喃樹脂'),
	('TG-7032YJF1', '綠色呋喃樹脂'),
	('TG-7040', '綠色呋喃樹脂'),
	('TNO-327', '鑄鐵塗模劑'),
	('TNO-701', '鑄鐵塗模劑'),
	('TNO-726', '鑄鐵塗模劑'),
	('TNO-808A', '鑄鐵塗模劑'),
	('TNO-912', '鑄鐵塗模劑'),
	('TP-160', '水性鋯基塗模劑'),
	('TP-327', '水性糰狀鋯基塗模劑'),
	('TP-327P', '水性鋯基塗模劑(糊狀)'),
	('TP-384', '水性鋯基塗模劑'),
	('TP-824', '水性糰狀塗模劑'),
	('TP-831', '水性鋯基塗模劑'),
	('TP160A', '水性鋯基塗模劑');
/*!40000 ALTER TABLE `finishedgood` ENABLE KEYS */;

-- 傾印  表格 sf.finishedgoodentry 結構
CREATE TABLE IF NOT EXISTS `finishedgoodentry` (
  `finishedGoodEntryID` varchar(256) NOT NULL,
  `serialNumber` varchar(256) NOT NULL,
  `batchNumber` varchar(256) NOT NULL,
  `product` varchar(256) NOT NULL,
  `packaging` int(16) unsigned NOT NULL,
  `status` varchar(256) NOT NULL,
  `storedArea` varchar(8) NOT NULL,
  `storedDate` date NOT NULL,
  `palletNumber` int(8) unsigned NOT NULL DEFAULT 0,
  `storedPackageNumber` float unsigned NOT NULL DEFAULT 0,
  `storedWeight` float unsigned NOT NULL DEFAULT 0,
  PRIMARY KEY (`finishedGoodEntryID`),
  KEY `entryFinishedGood` (`product`),
  KEY `finishedGoodEntryPackagingID` (`packaging`),
  CONSTRAINT `finishedGoodEntryPackagingID` FOREIGN KEY (`packaging`) REFERENCES `finishedgoodpackaging` (`finishedGoodPackagingID`),
  CONSTRAINT `finishedGoodEntryProductID` FOREIGN KEY (`product`) REFERENCES `finishedgood` (`finishedGoodID`)
) ENGINE=InnoDB DEFAULT CHARSET=utf8;

-- 正在傾印表格  sf.finishedgoodentry 的資料：~0 rows (大約)
/*!40000 ALTER TABLE `finishedgoodentry` DISABLE KEYS */;
/*!40000 ALTER TABLE `finishedgoodentry` ENABLE KEYS */;

-- 傾印  表格 sf.finishedgoodinwarehouse 結構
CREATE TABLE IF NOT EXISTS `finishedgoodinwarehouse` (
  `storedFinishedGoodID` int(16) unsigned NOT NULL AUTO_INCREMENT,
  `finishedGoodEntryID` varchar(256) NOT NULL,
  `serialNumber` varchar(256) NOT NULL,
  `batchNumber` varchar(256) NOT NULL,
  `product` varchar(256) NOT NULL,
  `packagingID` int(16) unsigned NOT NULL,
  `status` varchar(256) NOT NULL,
  `storedArea` varchar(8) NOT NULL,
  `storedDate` datetime NOT NULL,
  `palletNumber` int(8) unsigned NOT NULL DEFAULT 0,
  `storedPackageNumber` float unsigned NOT NULL DEFAULT 0,
  `storedWeight` float unsigned NOT NULL DEFAULT 0,
  `remainingPackageNumber` float unsigned NOT NULL DEFAULT 0,
  PRIMARY KEY (`storedFinishedGoodID`),
  KEY `storedFinishedGoodID` (`product`),
  KEY `storedFinishedGoodPackagingID` (`packagingID`),
  CONSTRAINT `storedFinishedGoodID` FOREIGN KEY (`product`) REFERENCES `finishedgood` (`finishedGoodID`),
  CONSTRAINT `storedFinishedGoodPackagingID` FOREIGN KEY (`packagingID`) REFERENCES `finishedgoodpackaging` (`finishedGoodPackagingID`)
) ENGINE=InnoDB AUTO_INCREMENT=6 DEFAULT CHARSET=utf8;

-- 正在傾印表格  sf.finishedgoodinwarehouse 的資料：~0 rows (大約)
/*!40000 ALTER TABLE `finishedgoodinwarehouse` DISABLE KEYS */;
REPLACE INTO `finishedgoodinwarehouse` (`storedFinishedGoodID`, `finishedGoodEntryID`, `serialNumber`, `batchNumber`, `product`, `packagingID`, `status`, `storedArea`, `storedDate`, `palletNumber`, `storedPackageNumber`, `storedWeight`, `remainingPackageNumber`) VALUES
	(5, 'testp071301', '20180713001', '12070701', 'prodtest01', 233, '正常', 'x', '2018-07-13 07:20:29', 1, 12, 144, 3);
/*!40000 ALTER TABLE `finishedgoodinwarehouse` ENABLE KEYS */;

-- 傾印  表格 sf.finishedgoodoutwarehouse 結構
CREATE TABLE IF NOT EXISTS `finishedgoodoutwarehouse` (
  `takenOutFinishedGoodID` int(16) unsigned NOT NULL AUTO_INCREMENT,
  `inWarehouseID` int(16) unsigned NOT NULL,
  `finishedGoodRequisition` varchar(256) NOT NULL,
  `takenOutArea` varchar(8) NOT NULL,
  `takenOutDate` datetime NOT NULL,
  `takingOutDepartment` varchar(256) NOT NULL,
  `takingOutMember` varchar(256) NOT NULL,
  `takenOutPackageNumber` float unsigned NOT NULL DEFAULT 0,
  PRIMARY KEY (`takenOutFinishedGoodID`),
  KEY `outFinishedGoodRequisitionID` (`finishedGoodRequisition`),
  KEY `outFinishedGoodInWarehouseID` (`inWarehouseID`),
  CONSTRAINT `outFinishedGoodInWarehouseID` FOREIGN KEY (`inWarehouseID`) REFERENCES `finishedgoodinwarehouse` (`storedFinishedGoodID`),
  CONSTRAINT `outFinishedGoodRequisitionID` FOREIGN KEY (`finishedGoodRequisition`) REFERENCES `finishedgoodrequisition` (`finishedGoodRequisitionID`)
) ENGINE=InnoDB AUTO_INCREMENT=3 DEFAULT CHARSET=utf8;

-- 正在傾印表格  sf.finishedgoodoutwarehouse 的資料：~0 rows (大約)
/*!40000 ALTER TABLE `finishedgoodoutwarehouse` DISABLE KEYS */;
/*!40000 ALTER TABLE `finishedgoodoutwarehouse` ENABLE KEYS */;

-- 傾印  表格 sf.finishedgoodpackaging 結構
CREATE TABLE IF NOT EXISTS `finishedgoodpackaging` (
  `finishedGoodPackagingID` int(16) unsigned NOT NULL AUTO_INCREMENT,
  `product` varchar(256) NOT NULL,
  `packaging` varchar(256) NOT NULL,
  `unitWeight` float unsigned NOT NULL,
  PRIMARY KEY (`finishedGoodPackagingID`),
  KEY `finishedGoodPackagingProductID` (`product`),
  CONSTRAINT `finishedGoodPackagingProductID` FOREIGN KEY (`product`) REFERENCES `finishedgood` (`finishedGoodID`)
) ENGINE=InnoDB AUTO_INCREMENT=236 DEFAULT CHARSET=utf8;

-- 正在傾印表格  sf.finishedgoodpackaging 的資料：~234 rows (大約)
/*!40000 ALTER TABLE `finishedgoodpackaging` DISABLE KEYS */;
REPLACE INTO `finishedgoodpackaging` (`finishedGoodPackagingID`, `product`, `packaging`, `unitWeight`) VALUES
	(1, 'DF-920T', '小包裝', 230),
	(2, 'DF-920T', '大包裝', 1000),
	(3, 'TG-6010', '小包裝', 230),
	(4, 'TG-6010', '大包裝', 1000),
	(5, 'TG-6010S', '小包裝', 230),
	(6, 'TG-6010S', '大包裝', 1000),
	(7, 'TG-6015', '小包裝', 230),
	(8, 'TG-6015', '大包裝', 1000),
	(9, 'TG-6020', '小包裝', 230),
	(10, 'TG-6020', '大包裝', 1000),
	(11, 'TG-6020ABC', '小包裝', 230),
	(12, 'TG-6020ABC', '大包裝', 1000),
	(13, 'TG-6020S', '小包裝', 230),
	(14, 'TG-6020S', '大包裝', 1000),
	(15, 'TG-6020S1', '小包裝', 230),
	(16, 'TG-6020S1', '大包裝', 1000),
	(17, 'TG-6030', '小包裝', 230),
	(18, 'TG-6030', '大包裝', 1000),
	(19, 'TG-6030ABC', '小包裝', 230),
	(20, 'TG-6030ABC', '大包裝', 1000),
	(21, 'TG-6040', '小包裝', 230),
	(22, 'TG-6040', '大包裝', 1000),
	(23, 'TG-6040ABC', '小包裝', 230),
	(24, 'TG-6040ABC', '大包裝', 1000),
	(25, 'TG-6050', '小包裝', 230),
	(26, 'TG-6050', '大包裝', 1000),
	(27, 'TG-6050ABC', '小包裝', 230),
	(28, 'TG-6050ABC', '大包裝', 1000),
	(29, 'TG-6060', '小包裝', 230),
	(30, 'TG-6060', '大包裝', 1000),
	(31, 'TG-7010', '小包裝', 230),
	(32, 'TG-7010', '大包裝', 1000),
	(33, 'TG-7015', '小包裝', 230),
	(34, 'TG-7015', '大包裝', 1000),
	(35, 'TG-7020', '小包裝', 230),
	(36, 'TG-7020', '大包裝', 1000),
	(37, 'TG-7020B', '小包裝', 230),
	(38, 'TG-7020B', '大包裝', 1000),
	(39, 'TG-7020S', '小包裝', 230),
	(40, 'TG-7020S', '大包裝', 1000),
	(41, 'TG-7020S1', '小包裝', 230),
	(42, 'TG-7020S1', '大包裝', 1000),
	(43, 'TG-7030', '小包裝', 230),
	(44, 'TG-7030', '大包裝', 1000),
	(45, 'TG-7030B', '小包裝', 230),
	(46, 'TG-7030B', '大包裝', 1000),
	(47, 'TG-7030B-1', '小包裝', 230),
	(48, 'TG-7030B-1', '大包裝', 1000),
	(49, 'TG-7030YJF', '小包裝', 230),
	(50, 'TG-7030YJF', '大包裝', 1000),
	(51, 'TG-7030YJF-A', '小包裝', 230),
	(52, 'TG-7030YJF-A', '大包裝', 1000),
	(53, 'TG-7031YJF-1', '小包裝', 230),
	(54, 'TG-7031YJF-1', '大包裝', 1000),
	(55, 'TG-7031YJF-B', '小包裝', 230),
	(56, 'TG-7031YJF-B', '大包裝', 1000),
	(57, 'TG-7032YJF1', '小包裝', 230),
	(58, 'TG-7032YJF1', '大包裝', 1000),
	(59, 'TG-7040', '小包裝', 230),
	(60, 'TG-7040', '大包裝', 1000),
	(61, 'CHC-142', '小包裝', 15),
	(62, 'CML-105', '小包裝', 40),
	(63, 'CML-105', '大包裝', 400),
	(64, 'CML-105A', '小包裝', 40),
	(65, 'CML-105A', '大包裝', 380),
	(66, 'CML-105CB', '小包裝', 40),
	(67, 'CML-105CB', '大包裝', 400),
	(68, 'CML-105G', '小包裝', 40),
	(69, 'CML-105G', '大包裝', 200),
	(70, 'CML-205', '小包裝', 40),
	(71, 'CML-205', '大包裝', 300),
	(72, 'CML-3000', '小包裝', 40),
	(73, 'CML-3000', '大包裝', 400),
	(74, 'CML-3000G', '小包裝', 40),
	(75, 'CML-3000L', '小包裝', 40),
	(76, 'CML-3000M1', '小包裝', 40),
	(77, 'CML-3000TC', '小包裝', 40),
	(78, 'CML-381', '小包裝', 40),
	(79, 'CMP-A', '小包裝', 25),
	(80, 'CMP-B', '小包裝', 25),
	(81, 'CMP-C', '小包裝', 25),
	(82, 'CMP-D', '小包裝', 25),
	(83, 'CMP-E', '小包裝', 25),
	(84, 'DYP-56', '小包裝', 25),
	(85, 'DYP-62', '小包裝', 25),
	(86, 'EP-824', '小包裝', 25),
	(87, 'EP-824A', '小包裝', 25),
	(88, 'EW-1005', '小包裝', 30),
	(89, 'EW-1005T', '小包裝', 30),
	(90, 'EW-424', '小包裝', 30),
	(91, 'EW-424J', '小包裝', 30),
	(92, 'EW-424Q', '小包裝', 30),
	(93, 'EW-510', '小包裝', 30),
	(94, 'FL-125', '小包裝', 25),
	(95, 'FL-70', '小包裝', 25),
	(96, 'FL-70', '大包裝', 300),
	(97, 'FL-70G', '小包裝', 25),
	(98, 'ISM-300', '小包裝', 40),
	(99, 'ISM-340', '小包裝', 30),
	(100, 'ISM-860', '小包裝', 30),
	(101, 'ISM-860A', '小包裝', 200),
	(102, 'ISM-860B', '小包裝', 200),
	(103, 'ISM-860B', '大包裝', 250),
	(104, 'LBX-28', '小包裝', 15),
	(105, 'LBX-3', '小包裝', 15),
	(106, 'LBX-83', '小包裝', 15),
	(107, 'MC-25', '小包裝', 15),
	(108, 'MC-50', '小包裝', 5),
	(109, 'MC-688', '小包裝', 25),
	(110, 'MK-110', '小包裝', 25),
	(111, 'MK-820B', '小包裝', 30),
	(112, 'MOP-58', '小包裝', 40),
	(113, 'R-45', '小包裝', 25),
	(114, 'SEP-105', '小包裝', 20),
	(115, 'SEP-105', '大包裝', 200),
	(116, 'SEP-105A', '小包裝', 20),
	(117, 'SEP-105A', '大包裝', 200),
	(118, 'SEP-105C', '小包裝', 20),
	(119, 'SEP-105C', '大包裝', 200),
	(120, 'SEP-717', '小包裝', 20),
	(121, 'SEP-717', '大包裝', 200),
	(122, 'SIY-28', '小包裝', 15),
	(123, 'SIY-28', '大包裝', 150),
	(124, 'SIY-28E', '小包裝', 15),
	(125, 'SIY-28L', '小包裝', 15),
	(126, 'SIY-28S', '小包裝', 25),
	(127, 'SPC-47', '小包裝', 15),
	(128, 'STR-565', '小包裝', 25),
	(129, 'SW-1', '小包裝', 280),
	(130, 'SW-1005', '小包裝', 30),
	(131, 'SW-1005A', '小包裝', 30),
	(132, 'SW-1005S', '小包裝', 25),
	(133, 'SW-1005S', '大包裝', 30),
	(134, 'SW-1005TC', '小包裝', 30),
	(135, 'SW-1112', '小包裝', 25),
	(136, 'SW-1112', '大包裝', 250),
	(137, 'SW-1112A', '小包裝', 25),
	(138, 'SW-1112A', '大包裝', 250),
	(139, 'SW-1112G', '小包裝', 25),
	(140, 'SW-1112G', '大包裝', 250),
	(141, 'SW-1230', '小包裝', 30),
	(142, 'SW-1230', '大包裝', 300),
	(143, 'SW-1230KY', '小包裝', 30),
	(144, 'SW-1230KY', '大包裝', 300),
	(145, 'SW-1230P', '小包裝', 30),
	(146, 'SW-129', '小包裝', 25),
	(147, 'SW-129', '大包裝', 250),
	(148, 'SW-1650', '小包裝', 30),
	(149, 'SW-1650A', '小包裝', 30),
	(150, 'SW-1650A', '大包裝', 300),
	(151, 'SW-1650A1', '小包裝', 30),
	(152, 'SW-1650A1', '大包裝', 300),
	(153, 'SW-202P', '小包裝', 300),
	(154, 'SW-202PA', '小包裝', 30),
	(155, 'SW-202PA', '大包裝', 300),
	(156, 'SW-202PB', '小包裝', 30),
	(157, 'SW-202PB', '大包裝', 300),
	(158, 'SW-202PC', '小包裝', 300),
	(159, 'SW-202PD', '小包裝', 300),
	(160, 'SW-230', '小包裝', 30),
	(161, 'SW-230', '大包裝', 300),
	(162, 'SW-279R', '小包裝', 30),
	(163, 'SW-279R', '大包裝', 300),
	(164, 'SW-305', '小包裝', 250),
	(165, 'SW-305', '大包裝', 270),
	(166, 'SW-305G', '小包裝', 30),
	(167, 'SW-305G', '大包裝', 300),
	(168, 'SW-305T3', '小包裝', 25),
	(169, 'SW-305T3', '大包裝', 270),
	(170, 'SW-313', '小包裝', 300),
	(171, 'SW-325', '小包裝', 40),
	(172, 'SW-327', '小包裝', 25),
	(173, 'SW-327', '大包裝', 250),
	(174, 'SW-331GA', '小包裝', 30),
	(175, 'SW-331GA', '大包裝', 300),
	(176, 'SW-503', '小包裝', 150),
	(177, 'SW-503', '大包裝', 300),
	(178, 'SW-506', '小包裝', 300),
	(179, 'SW-519', '小包裝', 40),
	(180, 'SW-519N', '小包裝', 40),
	(181, 'SW-526', '小包裝', 25),
	(182, 'SW-526', '大包裝', 270),
	(183, 'SW-526A', '小包裝', 25),
	(184, 'SW-526A', '大包裝', 250),
	(185, 'SW-565', '小包裝', 30),
	(186, 'SW-565', '大包裝', 250),
	(187, 'SW-58', '小包裝', 40),
	(188, 'SW-701', '小包裝', 25),
	(189, 'SW-701', '大包裝', 300),
	(190, 'SW-708', '小包裝', 25),
	(191, 'SW-708', '大包裝', 250),
	(192, 'SW-721', '小包裝', 30),
	(193, 'SW-721', '大包裝', 280),
	(194, 'SW-726', '小包裝', 25),
	(195, 'SW-726', '大包裝', 280),
	(196, 'SW-728', '小包裝', 300),
	(197, 'SW-808', '小包裝', 30),
	(198, 'SW-808', '大包裝', 300),
	(199, 'SW-808A', '小包裝', 25),
	(200, 'SW-808A', '大包裝', 30),
	(201, 'SW-808A-Y', '小包裝', 30),
	(202, 'SW-808G1', '小包裝', 30),
	(203, 'SW-808GS', '小包裝', 30),
	(204, 'SW-808GS', '大包裝', 300),
	(205, 'SW-812', '小包裝', 300),
	(206, 'SW-821A', '小包裝', 30),
	(207, 'SW-821A', '大包裝', 300),
	(208, 'SW-821B', '小包裝', 30),
	(209, 'SW-821B', '大包裝', 300),
	(210, 'SW-828C', '小包裝', 30),
	(211, 'SW-912', '小包裝', 25),
	(212, 'SW-912', '大包裝', 300),
	(213, 'SW-912C', '小包裝', 25),
	(214, 'SW-912C', '大包裝', 250),
	(215, 'SW-912M', '小包裝', 30),
	(216, 'SW-912M', '大包裝', 300),
	(217, 'TNO-327', '小包裝', 25),
	(218, 'TNO-701', '小包裝', 25),
	(219, 'TNO-726', '小包裝', 25),
	(220, 'TNO-726', '大包裝', 280),
	(221, 'TNO-808A', '小包裝', 25),
	(222, 'TNO-808A', '大包裝', 300),
	(223, 'TNO-912', '小包裝', 25),
	(224, 'TNO-912', '大包裝', 300),
	(225, 'TP-160', '小包裝', 40),
	(226, 'TP160A', '小包裝', 40),
	(227, 'TP-327', '小包裝', 40),
	(228, 'TP-327P', '小包裝', 40),
	(229, 'TP-384', '小包裝', 30),
	(230, 'TP-831', '小包裝', 20),
	(231, 'TP-831', '大包裝', 40),
	(232, 'TP-824', '小包裝', 30),
	(233, 'prodtest01', '小包裝', 12),
	(234, 'prodtest02', '小包裝', 15);
/*!40000 ALTER TABLE `finishedgoodpackaging` ENABLE KEYS */;

-- 傾印  表格 sf.finishedgoodrequisition 結構
CREATE TABLE IF NOT EXISTS `finishedgoodrequisition` (
  `finishedGoodRequisitionID` varchar(256) NOT NULL,
  `productInWarehouseID` int(16) unsigned NOT NULL,
  `product` varchar(256) NOT NULL,
  `packagingID` int(16) unsigned NOT NULL,
  `storedArea` varchar(8) NOT NULL,
  `requisitioningDate` datetime NOT NULL,
  `requisitioningDepartment` varchar(256) NOT NULL,
  `requisitioningMember` varchar(256) NOT NULL,
  `requisitionedPackageNumber` float unsigned NOT NULL DEFAULT 0,
  PRIMARY KEY (`finishedGoodRequisitionID`),
  KEY `requisitionProduct` (`product`),
  KEY `requisitionPackaging` (`packagingID`),
  KEY `requisitionProductInWarehouse` (`productInWarehouseID`),
  CONSTRAINT `requisitionPackaging` FOREIGN KEY (`packagingID`) REFERENCES `finishedgoodpackaging` (`finishedGoodPackagingID`),
  CONSTRAINT `requisitionProduct` FOREIGN KEY (`product`) REFERENCES `finishedgood` (`finishedGoodID`),
  CONSTRAINT `requisitionProductInWarehouse` FOREIGN KEY (`productInWarehouseID`) REFERENCES `finishedgoodinwarehouse` (`storedFinishedGoodID`)
) ENGINE=InnoDB DEFAULT CHARSET=utf8;

-- 正在傾印表格  sf.finishedgoodrequisition 的資料：~2 rows (大約)
/*!40000 ALTER TABLE `finishedgoodrequisition` DISABLE KEYS */;
REPLACE INTO `finishedgoodrequisition` (`finishedGoodRequisitionID`, `productInWarehouseID`, `product`, `packagingID`, `storedArea`, `requisitioningDate`, `requisitioningDepartment`, `requisitioningMember`, `requisitionedPackageNumber`) VALUES
	('r2018071302', 5, 'prodtest01', 233, 'x', '2018-07-13 09:21:23', 'sd', 'w', 2),
	('testr071301', 5, 'prodtest01', 233, 'x', '2018-07-13 07:21:21', 'adb', 'd', 7);
/*!40000 ALTER TABLE `finishedgoodrequisition` ENABLE KEYS */;

-- 傾印  表格 sf.material 結構
CREATE TABLE IF NOT EXISTS `material` (
  `materialID` varchar(256) NOT NULL,
  `materialName` varchar(256) NOT NULL,
  `totalPackageNumber` float unsigned NOT NULL DEFAULT 0,
  `totalWeight` float unsigned NOT NULL DEFAULT 0,
  `totalMoney` float unsigned NOT NULL DEFAULT 0,
  PRIMARY KEY (`materialID`)
) ENGINE=InnoDB DEFAULT CHARSET=utf8;

-- 正在傾印表格  sf.material 的資料：~160 rows (大約)
/*!40000 ALTER TABLE `material` DISABLE KEYS */;
REPLACE INTO `material` (`materialID`, `materialName`, `totalPackageNumber`, `totalWeight`, `totalMoney`) VALUES
	('006', '硫酸鋁', 1040, 1040, 14560),
	('007', '檸檬酸', 0, 0, 0),
	('011', '水玻璃', 0, 0, 0),
	('012A', '輕鹼', 0, 0, 0),
	('012B', '重鹼', 475, 475, 5225),
	('013A', '精鹽', 3000, 3000, 12000),
	('014A', '氯化鉀(白)', 166, 166, 5976),
	('014B', '氯化鉀(紅)', 2000, 2000, 23000),
	('015A', '芒硝(進口)', 0, 0, 0),
	('016A', '無水硼砂', 220, 220, 0),
	('017A', '氟化鈉', 0, 0, 0),
	('018', '碳酸鈣', 1051, 1051, 4519),
	('019', '硝酸鉀', 405, 405, 17820),
	('023', '流平劑 CSL-7001', 7, 7, 4193),
	('026', '六偏磷酸鋁', 30, 30, 825),
	('027', '平光粉 SILMAT1200', 90, 90, 14400),
	('092', '磷酸', 560, 560, 20160),
	('097', '福馬林', 0, 0, 0),
	('111', '矽酸膠液', 2000, 2000, 30000),
	('112', '胺', 94, 94, 17014),
	('113', '尿素膠', 20000, 20000, 320000),
	('113A', '尿素膠#555', 0, 0, 0),
	('114', '偶聯劑 NCSA-2120', 1755, 1755, 368550),
	('115', '尿素', 53, 53, 610),
	('117', '醋酸(調)', 540, 540, 13500),
	('128', '淀粉', 0, 0, 0),
	('129', '矽酸鈣', 387, 387, 6192),
	('150', '矽酸鎂鋁Attagel-50', 5670, 5670, 306180),
	('153A', '氧化鋁空心球#100', 0, 0, 0),
	('168', '白碳黑EH-5', 28, 28, 9800),
	('200', '松子油', 180, 180, 15840),
	('202', '蠟石粉', 2000, 2000, 10000),
	('208', '硬脂酸鎂', 54, 54, 4050),
	('209', '硬脂酸鋁', 0, 0, 0),
	('210B', '玻璃苯', 0, 0, 0),
	('210B-', '玻璃粉 ', 640, 640, 3360),
	('212', '硬脂酸', 89, 89, 5162),
	('213', '蓖麻油', 190, 190, 13395),
	('214', '煤油', 0, 0, 0),
	('215', '鐵屑', 7000, 7000, 28000),
	('216', '煉鋼促進劑', 11250, 11250, 50625),
	('216A', '煉鋼促進劑', 0, 0, 0),
	('216C', '煉鋼促進劑', 44000, 44000, 704000),
	('216F', '煉鋼促進劑', 0, 0, 0),
	('217', '鋁粉', 5600, 5600, 240800),
	('217A', '進口鋁粉', 1200, 1200, 132000),
	('217AA', 'AA', 0, 0, 0),
	('217AC', 'AC', 0, 0, 1),
	('217C', '金屬鋁80~120目', 655, 655, 65500),
	('219A', '二甲苯', 516, 516, 13416),
	('224', '介面活性劑', 250, 250, 23750),
	('228A', '漂珠', 2400, 2400, 91200),
	('228B', '漂珠50目', 0, 0, 0),
	('320', '機油(R-90)', 176, 176, 9504),
	('321', '碳化矽', 0, 0, 0),
	('321A', '碳化矽(20~80MM)', 2413, 2413, 101346),
	('322A', '三杯脂', 180, 180, 9000),
	('322B', '獅牌牛油', 0, 0, 0),
	('323', '白雲石粉', 1020, 1020, 5610),
	('324', '螢石粉', 500, 500, 16000),
	('325B', '氟矽酸鈉', 1500, 1500, 20250),
	('326', '精煉劑', 1286, 1286, 79990),
	('331', '珍珠岩粉', 305, 305, 4270),
	('332', '焦炭粉', 1015, 1015, 13703),
	('340', '搖變助劑 S1500', 270, 270, 41850),
	('420', '乙醇', 0, 0, 0),
	('430', '木精', 0, 0, 0),
	('431A', '滑石粉', 0, 0, 0),
	('432', '馬來粉', 3600, 3600, 50400),
	('432A', '莫來石35S', 1225, 1225, 17150),
	('432B', '藍晶石#20', 0, 0, 0),
	('433C', '鋯粉200mesh', 3000, 3000, 150000),
	('433D', '鋯粉325mesh', 6000, 6000, 300000),
	('434A', '磷狀黑鉛(細)-385', 14000, 14000, 336000),
	('434B', '磷狀黑鉛(粗)-185', 6000, 6000, 108000),
	('434C', '膨脹石墨', 1262, 1262, 63100),
	('435', '土狀黑鉛', 8000, 8000, 112000),
	('435B', '土狀黑鉛(填充組)', 0, 0, 0),
	('436', '球狀瀝青', 0, 0, 0),
	('437A', '葡萄糖粉', 0, 0, 0),
	('438', '苯甲酸鈉', 414, 414, 31050),
	('439A', '氧化鐵', 2550, 2550, 40800),
	('439B', '黃色氧化鐵', 1200, 1200, 48000),
	('439C', '圓型黑氧化鐵FineOx 270', 2000, 2000, 50000),
	('439D', '圓型黑氧化鐵Sphere Ox200', 2866, 2866, 71650),
	('507', '水性PU壓克力樹脂', 0, 0, 0),
	('508', 'K-90水溶液(PVP)', 0, 0, 0),
	('513', '磷酸三丁酯', 0, 0, 0),
	('540-3', '矽砂30MM', 7500, 7500, 18000),
	('540-4', '4號矽砂', 0, 0, 0),
	('542', '雲母粉', 344, 344, 9632),
	('543', '氟化鋁', 16, 16, 560),
	('544G', '日本粘土', 0, 0, 0),
	('545', '硝酸鈉', 0, 0, 0),
	('546', '冰晶石粉', 4302, 4302, 137664),
	('546B', '冰晶石粉(保溫套)', 3000, 3000, 99000),
	('547', '進口樹脂pvb', 181, 181, 72240),
	('548', '二氧化錳', 9000, 9000, 243000),
	('549', '氟矽化鉀', 0, 0, 0),
	('551', '氟鋁酸鉀', 1424, 1424, 35600),
	('552', 'AVE', 866, 866, 66682),
	('650', '碳酸鉀', 0, 0, 0),
	('651', '氯化鎂', 0, 0, 0),
	('654A', '煅燒氧化鋁', 0, 0, 0),
	('654AB', '煅燒氧化鋁200M', 0, 0, 0),
	('654B', '高鋁粉325MESH', 40500, 40500, 344250),
	('654C', '高鋁粉200MESH', 4500, 4500, 373500),
	('654H', '棕剛玉', 4500, 4500, 112500),
	('655', '硫鉬滑脂', 0, 0, 0),
	('657', '高嶺土', 1375, 1375, 11138),
	('657A', '高嶺土', 1277, 1277, 14047),
	('657B', '高嶺土PK-100', 9625, 9625, 77963),
	('658', '美國粘土', 366, 366, 5124),
	('659', '矽鐵粒', 0, 0, 0),
	('659C', '矽鐵粉', 0, 0, 0),
	('660', '硅粉', 1433, 1433, 107475),
	('760A', '氧化鎂(進)', 0, 0, 0),
	('760B', '氧化鎂(本)', 600, 600, 8100),
	('764B', '人工石磨', 140, 140, 3360),
	('765', '石英粉 特A101', 21000, 21000, 65100),
	('765B', '石英粉 10T', 9000, 9000, 30600),
	('766A', '糊精', 210, 210, 7140),
	('767A', '粉狀樹脂PVP(K90)', 0, 0, 0),
	('767B', '酚醛樹脂(進)', 7800, 7800, 382200),
	('767C', '鹼性酚醛樹脂', 200, 200, 12000),
	('767D', '低水液體酚醛樹脂', 0, 0, 0),
	('767F', '液體酚醛樹脂', 10000, 10000, 500000),
	('767T', '酚醛樹脂(台)', 11200, 11200, 604800),
	('768', '松香', 500, 500, 30000),
	('769', '銀漿', 30, 30, 4800),
	('871', '南寶樹脂', 400, 400, 12800),
	('874C', '藍色染料', 25, 25, 9375),
	('874D', '黃色染料', 6, 6, 1860),
	('874F', '鹼性品綠', 0, 0, 0),
	('877', '異丙醇', 640, 640, 22400),
	('980', '矽灰粉', 0, 0, 0),
	('981', '橄欖粉', 3000, 3000, 27000),
	('982', '三乙醇胺', 14, 14, 1050),
	('986', '黃原膠', 0, 0, 0),
	('987', '甲基纖維素', 0, 0, 0),
	('988', '碳化稻殼(黑)', 1167, 1167, 8169),
	('988A', '碳化稻殼(白)', 1800, 1800, 23400),
	('988C', '碳化稻殼(白粗)', 7200, 7200, 93600),
	('990', '消泡劑', 0, 0, 0),
	('992', '氫氧化鉀', 25, 25, 2250),
	('994', '糠醇 FA', 25001, 25001, 2175090),
	('998', '抑泡劑', 0, 0, 0),
	('999A', '散棉', 4320, 4320, 120960),
	('999A*', 'CF-A', 0, 0, 0),
	('999A2', '1260℃粉碎散棉-台', 24000, 24000, 912000),
	('999A3', '散棉', 0, 0, 0),
	('999A3-', '散棉3', 15940, 15940, 446320),
	('999A6', '陶瓷散棉1600℃', 0, 0, 0),
	('999M', '可溶棉', 480, 480, 19200),
	('999M3', '可溶棉(5目粉碎細)', 32400, 32400, 1231200),
	('999MB', '可溶棉', 7680, 7680, 202368),
	('AA', '217AA', 0, 0, 0),
	('test01', 'test01', 200, 200, 2000),
	('test02', 'test02', 150, 150, 1650),
	('test03', 'test03', 0, 0, 0);
/*!40000 ALTER TABLE `material` ENABLE KEYS */;

-- 傾印  表格 sf.materialentry 結構
CREATE TABLE IF NOT EXISTS `materialentry` (
  `materialEntryID` varchar(256) NOT NULL,
  `serialNumber` varchar(256) NOT NULL,
  `purchaseOrder` varchar(256) NOT NULL,
  `QRCode` blob DEFAULT NULL,
  `expectedStoredArea` varchar(8) NOT NULL,
  `expectedStoredDate` date NOT NULL,
  `palletNumber` int(8) unsigned NOT NULL DEFAULT 0,
  `expectedStoredPackageNumber` float unsigned NOT NULL DEFAULT 0,
  `expectedStoredWeight` float unsigned NOT NULL DEFAULT 0,
  `expectedStoredMoney` float unsigned NOT NULL DEFAULT 0,
  `confirmation` tinyint(4) NOT NULL DEFAULT 0,
  PRIMARY KEY (`materialEntryID`),
  KEY `entryPurchaseOrder` (`purchaseOrder`),
  CONSTRAINT `entryPurchaseOrder` FOREIGN KEY (`purchaseOrder`) REFERENCES `purchaseorder` (`purchaseOrderID`)
) ENGINE=InnoDB DEFAULT CHARSET=utf8;

-- 正在傾印表格  sf.materialentry 的資料：~146 rows (大約)
/*!40000 ALTER TABLE `materialentry` DISABLE KEYS */;
REPLACE INTO `materialentry` (`materialEntryID`, `serialNumber`, `purchaseOrder`, `QRCode`, `expectedStoredArea`, `expectedStoredDate`, `palletNumber`, `expectedStoredPackageNumber`, `expectedStoredWeight`, `expectedStoredMoney`, `confirmation`) VALUES
	('', '20180710001', 'a20180710004', NULL, 'I', '2018-07-10', 1, 7000, 7000, 28000, 0),
	('070631', '20180706032', 'a070631', NULL, 'C', '2018-07-06', 1, 8000, 8000, 112000, 1),
	('0710001', '20180710007', 'a0710001', NULL, 'I', '2018-07-10', 1, 433, 433, 33341, 1),
	('20180709004', '20180709016', 'a20180709004', NULL, 'E', '2018-07-09', 1, 180, 180, 9000, 1),
	('B060738', '20180706039', 'a070638', NULL, 'H', '2018-07-06', 1, 3000, 3000, 27000, 1),
	('B060750', '20180706051', 'a070650', NULL, 'E', '2018-07-06', 1, 3000, 3000, 150000, 1),
	('B0706001', '20180706095', 'a0706001', NULL, 'B', '2018-07-06', 1, 643, 643, 39995, 1),
	('B0706002', '20180706096', 'a0706002', NULL, 'B', '2018-07-06', 1, 70, 70, 1680, 1),
	('B0706003', '20180706097', 'a0706003', NULL, 'B', '2018-07-06', 1, 207, 207, 15525, 1),
	('B0706004', '20180706098', 'a0706004', NULL, 'B', '2018-07-06', 1, 320, 320, 1680, 1),
	('B0706005', '20180706099', 'a0706005', NULL, 'C', '2018-07-06', 1, 220, 220, 0, 1),
	('B0706006', '20180706100', 'a0706006', NULL, 'E', '2018-07-06', 1, 15, 15, 0, 1),
	('B07060061', '20180706061', 'a070661', NULL, 'I', '2018-07-06', 1, 2413, 2413, 101346, 1),
	('B0706007', '20180706101', 'a0706007', NULL, 'E', '2018-07-06', 1, 7, 7, 525, 1),
	('B0706008', '20180706102', 'a0706008', NULL, 'E', '2018-07-06', 1, 125, 125, 11875, 1),
	('B070601', '20180706003', 'A070601', NULL, 'A', '2018-07-06', 1, 11000, 11000, 176000, 1),
	('B0706015', '20180709001', 'a0706015', NULL, 'M', '2018-07-09', 1, 13800, 13800, 524400, 1),
	('B0706016', '20180709002', 'a0706016', NULL, 'N', '2018-07-09', 1, 15900, 15900, 604200, 1),
	('B070602', '20180706004', 'A070602', NULL, 'A', '2018-07-06', 1, 1500, 1500, 20250, 1),
	('b070603', '20180706005', 'a070603', NULL, 'a', '2018-07-06', 1, 1167, 1167, 8169, 1),
	('b070604', '20180706006', 'a070604', NULL, 'b', '2018-07-06', 1, 16, 16, 560, 1),
	('b070605', '20180706007', 'a070605', NULL, 'b', '2018-07-06', 1, 1051, 1051, 4519, 1),
	('b070606', '20180706008', 'A070606', NULL, 'B', '2018-07-06', 1, 166, 166, 5976, 1),
	('B070607', '20180706009', 'a070607', NULL, 'B', '2018-07-06', 1, 90, 90, 14400, 1),
	('b070608', '20180706010', 'a070608', NULL, 'B', '2018-07-06', 1, 3000, 3000, 12000, 1),
	('B070609', '20180706011', 'a070609', NULL, 'B', '2018-07-06', 1, 1600, 1600, 68800, 1),
	('B070610', '20180706012', 'a070610', NULL, 'B', '2018-07-06', 1, 3000, 3000, 10200, 1),
	('B070611', '20180706013', 'a070611', NULL, 'B', '2018-07-06', 1, 750, 750, 3375, 1),
	('B070612', '20180706014', 'a070612', NULL, 'B', '2018-07-06', 1, 475, 475, 5225, 1),
	('B070613', '20180706015', 'A070613', NULL, 'C', '2018-07-06', 1, 89, 89, 5162, 1),
	('B070614', '20180706016', 'a070614', NULL, 'C', '2018-07-06', 1, 25, 25, 2250, 1),
	('B070615', '20180706017', 'a070615', NULL, 'C', '2018-07-06', 1, 225, 225, 3150, 1),
	('B070616', '20180706018', 'a070616', NULL, 'C', '2018-07-06', 1, 305, 305, 4270, 1),
	('B070617', '20180706019', 'a070617', NULL, 'C', '2018-07-06', 1, 500, 500, 16000, 1),
	('B070618', '20180706020', 'a070618', NULL, 'C', '2018-07-06', 1, 2866, 2866, 71650, 1),
	('B070619', '20180706021', 'a070619', NULL, 'C', '2018-07-06', 1, 344, 344, 9632, 1),
	('B070621', '20180706022', 'a070621', NULL, 'C', '2018-07-06', 1, 1020, 1020, 5610, 1),
	('B070622', '20180706023', 'a070622', NULL, 'C', '2018-07-06', 1, 405, 405, 17820, 1),
	('B070623', '20180706024', 'a070623', NULL, 'c', '2018-07-06', 1, 21000, 21000, 65100, 1),
	('B070624', '20180706025', 'a070624', NULL, 'C', '2018-07-06', 1, 14000, 14000, 336000, 1),
	('B070625', '20180706026', 'a070625', NULL, 'C', '2018-07-06', 1, 6000, 6000, 108000, 1),
	('B070626', '20180706027', 'a070626', NULL, 'C', '2018-07-06', 1, 18000, 18000, 153000, 1),
	('B070627', '20180706028', 'a070627', NULL, 'C', '2018-07-06', 1, 2000, 2000, 166000, 1),
	('B070628', '20180706029', 'a070628', NULL, 'C', '2018-07-06', 1, 2000, 2000, 50000, 1),
	('B070629', '20180706030', 'a070629', NULL, 'C', '2018-07-06', 1, 3600, 3600, 50400, 1),
	('B070630', '20180706031', 'a070630', NULL, 'C', '2018-07-06', 1, 5670, 5670, 306180, 1),
	('B070632', '20180706033', 'a070632', NULL, 'C', '2018-07-06', 1, 22500, 22500, 191250, 1),
	('B070633', '20180706034', 'a070633', NULL, 'C', '2018-07-06', 1, 2500, 2500, 207500, 1),
	('B070634', '20180706035', 'a070634', NULL, 'C', '2018-07-06', 1, 2500, 2500, 62500, 1),
	('B070635', '20180706036', 'a070635', NULL, 'D', '2018-07-06', 1, 7800, 7800, 382200, 1),
	('B070636', '20180706037', 'a070636', NULL, 'D', '2018-07-06', 1, 1375, 1375, 11138, 1),
	('B070637', '20180706038', 'a070637', NULL, 'H', '2018-07-06', 1, 2000, 2000, 10000, 1),
	('B070639', '20180706040', 'a070639', NULL, 'E', '2018-07-06', 1, 640, 640, 22400, 1),
	('B070640', '20180706041', 'a070640', NULL, 'E', '2018-07-06', 1, 516, 516, 13416, 1),
	('B070641', '20180706042', 'a070641', NULL, 'E', '2018-07-06', 1, 94, 94, 17014, 1),
	('B070642', '20180706043', 'a070642', NULL, 'E', '2018-07-06', 1, 30, 30, 4800, 1),
	('B070643', '20180706044', 'a070643', NULL, 'E', '2018-07-06', 1, 7, 7, 4193, 1),
	('B070644', '20180706045', 'a070644', NULL, 'E', '2018-07-06', 1, 270, 270, 41850, 1),
	('B070645', '20180706046', 'a070645', NULL, 'E', '2018-07-06', 1, 210, 210, 7140, 1),
	('B070646', '20180706047', 'a070646', NULL, 'E', '2018-07-06', 1, 366, 366, 5124, 1),
	('B070647', '20180706048', 'a070647', NULL, 'E', '2018-07-06', 1, 2000, 2000, 50000, 1),
	('B070648', '20180706049', 'a070648', NULL, 'E', '2018-07-06', 1, 387, 387, 6192, 1),
	('B070649', '20180706050', 'a070649', NULL, 'E', '2018-07-06', 1, 500, 500, 30000, 1),
	('B070651', '20180706052', 'a070651', NULL, 'E', '2018-07-06', 1, 3000, 3000, 150000, 1),
	('B070652', '20180706053', 'a070652', NULL, 'E', '2018-07-06', 1, 3000, 3000, 150000, 1),
	('B070653', '20180706054', 'a070653', NULL, 'E', '2018-07-06', 1, 600, 600, 8100, 1),
	('B070654', '20180706055', 'a070654', NULL, 'E', '2018-07-06', 1, 2550, 2550, 40800, 1),
	('B070655', '20180706103', 'a070655', NULL, 'E', '2018-07-06', 1, 1200, 1200, 48000, 1),
	('B070656', '20180706056', 'a070656', NULL, 'I', '2018-07-06', 1, 655, 655, 65500, 1),
	('B070657', '20180706057', 'a070657', NULL, 'I', '2018-07-06', 1, 1500, 1500, 3600, 1),
	('B070658', '20180706058', 'a070658', NULL, 'I', '2018-07-06', 1, 9000, 9000, 243000, 1),
	('B070659', '20180706059', 'a070659', NULL, 'I', '2018-07-06', 1, 4302, 4302, 137664, 1),
	('B070660', '20180706060', 'a070660', NULL, 'I', '2018-07-06', 1, 3000, 3000, 99000, 1),
	('B070662', '20180706062', 'a070662', NULL, 'I', '2018-07-06', 1, 1433, 1433, 107475, 1),
	('B070663', '20180706063', 'a070663', NULL, 'I', '2018-07-06', 1, 1262, 1262, 63100, 1),
	('B070664', '20180706064', 'a070664', NULL, 'I', '2018-07-06', 1, 1424, 1424, 35600, 1),
	('B070665', '20180706065', 'a070665', NULL, 'I', '2018-07-06', 1, 433, 433, 33341, 1),
	('B070666', '20180706066', 'a070666', NULL, 'I', '2018-07-06', 1, 1200, 1200, 132000, 1),
	('B070667', '20180706067', 'a070667', NULL, 'K', '2018-07-06', 1, 0, 0, 0, 1),
	('B070668', '20180706068', 'a070668', NULL, 'K', '2018-07-06', 1, 1755, 1755, 368550, 1),
	('B070669', '20180706069', 'a070669', NULL, 'K', '2018-07-06', 1, 53, 53, 610, 1),
	('B070670', '20180706070', 'a070670', NULL, 'K', '2018-07-06', 1, 540, 540, 13500, 1),
	('B070671', '20180706071', 'a070671', NULL, 'K', '2018-07-06', 1, 5000, 5000, 250000, 1),
	('B070672', '20180706072', 'a070672', NULL, 'K', '2018-07-06', 1, 25001, 25001, 2175090, 1),
	('B070673', '20180706073', 'a070673', NULL, 'K', '2018-07-06', 1, 10000, 10000, 160000, 1),
	('B070674', '20180706074', 'a070674', NULL, 'I', '2018-07-06', 1, 27, 27, 2025, 1),
	('B070675', '20180706075', 'a070675', NULL, 'I', '2018-07-06', 1, 27, 27, 7560, 1),
	('B070676', '20180706076', 'a070676', NULL, 'K', '2018-07-06', 1, 180, 180, 15840, 1),
	('B070677', '20180706077', 'a070677', NULL, 'K', '2018-07-06', 1, 0, 0, 0, 1),
	('B070678', '20180706078', 'a070678', NULL, 'N', '2018-07-06', 1, 2000, 2000, 30000, 1),
	('B070679', '20180706079', 'a070679', NULL, 'N', '2018-07-06', 1, 4320, 4320, 120960, 1),
	('B070680', '20180706080', 'a070680', NULL, 'N', '2018-07-06', 1, 480, 480, 19200, 1),
	('B070681', '20180706081', 'a070681', NULL, 'M', '2018-07-06', 1, 10200, 10200, 387600, 1),
	('B070682', '20180706082', 'a070682', NULL, 'N', '2018-07-06', 1, 16500, 16500, 627000, 1),
	('B070683', '20180706083', 'a070683', NULL, 'N', '2018-07-06', 1, 7680, 7680, 202368, 1),
	('B070684', '20180706084', 'a070684', NULL, 'N', '2018-07-06', 1, 0, 0, 0, 1),
	('B070685', '20180706085', 'a070685', NULL, 'Z', '2018-07-06', 1, 1000, 1000, 14000, 1),
	('B070686', '20180706086', 'a070686', NULL, 'Z', '2018-07-06', 1, 560, 560, 20160, 1),
	('B070687', '20180706087', 'a070687', NULL, 'Z', '2018-07-06', 1, 1277, 1277, 14047, 1),
	('B070688', '20180706088', 'a070688', NULL, 'Z', '2018-07-06', 1, 2750, 2750, 22275, 1),
	('B070689', '20180706089', 'a070689', NULL, 'Z', '2018-07-06', 1, 400, 400, 12800, 1),
	('B070690', '20180706090', 'a070690', NULL, 'F', '2018-07-06', 1, 10, 10, 3500, 1),
	('B070691', '20180706091', 'a070691', NULL, 'F', '2018-07-06', 1, 25, 25, 9375, 1),
	('B070692', '20180706092', 'a070692', NULL, 'F', '2018-07-06', 1, 6, 6, 1860, 1),
	('B070694', '20180706093', 'a070694', NULL, 'K', '2018-07-06', 1, 27, 27, 2025, 1),
	('B070695', '20180706094', 'a070695', NULL, 'M', '2018-07-06', 1, 7200, 7200, 93600, 1),
	('B070696', '20180706104', 'a070696', NULL, 'K', '2018-07-06', 1, 0, 0, 0, 1),
	('B0709001', '20180709003', 'a0709001', NULL, 'E', '2018-07-09', 1, 15, 15, 203, 1),
	('B0709002', '20180709005', 'a0709002', NULL, 'B', '2018-07-09', 1, 643, 643, 39995, 1),
	('B0709003', '20180709006', 'a0709003', NULL, 'E', '2018-07-09', 1, 0, 0, 0, 1),
	('B0709004', '20180709004', 'a0709004', NULL, 'E', '2018-07-09', 1, 125, 125, 11875, 1),
	('B0709005', '20180709007', 'a0709005', NULL, 'E', '2018-07-09', 1, 15, 15, 825, 1),
	('B0709006', '20180709008', 'a0709006', NULL, 'B', '2018-07-09', 1, 320, 320, 1680, 1),
	('B0709007', '20180709009', 'a0709007', NULL, 'B', '2018-07-09', 1, 70, 70, 1680, 1),
	('B0709008', '20180709010', 'a0709008', NULL, 'E', '2018-07-09', 1, 7, 7, 525, 1),
	('B0709009', '20180709011', 'a0709009', NULL, 'B', '2018-07-09', 1, 207, 207, 15525, 1),
	('B0709111', '20180709015', 'a0709111', NULL, 'B', '2018-07-09', 1, 6000, 6000, 20400, 1),
	('B07100002', '20180710008', 'a07100001', NULL, 'K', '2018-07-10', 1, 128, 128, 53760, 1),
	('B071100000', '20180711001', 'a071100000', NULL, 'N', '2018-07-11', 1, 9600, 9600, 268800, 1),
	('B071200001', '20180712003', 'a071200001', NULL, 'K', '2018-07-12', 1, 190, 190, 13395, 1),
	('B20180706999', '20180713001', 'a20180706999', NULL, 'K', '2018-07-13', 1, 26, 26, 10920, 1),
	('B20180709001', '20180709012', 'a20180709001', NULL, 'B', '2018-07-09', 1, 10500, 10500, 47250, 1),
	('B20180709002', '20180709013', 'a20180709002', NULL, 'K', '2018-07-09', 1, 5000, 5000, 250000, 1),
	('B20180709003', '20180709014', 'a20180709003', NULL, 'B', '2018-07-09', 1, 1000, 1000, 13500, 1),
	('B20180709005', '20180709017', 'a20180709005', NULL, 'E', '2018-07-09', 1, 176, 176, 9504, 1),
	('B20180709006', '20180709018', 'a20180709006', NULL, 'C', '2018-07-09', 1, 1000, 1000, 14000, 1),
	('B20180710002', '20180710005', 'a20180710002', NULL, 'B', '2018-07-10', 1, 4000, 4000, 172000, 1),
	('B20180710003', '20180710006', 'a20180710003', NULL, 'A', '2018-07-10', 1, 11000, 11000, 176000, 1),
	('B20180710005', '20180710002', 'a20180710005', NULL, 'I', '2018-07-10', 1, 7000, 7000, 28000, 1),
	('B20180710006', '20180710003', 'a20180710006', NULL, 'I', '2018-07-10', 1, 10000, 10000, 540000, 1),
	('B20180710007', '20180710004', 'a20180710007', NULL, 'I', '2018-07-10', 1, 6000, 6000, 14400, 1),
	('B20180710008', '20180710009', 'a20180710008', NULL, 'A', '2018-07-10', 1, 11000, 11000, 176000, 1),
	('B2018071100001', '20180711005', 'G20180711001', NULL, 'E', '2018-07-11', 1, 18, 18, 6300, 1),
	('B20180711001', '20180711002', 'A20180711001', NULL, 'K', '2018-07-11', 1, 10000, 10000, 160000, 1),
	('B20180711002', '20180711003', 'a20180710001', NULL, 'K', '2018-07-11', 1, 200, 200, 12000, 1),
	('B20180711003', '20180711006', 'a20180711003', NULL, 'A', '2018-07-11', 1, 2000, 2000, 23000, 1),
	('B20180711004', '20180712001', 'a20180711004', NULL, 'Z', '2018-07-12', 1, 6875, 6875, 55688, 1),
	('B20180712001', '20180711007', 'a20180712001', NULL, 'N', '2018-07-11', 1, 0, 0, 0, 1),
	('B20180712003', '20180712002', 'a20180713006', NULL, 'N', '2018-07-12', 1, 1800, 1800, 23400, 1),
	('B20180713002', '20180713003', 'a20180713002', NULL, 'I', '2018-07-13', 1, 1200, 1200, 64800, 1),
	('B20180713004', '20180713002', 'a20180713004', NULL, 'A', '2018-07-13', 1, 11000, 11000, 176000, 1),
	('B20180713007', '20180713004', 'a20180713007', NULL, 'N', '2018-07-13', 1, 2400, 2400, 91200, 1),
	('B20180713008', '20180713005', 'a20180713008', NULL, 'M', '2018-07-13', 1, 6340, 6340, 177520, 1),
	('QQ333', '20180711004', 'Q333', NULL, 'Q', '2018-07-11', 1, 0, 0, 1, 1),
	('testb0706-1', '20180706001', 'test0706', NULL, 'z', '2018-07-06', 1, 200, 200, 2000, 1),
	('testb0706-2', '20180706002', 'test0706-2', NULL, 'v', '2018-07-06', 1, 150, 150, 1650, 1);
/*!40000 ALTER TABLE `materialentry` ENABLE KEYS */;

-- 傾印  表格 sf.materialinwarehouse 結構
CREATE TABLE IF NOT EXISTS `materialinwarehouse` (
  `storedMaterialID` int(16) unsigned NOT NULL AUTO_INCREMENT,
  `material` varchar(256) NOT NULL,
  `materialEntry` varchar(256) NOT NULL,
  `supplier` int(16) unsigned NOT NULL,
  `packagingID` int(16) unsigned NOT NULL,
  `storedArea` varchar(8) NOT NULL,
  `storedDate` datetime NOT NULL,
  `storedPackageNumber` float unsigned NOT NULL DEFAULT 0,
  `storedWeight` float unsigned NOT NULL DEFAULT 0,
  `storedMoney` float unsigned NOT NULL DEFAULT 0,
  `remainingPackageNumber` int(8) unsigned NOT NULL DEFAULT 0,
  PRIMARY KEY (`storedMaterialID`),
  KEY `storedMaterialID` (`material`),
  KEY `storedMaterialPackagingID` (`packagingID`),
  KEY `storedMaterialEntryID` (`materialEntry`),
  KEY `storedSupplierID` (`supplier`),
  CONSTRAINT `storedMaterialEntryID` FOREIGN KEY (`materialEntry`) REFERENCES `materialentry` (`materialEntryID`),
  CONSTRAINT `storedMaterialID` FOREIGN KEY (`material`) REFERENCES `material` (`materialID`),
  CONSTRAINT `storedMaterialPackagingID` FOREIGN KEY (`packagingID`) REFERENCES `packaging` (`packagingID`),
  CONSTRAINT `storedSupplierID` FOREIGN KEY (`supplier`) REFERENCES `supplier` (`supplierID`)
) ENGINE=InnoDB AUTO_INCREMENT=156 DEFAULT CHARSET=utf8;

-- 正在傾印表格  sf.materialinwarehouse 的資料：~145 rows (大約)
/*!40000 ALTER TABLE `materialinwarehouse` DISABLE KEYS */;
REPLACE INTO `materialinwarehouse` (`storedMaterialID`, `material`, `materialEntry`, `supplier`, `packagingID`, `storedArea`, `storedDate`, `storedPackageNumber`, `storedWeight`, `storedMoney`, `remainingPackageNumber`) VALUES
	(8, 'test01', 'testb0706-1', 198, 138, 'z', '2018-07-06 06:57:48', 200, 200, 2000, 0),
	(9, 'test02', 'testb0706-2', 199, 139, 'v', '2018-07-06 06:57:49', 150, 150, 1650, 129),
	(10, '216C', 'B070601', 50, 39, 'A', '2018-07-06 08:16:51', 11000, 11000, 176000, 0),
	(11, '325B', 'B070602', 68, 54, 'A', '2018-07-06 08:16:52', 1500, 1500, 20250, 1500),
	(12, '988', 'b070603', 180, 126, 'a', '2018-07-06 08:23:42', 1167, 1167, 8169, 1167),
	(13, '543', 'b070604', 118, 83, 'b', '2018-07-06 08:26:39', 16, 16, 560, 16),
	(15, '018', 'b070605', 13, 11, 'b', '2018-07-06 08:30:47', 1051, 1051, 4519, 91),
	(16, '014A', 'b070606', 8, 7, 'B', '2018-07-06 08:55:48', 166, 166, 5976, 166),
	(17, '027', 'B070607', 16, 14, 'B', '2018-07-06 08:59:21', 90, 90, 14400, 50),
	(18, '013A', 'b070608', 6, 6, 'B', '2018-07-06 09:01:14', 3000, 3000, 12000, 3000),
	(19, '217', 'B070609', 52, 41, 'B', '2018-07-06 09:03:28', 1600, 1600, 68800, 1600),
	(20, '765B', 'B070610', 157, 109, 'B', '2018-07-06 09:07:32', 3000, 3000, 10200, 0),
	(21, '216', 'B070611', 49, 37, 'B', '2018-07-06 09:09:10', 750, 750, 3375, 750),
	(22, '012B', 'B070612', 5, 5, 'B', '2018-07-06 09:10:45', 475, 475, 5225, 475),
	(23, '212', 'B070613', 45, 33, 'C', '2018-07-06 09:13:08', 89, 89, 5162, 0),
	(24, '992', 'B070614', 187, 130, 'C', '2018-07-06 09:14:52', 25, 25, 2250, 0),
	(25, '432A', 'B070615', 86, 62, 'C', '2018-07-06 09:16:38', 225, 225, 3150, 175),
	(26, '331', 'B070616', 70, 55, 'C', '2018-07-06 09:19:41', 305, 305, 4270, 305),
	(27, '324', 'B070617', 67, 53, 'C', '2018-07-06 09:27:55', 500, 500, 16000, 100),
	(28, '439D', 'B070618', 112, 76, 'C', '2018-07-06 09:28:38', 2866, 2866, 71650, 2866),
	(29, '542', 'B070619', 117, 82, 'C', '2018-07-06 09:29:28', 344, 344, 9632, 344),
	(30, '323', 'B070621', 66, 52, 'C', '2018-07-06 09:51:42', 1020, 1020, 5610, 1020),
	(31, '019', 'B070622', 14, 12, 'C', '2018-07-06 09:56:05', 405, 405, 17820, 405),
	(32, '765', 'B070623', 156, 108, 'c', '2018-07-06 09:58:32', 21000, 21000, 65100, 7500),
	(33, '434A', 'B070624', 93, 66, 'C', '2018-07-06 10:01:19', 14000, 14000, 336000, 11000),
	(34, '434B', 'B070625', 96, 67, 'C', '2018-07-06 10:14:23', 6000, 6000, 108000, 5000),
	(35, '654B', 'B070626', 133, 95, 'C', '2018-07-06 10:18:36', 18000, 18000, 153000, 0),
	(36, '654C', 'B070627', 136, 96, 'C', '2018-07-06 10:21:16', 2000, 2000, 166000, 0),
	(37, '654H', 'B070628', 139, 97, 'C', '2018-07-06 10:24:13', 2000, 2000, 50000, 0),
	(38, '432', 'B070629', 85, 61, 'C', '2018-07-06 10:26:45', 3600, 3600, 50400, 1800),
	(39, '150', 'B070630', 36, 26, 'C', '2018-07-06 10:28:23', 5670, 5670, 306180, 4536),
	(40, '435', '070631', 101, 69, 'C', '2018-07-06 10:33:40', 8000, 8000, 112000, 5000),
	(41, '654B', 'B070632', 133, 95, 'C', '2018-07-06 10:41:55', 22500, 22500, 191250, 12500),
	(42, '654C', 'B070633', 136, 96, 'C', '2018-07-06 10:43:04', 2500, 2500, 207500, 0),
	(43, '654H', 'B070634', 139, 97, 'C', '2018-07-06 10:44:13', 2500, 2500, 62500, 2500),
	(44, '767B', 'B070635', 160, 112, 'D', '2018-07-06 10:48:38', 7800, 7800, 382200, 6500),
	(45, '657', 'B070636', 142, 99, 'D', '2018-07-06 10:50:07', 1375, 1375, 11138, 0),
	(46, '202', 'B070637', 41, 30, 'H', '2018-07-06 11:00:42', 2000, 2000, 10000, 1000),
	(47, '981', 'B060738', 177, 124, 'H', '2018-07-06 11:02:02', 3000, 3000, 27000, 0),
	(48, '877', 'B070639', 175, 122, 'E', '2018-07-06 11:04:26', 640, 640, 22400, 480),
	(49, '219A', 'B070640', 56, 44, 'E', '2018-07-06 11:06:00', 516, 516, 13416, 344),
	(50, '112', 'B070641', 23, 18, 'E', '2018-07-06 11:10:14', 94, 94, 17014, 94),
	(51, '769', 'B070642', 170, 118, 'E', '2018-07-06 11:11:36', 30, 30, 4800, 30),
	(52, '433D', 'B070652', 90, 65, 'E', '2018-07-06 11:25:11', 3000, 3000, 150000, 0),
	(53, '433C', 'B060750', 88, 64, 'E', '2018-07-06 11:25:18', 3000, 3000, 150000, 3000),
	(54, '023', 'B070643', 15, 13, 'E', '2018-07-06 11:25:23', 7, 7, 4193, 7),
	(55, '340', 'B070644', 72, 57, 'E', '2018-07-06 11:25:36', 270, 270, 41850, 230),
	(56, '766A', 'B070645', 158, 110, 'E', '2018-07-06 11:26:23', 210, 210, 7140, 210),
	(57, '658', 'B070646', 146, 102, 'E', '2018-07-06 11:26:27', 366, 366, 5124, 366),
	(58, '439C', 'B070647', 111, 75, 'E', '2018-07-06 11:26:32', 2000, 2000, 50000, 2000),
	(59, '129', 'B070648', 35, 25, 'E', '2018-07-06 11:26:45', 387, 387, 6192, 387),
	(60, '768', 'B070649', 168, 117, 'E', '2018-07-06 11:26:56', 500, 500, 30000, 500),
	(61, '433D', 'B070651', 90, 65, 'E', '2018-07-06 11:34:23', 3000, 3000, 150000, 2000),
	(62, '760B', 'B070653', 155, 107, 'E', '2018-07-06 11:34:27', 600, 600, 8100, 600),
	(63, '439A', 'B070654', 109, 73, 'E', '2018-07-06 11:34:33', 2550, 2550, 40800, 850),
	(64, '217C', 'B070656', 55, 43, 'I', '2018-07-06 11:43:43', 655, 655, 65500, 655),
	(65, '540-3', 'B070657', 115, 80, 'I', '2018-07-06 11:43:46', 1500, 1500, 3600, 0),
	(66, '548', 'B070658', 127, 88, 'I', '2018-07-06 11:43:48', 9000, 9000, 243000, 8000),
	(67, '546', 'B070659', 124, 86, 'I', '2018-07-06 11:43:53', 4302, 4302, 137664, 4302),
	(68, '546B', 'B070660', 125, 87, 'I', '2018-07-06 11:43:55', 3000, 3000, 99000, 1500),
	(69, '321A', 'B07060061', 63, 49, 'I', '2018-07-06 12:59:05', 2413, 2413, 101346, 2413),
	(70, '551', 'B070664', 129, 90, 'I', '2018-07-06 13:05:50', 1424, 1424, 35600, 1424),
	(71, '552', 'B070665', 201, 141, 'I', '2018-07-06 13:06:01', 433, 433, 33341, 0),
	(72, '217A', 'B070666', 54, 42, 'I', '2018-07-06 13:06:05', 1200, 1200, 132000, 900),
	(73, '994', 'B070672', 188, 131, 'K', '2018-07-06 13:43:55', 25001, 25001, 2175090, 0),
	(74, '767F', 'B070671', 164, 145, 'K', '2018-07-06 13:44:02', 5000, 5000, 250000, 0),
	(75, '115', 'B070669', 31, 22, 'K', '2018-07-06 13:44:10', 53, 53, 610, 53),
	(76, '113', 'B070673', 24, 156, 'K', '2018-07-06 13:45:48', 10000, 10000, 160000, 0),
	(77, '660', 'B070662', 150, 105, 'I', '2018-07-06 14:42:38', 1433, 1433, 107475, 1433),
	(78, '434C', 'B070663', 99, 68, 'I', '2018-07-06 14:42:46', 1262, 1262, 63100, 0),
	(79, '114', 'B070668', 28, 143, 'K', '2018-07-06 14:42:55', 1755, 1755, 368550, 1170),
	(80, '117', 'B070670', 32, 144, 'K', '2018-07-06 14:43:05', 540, 540, 13500, 480),
	(81, '200', 'B070676', 40, 158, 'K', '2018-07-06 14:43:22', 180, 180, 15840, 180),
	(82, '111', 'B070678', 20, 155, 'N', '2018-07-06 15:04:09', 2000, 2000, 30000, 1000),
	(83, '999A', 'B070679', 193, 132, 'N', '2018-07-06 15:04:16', 4320, 4320, 120960, 4320),
	(84, '999M', 'B070680', 196, 194, 'N', '2018-07-06 15:04:40', 480, 480, 19200, 480),
	(85, '999A2', 'B070681', 194, 191, 'M', '2018-07-06 15:04:46', 10200, 10200, 387600, 0),
	(86, '999M3', 'B070682', 197, 136, 'N', '2018-07-06 15:04:49', 16500, 16500, 627000, 0),
	(87, '999MB', 'B070683', 204, 137, 'N', '2018-07-06 15:04:54', 7680, 7680, 202368, 1920),
	(88, '006', 'B070685', 1, 1, 'Z', '2018-07-06 15:04:57', 1000, 1000, 14000, 1000),
	(89, '092', 'B070686', 17, 15, 'Z', '2018-07-06 15:05:25', 560, 560, 20160, 560),
	(90, '657A', 'B070687', 144, 100, 'Z', '2018-07-06 15:05:31', 1277, 1277, 14047, 0),
	(91, '657B', 'B070688', 145, 101, 'Z', '2018-07-06 15:05:34', 2750, 2750, 22275, 1375),
	(92, '871', 'B070689', 171, 185, 'Z', '2018-07-06 15:05:36', 400, 400, 12800, 400),
	(93, '168', 'B070690', 39, 28, 'F', '2018-07-06 15:05:39', 10, 10, 3500, 10),
	(94, '874C', 'B070691', 173, 120, 'F', '2018-07-06 15:05:42', 25, 25, 9375, 25),
	(95, '874D', 'B070692', 206, 199, 'F', '2018-07-06 15:05:43', 6, 6, 1860, 6),
	(96, '208', 'B070694', 43, 31, 'K', '2018-07-06 15:08:41', 27, 27, 2025, 27),
	(97, '988C', 'B070695', 185, 128, 'M', '2018-07-06 15:08:46', 7200, 7200, 93600, 2700),
	(98, '326', 'B0706001', 207, 200, 'B', '2018-07-06 15:48:31', 643, 643, 39995, 0),
	(99, '764B', 'B0706002', 208, 201, 'B', '2018-07-06 15:48:33', 70, 70, 1680, 0),
	(100, '438', 'B0706003', 209, 202, 'B', '2018-07-06 15:48:35', 207, 207, 15525, 0),
	(101, '210B-', 'B0706004', 210, 203, 'B', '2018-07-06 15:48:37', 320, 320, 1680, 0),
	(102, '016A', 'B0706005', 211, 204, 'C', '2018-07-06 15:48:39', 220, 220, 0, 206),
	(103, '026', 'B0706006', 215, 205, 'E', '2018-07-06 15:48:40', 15, 15, 0, 0),
	(104, '982', 'B0706007', 212, 208, 'E', '2018-07-06 15:48:41', 7, 7, 525, 0),
	(105, '224', 'B0706008', 213, 206, 'E', '2018-07-06 15:48:42', 125, 125, 11875, 0),
	(106, '988C', 'B070677', 185, 128, 'K', '2018-07-06 17:05:11', 0, 0, 0, 0),
	(107, '439B', 'B070655', 110, 74, 'E', '2018-07-06 17:08:25', 1200, 1200, 48000, 1200),
	(108, '208', 'B070674', 43, 31, 'I', '2018-07-06 17:19:35', 27, 27, 2025, 0),
	(109, '113', 'B070667', 24, 142, 'K', '2018-07-09 07:49:11', 0, 0, 0, 0),
	(110, '547', 'B070675', 203, 189, 'I', '2018-07-09 08:49:44', 27, 27, 7560, 0),
	(111, '547', 'B070696', 203, 189, 'K', '2018-07-09 08:49:55', 0, 0, 0, 0),
	(112, '999A2', 'B0706015', 194, 191, 'M', '2018-07-09 09:40:09', 13800, 13800, 524400, 12000),
	(113, '999M3', 'B0706016', 197, 195, 'N', '2018-07-09 09:40:10', 15900, 15900, 604200, 14400),
	(114, '332', 'B0709001', 71, 56, 'E', '2018-07-09 10:49:54', 15, 15, 203, 0),
	(115, '999A3', 'B070684', 205, 198, 'N', '2018-07-09 10:51:28', 0, 0, 0, 0),
	(116, '224', 'B0709004', 222, 206, 'E', '2018-07-09 11:16:41', 125, 125, 11875, 125),
	(117, '326', 'B0709002', 221, 200, 'B', '2018-07-09 11:16:45', 643, 643, 39995, 643),
	(118, '026', 'B0709003', 218, 205, 'E', '2018-07-09 11:33:40', 0, 0, 0, 0),
	(119, '026', 'B0709005', 219, 205, 'E', '2018-07-09 11:36:57', 15, 15, 825, 15),
	(120, '210B-', 'B0709006', 224, 203, 'B', '2018-07-09 11:39:33', 320, 320, 1680, 320),
	(121, '764B', 'B0709007', 225, 201, 'B', '2018-07-09 11:41:48', 70, 70, 1680, 70),
	(122, '982', 'B0709008', 226, 208, 'E', '2018-07-09 11:44:03', 7, 7, 525, 7),
	(123, '438', 'B0709009', 228, 202, 'B', '2018-07-09 12:01:18', 207, 207, 15525, 207),
	(124, '216', 'B20180709001', 49, 162, 'B', '2018-07-09 13:32:48', 10500, 10500, 47250, 7500),
	(125, '767F', 'B20180709002', 164, 147, 'K', '2018-07-09 13:32:55', 5000, 5000, 250000, 0),
	(126, '332', 'B20180709003', 71, 56, 'B', '2018-07-09 13:32:57', 1000, 1000, 13500, 1000),
	(127, '765B', 'B0709111', 157, 109, 'B', '2018-07-09 14:27:28', 6000, 6000, 20400, 6000),
	(128, '322A', '20180709004', 64, 168, 'E', '2018-07-09 15:01:10', 180, 180, 9000, 0),
	(129, '320', 'B20180709005', 61, 167, 'E', '2018-07-09 15:01:10', 176, 176, 9504, 0),
	(130, '432A', 'B20180709006', 86, 62, 'C', '2018-07-10 07:52:30', 1000, 1000, 14000, 1000),
	(131, '215', 'B20180710005', 48, 161, 'I', '2018-07-10 09:53:57', 7000, 7000, 28000, 5000),
	(132, '767T', 'B20180710006', 166, 116, 'I', '2018-07-10 11:17:55', 10000, 10000, 540000, 7000),
	(133, '540-3', 'B20180710007', 229, 80, 'I', '2018-07-10 11:17:56', 6000, 6000, 14400, 6000),
	(134, '217', 'B20180710002', 52, 163, 'B', '2018-07-10 11:21:04', 4000, 4000, 172000, 4000),
	(135, '216C', 'B20180710003', 50, 149, 'A', '2018-07-10 11:21:12', 11000, 11000, 176000, 5000),
	(136, '552', '0710001', 230, 141, 'I', '2018-07-10 11:46:36', 433, 433, 33341, 433),
	(137, '547', 'B07100002', 238, 189, 'K', '2018-07-10 13:37:32', 128, 128, 53760, 0),
	(138, '216C', 'B20180710008', 50, 149, 'A', '2018-07-10 13:56:35', 11000, 11000, 176000, 11000),
	(139, '999A3-', 'B071100000', 243, 218, 'N', '2018-07-11 09:29:50', 9600, 9600, 268800, 8800),
	(140, '113', 'B20180711001', 24, 156, 'K', '2018-07-11 11:26:30', 10000, 10000, 160000, 10000),
	(141, '767C', 'B20180711002', 162, 215, 'K', '2018-07-11 11:29:00', 200, 200, 12000, 0),
	(142, '217AC', 'QQ333', 244, 219, 'Q', '2018-07-11 14:19:46', 0, 0, 1, 0),
	(143, '168', 'B2018071100001', 39, 28, 'E', '2018-07-11 16:18:22', 18, 18, 6300, 18),
	(144, '014B', 'B20180711003', 9, 8, 'A', '2018-07-11 16:48:12', 2000, 2000, 23000, 2000),
	(145, '657B', 'B20180711004', 145, 101, 'Z', '2018-07-12 10:12:06', 6875, 6875, 55688, 6875),
	(146, '988A', 'B20180712003', 181, 127, 'N', '2018-07-12 14:10:54', 1800, 1800, 23400, 1800),
	(147, '213', 'B071200001', 46, 150, 'K', '2018-07-12 16:20:31', 190, 190, 13395, 190),
	(148, '547', 'B20180706999', 238, 189, 'K', '2018-07-13 09:44:07', 26, 26, 10920, 26),
	(149, '216C', 'B20180713004', 50, 149, 'A', '2018-07-13 09:46:23', 11000, 11000, 176000, 11000),
	(150, '767T', 'B20180713002', 166, 116, 'I', '2018-07-13 13:27:38', 1200, 1200, 64800, 1200),
	(151, '228A', 'B20180713007', 58, 171, 'N', '2018-07-13 16:12:39', 2400, 2400, 91200, 2400),
	(152, '999A2', 'B20180712001', 194, 191, 'N', '2018-07-13 16:12:55', 0, 0, 0, 0),
	(153, '999A3-', 'B20180713008', 243, 218, 'M', '2018-07-13 16:16:20', 6340, 6340, 177520, 6340);
/*!40000 ALTER TABLE `materialinwarehouse` ENABLE KEYS */;

-- 傾印  表格 sf.materialoutwarehouse 結構
CREATE TABLE IF NOT EXISTS `materialoutwarehouse` (
  `tookOutMaterialID` int(16) unsigned NOT NULL AUTO_INCREMENT,
  `materialInWarehouseID` int(16) unsigned NOT NULL,
  `materialRequisition` varchar(256) NOT NULL,
  `outWarehouseArea` varchar(8) NOT NULL,
  `outWarehouseDate` datetime NOT NULL,
  `outWarehouseDepartment` varchar(256) NOT NULL,
  `outWarehouseMember` varchar(256) NOT NULL,
  `outWarehousePackageNumber` int(8) unsigned NOT NULL DEFAULT 0,
  PRIMARY KEY (`tookOutMaterialID`),
  KEY `outWarehouseMaterialRequisitionID` (`materialRequisition`),
  KEY `outWarehouseMaterialInWarehouseID` (`materialInWarehouseID`),
  CONSTRAINT `outWarehouseMaterialInWarehouseID` FOREIGN KEY (`materialInWarehouseID`) REFERENCES `materialinwarehouse` (`storedMaterialID`),
  CONSTRAINT `outWarehouseMaterialRequisitionID` FOREIGN KEY (`materialRequisition`) REFERENCES `materialrequisition` (`materialRequisitionID`)
) ENGINE=InnoDB DEFAULT CHARSET=utf8;

-- 正在傾印表格  sf.materialoutwarehouse 的資料：~0 rows (大約)
/*!40000 ALTER TABLE `materialoutwarehouse` DISABLE KEYS */;
/*!40000 ALTER TABLE `materialoutwarehouse` ENABLE KEYS */;

-- 傾印  表格 sf.materialrequisition 結構
CREATE TABLE IF NOT EXISTS `materialrequisition` (
  `materialRequisitionID` varchar(256) NOT NULL,
  `materialInWarehouseID` int(16) unsigned NOT NULL,
  `material` varchar(256) NOT NULL,
  `supplier` int(16) unsigned NOT NULL,
  `packaging` int(16) unsigned NOT NULL,
  `storedArea` varchar(8) NOT NULL,
  `requisitioningDate` datetime NOT NULL,
  `requisitioningDepartment` varchar(256) NOT NULL,
  `requisitioningMember` varchar(256) NOT NULL,
  `requisitionedPackageNumber` float unsigned NOT NULL DEFAULT 0,
  PRIMARY KEY (`materialRequisitionID`),
  KEY `requisitionMaterial` (`material`),
  KEY `requisitionSupplierID` (`supplier`),
  KEY `requisitionPackagingID` (`packaging`),
  KEY `requisitionMaterialInWarehouseId` (`materialInWarehouseID`),
  CONSTRAINT `requisitionMaterial` FOREIGN KEY (`material`) REFERENCES `material` (`materialID`),
  CONSTRAINT `requisitionMaterialInWarehouseId` FOREIGN KEY (`materialInWarehouseID`) REFERENCES `materialinwarehouse` (`storedMaterialID`),
  CONSTRAINT `requisitionPackagingID` FOREIGN KEY (`packaging`) REFERENCES `packaging` (`packagingID`),
  CONSTRAINT `requisitionSupplierID` FOREIGN KEY (`supplier`) REFERENCES `supplier` (`supplierID`)
) ENGINE=InnoDB DEFAULT CHARSET=utf8;

-- 正在傾印表格  sf.materialrequisition 的資料：~116 rows (大約)
/*!40000 ALTER TABLE `materialrequisition` DISABLE KEYS */;
REPLACE INTO `materialrequisition` (`materialRequisitionID`, `materialInWarehouseID`, `material`, `supplier`, `packaging`, `storedArea`, `requisitioningDate`, `requisitioningDepartment`, `requisitioningMember`, `requisitionedPackageNumber`) VALUES
	('00000001', 35, '654B', 133, 95, 'C', '2018-07-06 10:36:49', '999', '999', 18000),
	('00000002', 36, '654C', 136, 96, 'C', '2018-07-06 10:39:14', '999', '999', 2000),
	('00000003', 37, '654H', 139, 97, 'C', '2018-07-06 10:39:57', '999', '999', 2000),
	('00001', 23, '212', 45, 33, 'C', '2018-07-06 09:23:19', 'a', 'b', 89),
	('00002', 8, 'test01', 198, 138, 'z', '2018-07-06 08:31:20', 'a', 'b', 40),
	('1', 103, '026', 215, 205, 'E', '2018-07-10 11:37:41', '1', '1', 15),
	('11', 105, '224', 213, 206, 'E', '2018-07-10 11:34:27', '11', '11', 125),
	('111', 104, '982', 212, 208, 'E', '2018-07-10 11:36:37', '111', '111', 7),
	('1111', 99, '764B', 208, 201, 'B', '2018-07-10 11:33:20', '1111', '1111', 70),
	('2', 101, '210B-', 210, 203, 'B', '2018-07-10 11:39:05', '2', '2', 320),
	('22', 100, '438', 209, 202, 'B', '2018-07-10 11:39:53', '22', '22', 22),
	('222', 100, '438', 209, 202, 'B', '2018-07-10 11:40:47', '222', '222', 185),
	('2222', 98, '326', 207, 200, 'B', '2018-07-10 11:41:33', '2222', '2222', 643),
	('2266', 137, '547', 238, 189, 'K', '2018-07-10 15:23:03', '2266', '2266', 102),
	('3', 108, '208', 43, 31, 'I', '2018-07-10 11:42:30', '3', '3', 27),
	('33', 71, '552', 201, 141, 'I', '2018-07-10 11:44:18', '33', '33', 433),
	('33333', 52, '433D', 90, 65, 'E', '2018-07-10 14:50:56', '333', '333', 3000),
	('9', 74, '767F', 164, 145, 'K', '2018-07-10 10:00:18', '9', '9', 5000),
	('99', 114, '332', 71, 56, 'E', '2018-07-09 13:11:01', '99', '99', 15),
	('999', 86, '999M3', 197, 136, 'N', '2018-07-09 09:35:58', '9999', '9999', 16500),
	('9999', 85, '999A2', 194, 191, 'M', '2018-07-09 09:33:08', '9999', '9999', 10200),
	('99999', 20, '765B', 157, 109, 'B', '2018-07-09 14:25:54', '99999', '99999', 3000),
	('9999999', 110, '547', 203, 189, 'I', '2018-07-10 08:44:46', '99999', '99999', 26),
	('c00001', 8, 'test01', 198, 138, 'z', '2018-07-06 08:28:18', 'a', 'b', 100),
	('C0706001', 79, '114', 28, 143, 'K', '2018-07-06 16:25:36', '樹脂區', '張建峰', 585),
	('C0706002', 73, '994', 188, 131, 'K', '2018-07-06 16:28:36', '樹脂區', '張建峰', 25001),
	('C0706011', 41, '654B', 133, 95, 'C', '2018-07-06 16:32:12', '塗膜劑區', '張建峰', 2500),
	('C0706012', 42, '654C', 136, 96, 'C', '2018-07-06 16:33:30', '塗膜劑區', '張建峰', 2500),
	('C0706013', 32, '765', 156, 108, 'c', '2018-07-06 16:35:16', '塗膜劑區', '張建峰', 2000),
	('C0706014', 32, '765', 156, 108, 'c', '2018-07-09 08:06:40', '塗膜劑', '張建峰', 3000),
	('C0706015', 40, '435', 101, 69, 'C', '2018-07-09 08:19:25', '塗膜劑', '張建峰', 1000),
	('C0706032', 110, '547', 203, 189, 'I', '2018-07-09 08:51:04', '混合區', '林坤榮', 1),
	('C0706051', 87, '999MB', 204, 137, 'N', '2018-07-09 09:43:35', '打料一區', '林坤昇', 1280),
	('C0706052', 82, '111', 20, 155, 'N', '2018-07-09 09:41:46', '打料一區', '林坤昇', 1000),
	('C0706053', 72, '217A', 54, 42, 'I', '2018-07-09 09:45:28', '打料一區', '林坤昇', 100),
	('C0706054', 25, '432A', 86, 62, 'C', '2018-07-09 09:46:38', '打料一區', '林坤昇', 325),
	('C0706055', 72, '217A', 54, 42, 'I', '2018-07-09 09:48:07', '打料二區', '阿諾', 175),
	('C0706056', 113, '999M3', 197, 195, 'N', '2018-07-09 09:49:17', '打料二區', '阿諾', 600),
	('C0706057', 112, '999A2', 194, 191, 'M', '2018-07-09 09:50:27', '打料二區', '阿諾', 300),
	('C0706058', 90, '657A', 144, 100, 'Z', '2018-07-09 10:42:58', '填充組', 'A', 1277),
	('C07061111', 80, '117', 32, 144, 'K', '2018-07-10 14:34:04', '品保', '黃雅婷', 30),
	('C0709001', 76, '113', 24, 156, 'K', '2018-07-09 16:55:37', '樹脂區', '張建峰', 10000),
	('C0709011', 10, '216C', 50, 39, 'A', '2018-07-09 15:13:22', '混合組', '林坤榮', 5000),
	('C0709030', 39, '150', 36, 26, 'C', '2018-07-09 13:37:22', '塗膜劑', '林景濤', 1134),
	('C0709031', 63, '439A', 109, 73, 'E', '2018-07-09 13:38:52', '塗膜劑區', '林景濤', 850),
	('C0709032', 32, '765', 156, 108, 'c', '2018-07-09 13:40:40', '塗膜劑區', '林景濤', 1000),
	('C0709033', 38, '432', 85, 61, 'C', '2018-07-09 13:42:31', '塗膜劑區', '林景濤', 1800),
	('C0709034', 47, '981', 177, 124, 'H', '2018-07-09 13:44:24', '塗膜劑區', '林景濤', 3000),
	('C0709035', 46, '202', 41, 30, 'H', '2018-07-09 13:45:25', '塗膜劑', '林景濤', 1000),
	('C0709036', 128, '322A', 64, 168, 'E', '2018-07-09 15:02:53', '塗膜劑', '林景濤', 180),
	('C0709037', 129, '320', 61, 167, 'E', '2018-07-09 15:03:41', '塗膜劑', '林景濤', 176),
	('C0709038', 44, '767B', 160, 112, 'D', '2018-07-09 15:05:22', '塗膜劑', '林景濤', 1300),
	('C0710001', 125, '767F', 164, 147, 'K', '2018-07-10 10:01:28', '樹脂區', '張建峰', 5000),
	('C0710011', 49, '219A', 56, 44, 'E', '2018-07-10 14:48:00', '塗膜劑', '林景濤', 172),
	('C0710012', 33, '434A', 93, 66, 'C', '2018-07-10 14:49:25', '塗膜劑', '林景濤', 2000),
	('C0710013', 61, '433D', 90, 65, 'E', '2018-07-10 14:51:36', '塗膜劑', '林景濤', 1000),
	('C0710014', 32, '765', 156, 108, 'c', '2018-07-10 14:53:03', '塗膜劑', '林景濤', 2000),
	('C0710031', 87, '999MB', 204, 137, 'N', '2018-07-10 10:14:32', '打料一區', '林坤昇', 960),
	('C0710032', 97, '988C', 185, 128, 'M', '2018-07-10 10:08:47', '打料一區', '林坤昇', 900),
	('C0710033', 97, '988C', 185, 128, 'M', '2018-07-10 10:09:45', '打料二區', '阿諾', 900),
	('C0710034', 113, '999M3', 197, 195, 'N', '2018-07-10 10:15:30', '打料二區', '阿諾', 300),
	('C0710035', 112, '999A2', 194, 191, 'M', '2018-07-10 10:16:50', '打料二區', '阿諾', 600),
	('C0710041', 10, '216C', 50, 39, 'A', '2018-07-10 15:39:37', '混合組', '林坤榮', 6000),
	('C0710051', 97, '988C', 185, 128, 'M', '2018-07-11 09:35:32', '打料一區', '林坤昇', 900),
	('C0710052', 87, '999MB', 204, 137, 'N', '2018-07-11 09:38:25', '打料一區', '林坤昇', 960),
	('C0710071', 112, '999A2', 194, 191, 'M', '2018-07-11 09:33:49', '打料二區', '阿諾', 300),
	('C0710072', 139, '999A3-', 243, 218, 'N', '2018-07-11 09:32:53', '打料二區', '阿諾', 400),
	('C0711001', 141, '767C', 162, 215, 'K', '2018-07-11 11:31:02', '樹脂區', '張建峰', 200),
	('C0711002', 24, '992', 187, 130, 'C', '2018-07-11 11:32:20', '樹脂區', '張建峰', 25),
	('C0711003', 102, '016A', 211, 204, 'C', '2018-07-11 11:35:09', '樹脂區', '張建峰', 14),
	('C0711004', 102, '016A', 211, 204, 'C', '2018-07-11 11:40:26', '樹脂區', '張建峰', 1),
	('C0711031', 131, '215', 48, 161, 'I', '2018-07-11 09:55:37', '混和區', '林坤榮', 2000),
	('C0711032', 66, '548', 127, 88, 'I', '2018-07-11 10:01:09', '混合組', '林坤榮', 1000),
	('C0711033', 68, '546B', 125, 87, 'I', '2018-07-11 10:12:46', '混和區', '林坤昇', 1500),
	('C0711034', 132, '767T', 166, 116, 'I', '2018-07-11 10:14:37', '混和區', '林坤榮', 2000),
	('C0711051', 87, '999MB', 204, 137, 'N', '2018-07-12 08:47:41', '打料一區', '林坤昇', 1280),
	('C0711052', 97, '988C', 185, 128, 'M', '2018-07-12 08:48:56', '打料一區', '林坤昇', 900),
	('C0711053', 112, '999A2', 194, 191, 'M', '2018-07-12 08:50:29', '打料一區', '林坤昇', 300),
	('C0711054', 113, '999M3', 197, 195, 'N', '2018-07-12 08:51:49', '打二區', '阿諾', 600),
	('C0711071', 91, '657B', 145, 101, 'Z', '2018-07-12 08:58:45', '填充組', '賴玉英', 1375),
	('C0712011', 63, '439A', 109, 73, 'E', '2018-07-12 11:04:01', '塗膜劑', '林景濤', 850),
	('C0712012', 32, '765', 156, 108, 'c', '2018-07-12 11:07:23', '塗膜劑', '林景濤', 4000),
	('C0712013', 41, '654B', 133, 95, 'C', '2018-07-12 11:09:47', '塗膜劑', '林景濤', 5000),
	('C0712014', 34, '434B', 96, 67, 'C', '2018-07-12 11:10:47', '塗膜劑', '林景濤', 1000),
	('C0712015', 40, '435', 101, 69, 'C', '2018-07-12 11:12:17', '塗膜劑', '林景濤', 1000),
	('C0712031', 65, '540-3', 115, 80, 'I', '2018-07-12 09:54:49', '混和區', '林坤榮', 1500),
	('C0712032', 17, '027', 16, 14, 'B', '2018-07-12 09:56:30', '混合組', '林坤榮', 40),
	('C0712033', 55, '340', 72, 57, 'E', '2018-07-12 09:58:11', '混和區', '林坤榮', 40),
	('C07120334', 27, '324', 67, 53, 'C', '2018-07-12 09:59:35', '混和區', '林坤榮', 400),
	('C0712035', 15, '018', 13, 11, 'b', '2018-07-12 10:01:22', '混和區', '林坤榮', 960),
	('C0712036', 124, '216', 49, 162, 'B', '2018-07-12 14:14:49', '混合組', '林坤昇', 3000),
	('C0712037', 135, '216C', 50, 149, 'A', '2018-07-12 14:27:38', '混合組', '林坤榮', 6000),
	('C0712051', 87, '999MB', 204, 137, 'N', '2018-07-13 10:17:58', '打料一區', '林坤昇', 640),
	('C0712052', 72, '217A', 54, 42, 'I', '2018-07-13 10:19:10', '打料一區', '林坤昇', 25),
	('C0712054', 97, '988C', 185, 128, 'M', '2018-07-13 10:22:07', '打料一區', '林坤昇', 900),
	('C0712055', 32, '765', 156, 108, 'c', '2018-07-13 10:23:55', '打料區', '阿諾', 1500),
	('C0712056', 112, '999A2', 194, 191, 'M', '2018-07-13 10:24:57', '打料二區', '阿諾', 300),
	('C0712091', 80, '117', 32, 144, 'K', '2018-07-12 16:45:52', '品保', '黃雅婷', 30),
	('C071253', 25, '432A', 86, 62, 'C', '2018-07-13 10:20:51', '打料一區', '林坤昇', 50),
	('C0713011', 45, '657', 142, 99, 'D', '2018-07-13 10:33:21', '塗膜劑', '林景濤', 1375),
	('C0713012', 33, '434A', 93, 66, 'C', '2018-07-13 10:35:41', '塗膜劑', '林景濤', 1000),
	('C0713013', 40, '435', 101, 69, 'C', '2018-07-13 10:36:33', '塗膜劑', '林景濤', 1000),
	('C0713014', 41, '654B', 133, 95, 'C', '2018-07-13 10:38:10', '塗膜劑', '林景濤', 2500),
	('C0713015', 48, '877', 175, 122, 'E', '2018-07-13 10:39:03', '塗膜劑', '林景濤', 160),
	('C0713031', 132, '767T', 166, 116, 'I', '2018-07-13 11:21:24', '混合組', '林坤榮', 1000),
	('C0713032', 78, '434C', 99, 68, 'I', '2018-07-13 11:19:46', '混合組', '林坤榮', 1262),
	('C0713051', 87, '999MB', 204, 137, 'N', '2018-07-13 11:24:36', '打料一區', '林坤昇', 640),
	('C0713061', 139, '999A3-', 243, 218, 'N', '2018-07-13 11:48:29', '打料二區', '阿諾', 400),
	('d0150', 9, 'test02', 199, 139, 'v', '2018-07-10 08:14:34', 'a15', 'b11', 10),
	('test008', 9, 'test02', 199, 139, 'v', '2018-07-10 08:13:36', 'c01', 'a01', 1),
	('testc0706-1', 8, 'test01', 198, 138, 'z', '2018-07-06 07:00:51', 'test supplier1', 'c111', 15),
	('testc0706-2', 8, 'test01', 198, 138, 'z', '2018-07-06 07:01:50', 'testcollector2', 'c112', 30),
	('TESTC0706003', 8, 'test01', 198, 138, 'z', '2018-07-06 08:19:12', '1', 'C01', 15),
	('testc071201', 9, 'test02', 199, 139, 'v', '2018-07-12 06:21:45', 'adf', 'er', 2),
	('testc111', 9, 'test02', 199, 139, 'v', '2018-07-06 11:59:14', 'rer', '221', 10),
	('x99', 137, '547', 238, 189, 'K', '2018-07-13 09:42:04', 'x99', 'x99', 26);
/*!40000 ALTER TABLE `materialrequisition` ENABLE KEYS */;

-- 傾印  表格 sf.materialusage 結構
CREATE TABLE IF NOT EXISTS `materialusage` (
  `materialUsageID` int(16) unsigned NOT NULL AUTO_INCREMENT,
  `material` varchar(256) NOT NULL,
  `usingDepartment` varchar(256) NOT NULL,
  PRIMARY KEY (`materialUsageID`),
  KEY `materialUsageMaterialID` (`material`),
  CONSTRAINT `materialUsageMaterialID` FOREIGN KEY (`material`) REFERENCES `material` (`materialID`)
) ENGINE=InnoDB AUTO_INCREMENT=175 DEFAULT CHARSET=utf8;

-- 正在傾印表格  sf.materialusage 的資料：~172 rows (大約)
/*!40000 ALTER TABLE `materialusage` DISABLE KEYS */;
REPLACE INTO `materialusage` (`materialUsageID`, `material`, `usingDepartment`) VALUES
	(1, '006', '打料區'),
	(2, '007', '研發部'),
	(3, '011', '填充組'),
	(4, '012A', '混合組'),
	(5, '012B', '混合組'),
	(6, '013A', '混合組'),
	(7, '014A', '混合組'),
	(8, '014B', '混合組'),
	(9, '015A', '混合組'),
	(10, '017A', '混合組'),
	(11, '018', '混合組'),
	(12, '019', '混合組'),
	(13, '023', '塗模劑'),
	(14, '027', '混合組'),
	(15, '092', '塗模劑'),
	(16, '092', '打料區'),
	(17, '092', '品保'),
	(18, '097', '樹脂區'),
	(19, '111', '打料區'),
	(20, '112', '塗模劑'),
	(21, '113', '樹脂區'),
	(22, '113A', '樹脂區'),
	(23, '114', '樹脂區'),
	(24, '115', '樹脂區'),
	(25, '117', '樹脂區'),
	(26, '128', '塗模劑'),
	(27, '129', '研發部'),
	(28, '150', '塗模劑'),
	(29, '153A', '塗模劑'),
	(30, '168', '塗模劑'),
	(31, '200', '塗模劑'),
	(32, '202', '塗模劑'),
	(33, '202', '混合組'),
	(34, '208', '研發部'),
	(35, '209', '塗模劑'),
	(36, '212', '塗模劑'),
	(37, '213', '塗模劑'),
	(38, '214', '塗模劑'),
	(39, '215', '混合組'),
	(40, '216', '混合組'),
	(41, '216A', '混合組'),
	(42, '216C', '混合組'),
	(43, '216F', '混合組'),
	(44, '217', '混合組'),
	(45, '217A', '混合組'),
	(46, '217A', '打料區'),
	(47, '217C', '混合組'),
	(48, '219A', '塗模劑'),
	(49, '228A', '混合組'),
	(50, '228A', '打料區'),
	(51, '228B', '混合組'),
	(52, '320', '塗模劑'),
	(53, '321', '混合組'),
	(54, '321A', '混合組'),
	(55, '322A', '塗模劑'),
	(56, '322B', '塗模劑'),
	(57, '323', '混合組'),
	(58, '324', '混合組'),
	(59, '325B', '混合組'),
	(60, '331', '混合組'),
	(61, '332', '混合組'),
	(62, '340', '混合組'),
	(63, '340', '塗模劑'),
	(64, '340', '填充組\r\n'),
	(65, '420', '研發部'),
	(66, '430', '混合組'),
	(67, '431A', '混合組'),
	(68, '432', '塗模劑'),
	(69, '432A', '混合組'),
	(70, '432B', '研發部'),
	(71, '433C', '塗模劑'),
	(72, '433D', '塗模劑'),
	(73, '434A', '塗模劑'),
	(74, '434B', '塗模劑'),
	(75, '434C', '塗模劑'),
	(76, '435', '塗模劑'),
	(77, '435B', '填充組'),
	(78, '436', '混合組'),
	(79, '437A', '混合組'),
	(80, '439A', '混合組'),
	(81, '439A', '塗模劑'),
	(82, '439B', '混合組'),
	(83, '439C', '塗模劑'),
	(84, '439D', '混合組'),
	(85, '507', '研發部'),
	(86, '508', '研發部'),
	(87, '513', '研發部'),
	(88, '540-3', '混合組'),
	(89, '540-4', '混合組'),
	(90, '542', '混合組'),
	(91, '543', '混合組'),
	(92, '544G', '塗模劑'),
	(93, '544G', '混合組'),
	(94, '545', '混合組'),
	(95, '546', '混合組'),
	(96, '546B', '混合組'),
	(97, '548', '混合組'),
	(98, '549', '混合組'),
	(99, '551', '混合組'),
	(100, '650', '混合組'),
	(101, '651', '研發部'),
	(102, '654A', '混合組'),
	(103, '654AB', '混合組'),
	(104, '654B', '塗模劑'),
	(105, '654C', '塗模劑'),
	(106, '654H', '塗模劑'),
	(107, '655', '塗模劑'),
	(108, '657', '塗模劑'),
	(109, '657A', '填充組'),
	(110, '657B', '填充組'),
	(111, '658', '塗模劑'),
	(112, '659', '混合組'),
	(113, '659C', '混合組'),
	(114, '660', '混合組'),
	(115, '760A', '塗模劑'),
	(116, '760B', '塗模劑'),
	(117, '765', '塗模劑'),
	(118, '765', '打料區'),
	(119, '765B', '混合組'),
	(120, '766A', '混合組'),
	(121, '767A', '塗模劑'),
	(122, '767B', '塗模劑'),
	(123, '767C', '塗模劑'),
	(124, '767D', '樹脂區'),
	(125, '767F', '樹脂區'),
	(126, '767T', '混合組'),
	(127, '768', '塗模劑'),
	(128, '769', '塗模劑'),
	(129, '871', '打料區'),
	(130, '874C', '塗模劑'),
	(131, '874F', '研發部'),
	(132, '877', '塗模劑'),
	(133, '980', '塗模劑'),
	(134, '981', '混合組'),
	(135, '986', '研發部'),
	(136, '988', '混合組'),
	(137, '988A', '打料區'),
	(138, '988C', '打料區'),
	(139, '990', '打料區'),
	(140, '992', '塗模劑'),
	(141, '994', '樹脂區'),
	(142, '999A', '打料區'),
	(143, '999A2', '打料區'),
	(144, '999A6', '研發部'),
	(145, '999M', '打料區'),
	(146, '999M3', '打料區'),
	(147, '999MB', '打料區'),
	(148, 'test01', '測試單位1'),
	(149, 'test02', '測試單位2'),
	(150, 'test03', '測試單位3'),
	(151, '552', '樹脂區'),
	(152, '113', '1'),
	(153, '874D', '塗膜劑'),
	(154, '326', '混和區'),
	(155, '764B', '混和區'),
	(156, '438', '混和區'),
	(157, '210B-', '混和區'),
	(158, '016A', '混和區'),
	(159, '026', '塗膜劑'),
	(160, '982', '塗膜劑'),
	(161, '987', '塗膜劑'),
	(162, '224', '塗膜劑'),
	(163, '547', '混和區'),
	(164, '026', '塗膜劑'),
	(165, '026', '塗膜劑'),
	(166, '224', '塗膜劑區'),
	(168, '438', '混和區'),
	(169, '998', '混合組'),
	(170, '998', '塗膜劑組'),
	(171, '999A3-', '打料區'),
	(172, '217AC', '打料區'),
	(173, '999A*', '打料區');
/*!40000 ALTER TABLE `materialusage` ENABLE KEYS */;

-- 傾印  表格 sf.packaging 結構
CREATE TABLE IF NOT EXISTS `packaging` (
  `packagingID` int(16) unsigned NOT NULL AUTO_INCREMENT,
  `material` varchar(256) NOT NULL,
  `packaging` varchar(256) NOT NULL,
  `unitWeight` float unsigned NOT NULL DEFAULT 0,
  PRIMARY KEY (`packagingID`),
  KEY `packagingMaterialID` (`material`),
  CONSTRAINT `packagingMaterialID` FOREIGN KEY (`material`) REFERENCES `material` (`materialID`)
) ENGINE=InnoDB AUTO_INCREMENT=223 DEFAULT CHARSET=utf8;

-- 正在傾印表格  sf.packaging 的資料：~222 rows (大約)
/*!40000 ALTER TABLE `packaging` DISABLE KEYS */;
REPLACE INTO `packaging` (`packagingID`, `material`, `packaging`, `unitWeight`) VALUES
	(1, '006', '包', 1),
	(2, '007', '包', 1),
	(3, '011', '包', 1),
	(4, '012A', '包', 1),
	(5, '012B', '包', 1),
	(6, '013A', '包', 1),
	(7, '014A', '包', 1),
	(8, '014B', '包', 1),
	(9, '015A', '包', 1),
	(10, '017A', '包', 1),
	(11, '018', '包', 1),
	(12, '019', '包', 1),
	(13, '023', '包', 1),
	(14, '027', '包', 1),
	(15, '092', '包', 1),
	(16, '097', '包', 1),
	(17, '111', '包', 1),
	(18, '112', '包', 1),
	(19, '113', '包', 1),
	(20, '113A', '包', 1),
	(21, '114', '包', 1),
	(22, '115', '包', 1),
	(23, '117', '包', 1),
	(24, '128', '包', 1),
	(25, '129', '包', 1),
	(26, '150', '包', 1),
	(27, '153A', '包', 1),
	(28, '168', '包', 1),
	(29, '200', '包', 1),
	(30, '202', '包', 1),
	(31, '208', '包', 1),
	(32, '209', '包', 1),
	(33, '212', '包', 1),
	(34, '213', '包', 1),
	(35, '214', '包', 1),
	(36, '215', '包', 1),
	(37, '216', '包', 1),
	(38, '216A', '包', 1),
	(39, '216C', '包', 1),
	(40, '216F', '包', 1),
	(41, '217', '包', 1),
	(42, '217A', '包', 1),
	(43, '217C', '包', 1),
	(44, '219A', '包', 1),
	(45, '228A', '包', 1),
	(46, '228B', '包', 1),
	(47, '320', '包', 1),
	(48, '321', '包', 1),
	(49, '321A', '包', 1),
	(50, '322A', '包', 1),
	(51, '322B', '包', 1),
	(52, '323', '包', 1),
	(53, '324', '包', 1),
	(54, '325B', '包', 1),
	(55, '331', '包', 1),
	(56, '332', '包', 1),
	(57, '340', '包', 1),
	(58, '420', '包', 1),
	(59, '430', '包', 1),
	(60, '431A', '包', 1),
	(61, '432', '包', 1),
	(62, '432A', '包', 1),
	(63, '432B', '包', 1),
	(64, '433C', '包', 1),
	(65, '433D', '包', 1),
	(66, '434A', '包', 1),
	(67, '434B', '包', 1),
	(68, '434C', '包', 1),
	(69, '435', '包', 1),
	(70, '435B', '包', 1),
	(71, '436', '包', 1),
	(72, '437A', '包', 1),
	(73, '439A', '包', 1),
	(74, '439B', '包', 1),
	(75, '439C', '包', 1),
	(76, '439D', '包', 1),
	(77, '507', '包', 1),
	(78, '508', '包', 1),
	(79, '513', '包', 1),
	(80, '540-3', '包', 1),
	(81, '540-4', '包', 1),
	(82, '542', '包', 1),
	(83, '543', '包', 1),
	(84, '544G', '包', 1),
	(85, '545', '包', 1),
	(86, '546', '包', 1),
	(87, '546B', '包', 1),
	(88, '548', '包', 1),
	(89, '549', '包', 1),
	(90, '551', '包', 1),
	(91, '650', '包', 1),
	(92, '651', '包', 1),
	(93, '654A', '包', 1),
	(94, '654AB', '包', 1),
	(95, '654B', '包', 1),
	(96, '654C', '包', 1),
	(97, '654H', '包', 1),
	(98, '655', '包', 1),
	(99, '657', '包', 1),
	(100, '657A', '包', 1),
	(101, '657B', '包', 1),
	(102, '658', '包', 1),
	(103, '659', '包', 1),
	(104, '659C', '包', 1),
	(105, '660', '包', 1),
	(106, '760A', '包', 1),
	(107, '760B', '包', 1),
	(108, '765', '包', 1),
	(109, '765B', '包', 1),
	(110, '766A', '包', 1),
	(111, '767A', '包', 1),
	(112, '767B', '包', 1),
	(113, '767C', '包', 1),
	(114, '767D', '包', 1),
	(115, '767F', '包', 1),
	(116, '767T', '包', 1),
	(117, '768', '包', 1),
	(118, '769', '包', 1),
	(119, '871', '包', 1),
	(120, '874C', '包', 1),
	(121, '874F', '包', 1),
	(122, '877', '包', 1),
	(123, '980', '包', 1),
	(124, '981', '包', 1),
	(125, '986', '包', 1),
	(126, '988', '包', 1),
	(127, '988A', '包', 1),
	(128, '988C', '包', 1),
	(129, '990', '包', 1),
	(130, '992', '包', 1),
	(131, '994', '包', 1),
	(132, '999A', '包', 1),
	(133, '999A2', '包', 1),
	(134, '999A6', '包', 1),
	(135, '999M', '包', 1),
	(136, '999M3', '包', 1),
	(137, '999MB', '包', 1),
	(138, 'test01', '袋', 1),
	(139, 'test02', '袋', 1),
	(140, 'test03', '袋', 1),
	(141, '552', '包', 1),
	(142, '113', '頓桶', 1),
	(143, '114', '桶', 1),
	(144, '117', '桶', 1),
	(145, '767F', '桶', 1),
	(146, '994', '頓桶', 1),
	(147, '767F', '頓桶', 1),
	(148, '767D', '頓桶', 1),
	(149, '216C', '頓袋', 1),
	(150, '213', '桶', 1),
	(151, '117', '桶', 1),
	(152, '023', '桶', 1),
	(153, '097', '噸桶', 1),
	(154, '011', '噸桶', 1),
	(155, '111', '噸桶', 1),
	(156, '113', '噸桶', 1),
	(157, '112', '桶', 1),
	(158, '200', '桶', 1),
	(159, '202', '頓袋', 1),
	(160, '202', '頓袋', 1),
	(161, '215', '頓袋', 1),
	(162, '216', '頓袋', 1),
	(163, '217', '頓袋', 1),
	(164, '217C', '頓袋', 1),
	(165, '217A', '桶', 1),
	(166, '219A', '噸桶', 1),
	(167, '320', '噸桶', 1),
	(168, '322A', '噸桶', 1),
	(169, '877', '噸桶', 1),
	(170, '430', '噸桶', 1),
	(171, '228A', '噸袋', 1),
	(172, '228B', '噸袋', 1),
	(173, '433C', '噸袋', 1),
	(174, '433D', '噸袋', 1),
	(175, '434A', '噸袋', 1),
	(176, '434B', '噸袋', 1),
	(177, '435', '噸袋', 1),
	(178, '435B', '噸袋', 1),
	(179, '439A', '噸袋', 1),
	(180, '654B', '噸袋', 1),
	(181, '654C', '噸袋', 1),
	(182, '654H', '噸袋', 1),
	(183, '765', '噸袋', 1),
	(184, '769', '桶', 1),
	(185, '871', '桶', 1),
	(186, '981', '頓袋', 1),
	(187, '990', '桶', 1),
	(188, '994', '噸桶', 1),
	(189, '547', '包', 1),
	(190, '999A', '箱', 1),
	(191, '999A2', '箱', 1),
	(192, '999A6', '箱', 1),
	(193, '999A2', '箱', 1),
	(194, '999M', '箱', 1),
	(195, '999M3', '箱', 1),
	(196, '999MB', '包', 1),
	(197, '999A', '包', 1),
	(198, '999A3', '包', 1),
	(199, '874D', '包', 1),
	(200, '326', '桶', 1),
	(201, '764B', '包', 1),
	(202, '438', '包', 1),
	(203, '210B-', '包', 1),
	(204, '016A', '包', 1),
	(205, '026', '包', 1),
	(206, '224', '桶', 1),
	(207, '987', '包', 1),
	(208, '982', '桶', 1),
	(209, '547', '包', 10),
	(210, '026', '包', 15),
	(211, '026', '包', 1),
	(212, '224', '桶', 1),
	(213, '026', '包', 1),
	(214, '438', '包', 1),
	(215, '767C', '桶', 1),
	(216, '998', '包', 1),
	(217, '999A', '包', 20),
	(218, '999A3-', '包', 1),
	(219, '217AC', '包', 26),
	(220, '999A*', '包', 1),
	(221, '999A*', '包', 1);
/*!40000 ALTER TABLE `packaging` ENABLE KEYS */;

-- 傾印  表格 sf.purchaseorder 結構
CREATE TABLE IF NOT EXISTS `purchaseorder` (
  `purchaseOrderID` varchar(256) NOT NULL,
  `material` varchar(256) NOT NULL,
  `supplier` int(16) unsigned NOT NULL,
  `packaging` int(16) unsigned NOT NULL,
  `purchaseCondition` varchar(256) NOT NULL,
  `issueDate` datetime NOT NULL,
  `purchasedPackageNumber` float unsigned NOT NULL DEFAULT 0,
  `notEnteredPackageNumber` float unsigned NOT NULL DEFAULT 0,
  PRIMARY KEY (`purchaseOrderID`),
  KEY `purchaseOrderMaterialID` (`material`),
  KEY `purchaseOrderSupplierID` (`supplier`),
  KEY `purchaseOrderPackagingID` (`packaging`),
  CONSTRAINT `purchaseOrderMaterialID` FOREIGN KEY (`material`) REFERENCES `material` (`materialID`),
  CONSTRAINT `purchaseOrderPackagingID` FOREIGN KEY (`packaging`) REFERENCES `packaging` (`packagingID`),
  CONSTRAINT `purchaseOrderSupplierID` FOREIGN KEY (`supplier`) REFERENCES `supplier` (`supplierID`)
) ENGINE=InnoDB DEFAULT CHARSET=utf8;

-- 正在傾印表格  sf.purchaseorder 的資料：~7 rows (大約)
/*!40000 ALTER TABLE `purchaseorder` DISABLE KEYS */;
REPLACE INTO `purchaseorder` (`purchaseOrderID`, `material`, `supplier`, `packaging`, `purchaseCondition`, `issueDate`, `purchasedPackageNumber`, `notEnteredPackageNumber`) VALUES
	('a0706001', '326', 207, 200, '一般', '0000-00-00 00:00:00', 643, 0),
	('a0706002', '764B', 208, 201, '一般', '0000-00-00 00:00:00', 70, 0),
	('a0706003', '438', 209, 202, '一般', '0000-00-00 00:00:00', 207, 0),
	('a0706004', '210B-', 210, 203, '一般', '0000-00-00 00:00:00', 320, 0),
	('a0706005', '016A', 211, 204, '一般', '0000-00-00 00:00:00', 220, 0),
	('a0706006', '026', 215, 205, '一般', '0000-00-00 00:00:00', 15, 0),
	('a0706007', '982', 212, 208, '一般', '0000-00-00 00:00:00', 7, 0),
	('a0706008', '224', 213, 206, '一般', '0000-00-00 00:00:00', 125, 0),
	('A070601', '216C', 50, 39, '一般', '0000-00-00 00:00:00', 11000, 0),
	('a0706015', '999A2', 194, 191, '一般', '0000-00-00 00:00:00', 13800, 0),
	('a0706016', '999M3', 197, 195, '一般', '0000-00-00 00:00:00', 15900, 0),
	('A070602', '325B', 68, 54, '一般', '0000-00-00 00:00:00', 1500, 0),
	('a070603', '988', 180, 126, '一般', '0000-00-00 00:00:00', 1167, 0),
	('a070604', '543', 118, 83, '一般', '0000-00-00 00:00:00', 16, 0),
	('a070605', '018', 13, 11, '一般', '0000-00-00 00:00:00', 1051, 0),
	('A070606', '014A', 8, 7, '一般', '0000-00-00 00:00:00', 166, 0),
	('a070607', '027', 16, 14, '一般', '0000-00-00 00:00:00', 90, 0),
	('a070608', '013A', 6, 6, '一般', '0000-00-00 00:00:00', 3000, 0),
	('a070609', '217', 52, 41, '一般', '0000-00-00 00:00:00', 1600, 0),
	('a070610', '765B', 157, 109, '一般', '0000-00-00 00:00:00', 3000, 0),
	('a070611', '216', 49, 37, '一般', '0000-00-00 00:00:00', 750, 0),
	('a070612', '012B', 5, 5, '一般', '0000-00-00 00:00:00', 475, 0),
	('A070613', '212', 45, 33, '一般', '0000-00-00 00:00:00', 89, 0),
	('a070614', '992', 187, 130, '一般', '0000-00-00 00:00:00', 25, 0),
	('a070615', '432A', 86, 62, '一般', '0000-00-00 00:00:00', 225, 0),
	('a070616', '331', 70, 55, '一般', '0000-00-00 00:00:00', 305, 0),
	('a070617', '324', 67, 53, '一般', '0000-00-00 00:00:00', 500, 0),
	('a070618', '439D', 112, 76, '一般', '0000-00-00 00:00:00', 2866, 0),
	('a070619', '542', 117, 82, '一般', '0000-00-00 00:00:00', 344, 0),
	('a070620', '019', 14, 12, '一般', '0000-00-00 00:00:00', 405, 0),
	('a070621', '323', 66, 52, '一般', '0000-00-00 00:00:00', 1020, 0),
	('a070622', '019', 14, 12, '一般', '0000-00-00 00:00:00', 405, 0),
	('a070623', '765', 156, 108, '一般', '0000-00-00 00:00:00', 21000, 0),
	('a070624', '434A', 93, 66, '一般', '0000-00-00 00:00:00', 14000, 0),
	('a070625', '434B', 96, 67, '一般', '0000-00-00 00:00:00', 6000, 0),
	('a070626', '654B', 133, 95, '一般', '0000-00-00 00:00:00', 18000, 0),
	('a070627', '654C', 136, 96, '一般', '0000-00-00 00:00:00', 2000, 0),
	('a070628', '654H', 139, 97, '一般', '0000-00-00 00:00:00', 3000, 1000),
	('a070629', '432', 85, 61, '一般', '0000-00-00 00:00:00', 3600, 0),
	('a070630', '150', 36, 26, '一般', '0000-00-00 00:00:00', 5670, 0),
	('a070631', '435', 101, 69, '一般', '0000-00-00 00:00:00', 8000, 0),
	('a070632', '654B', 133, 95, '一般', '0000-00-00 00:00:00', 22500, 0),
	('a070633', '654C', 136, 96, '一般', '0000-00-00 00:00:00', 2500, 0),
	('a070634', '654H', 139, 97, '一般', '0000-00-00 00:00:00', 2500, 0),
	('a070635', '767B', 160, 112, '一般', '0000-00-00 00:00:00', 7800, 0),
	('a070636', '657', 142, 99, '一般', '0000-00-00 00:00:00', 1375, 0),
	('a070637', '202', 41, 30, '一般', '0000-00-00 00:00:00', 2000, 0),
	('a070638', '981', 177, 124, '一般', '0000-00-00 00:00:00', 3000, 0),
	('a070639', '877', 175, 122, '一般', '0000-00-00 00:00:00', 640, 0),
	('a070640', '219A', 56, 44, '一般', '0000-00-00 00:00:00', 516, 0),
	('a070641', '112', 23, 18, '一般', '0000-00-00 00:00:00', 94, 0),
	('a070642', '769', 170, 118, '一般', '0000-00-00 00:00:00', 30, 0),
	('a070643', '023', 15, 13, '一般', '0000-00-00 00:00:00', 7, 0),
	('a070644', '340', 72, 57, '一般', '0000-00-00 00:00:00', 270, 0),
	('a070645', '766A', 158, 110, '一般', '0000-00-00 00:00:00', 210, 0),
	('a070646', '658', 146, 102, '一般', '0000-00-00 00:00:00', 366, 0),
	('a070647', '439C', 111, 75, '一般', '0000-00-00 00:00:00', 2000, 0),
	('a070648', '129', 35, 25, '一般', '0000-00-00 00:00:00', 387, 0),
	('a070649', '768', 168, 117, '一般', '0000-00-00 00:00:00', 500, 0),
	('a070650', '433C', 88, 64, '一般', '0000-00-00 00:00:00', 3000, 0),
	('a070651', '433D', 90, 65, '一般', '0000-00-00 00:00:00', 3000, 0),
	('a070652', '433D', 90, 65, '一般', '0000-00-00 00:00:00', 3000, 0),
	('a070653', '760B', 155, 107, '一般', '0000-00-00 00:00:00', 600, 0),
	('a070654', '439A', 109, 73, '一般', '0000-00-00 00:00:00', 2550, 0),
	('a070655', '439B', 110, 74, '一般', '0000-00-00 00:00:00', 1200, 0),
	('a070656', '217C', 55, 43, '一般', '0000-00-00 00:00:00', 655, 0),
	('a070657', '540-3', 115, 80, '一般', '0000-00-00 00:00:00', 1500, 0),
	('a070658', '548', 127, 88, '一般', '0000-00-00 00:00:00', 9000, 0),
	('a070659', '546', 124, 86, '一般', '0000-00-00 00:00:00', 4302, 0),
	('a070660', '546B', 125, 87, '一般', '0000-00-00 00:00:00', 3000, 0),
	('a070661', '321A', 63, 49, '一般', '0000-00-00 00:00:00', 2413, 0),
	('a070662', '660', 150, 105, '一般', '0000-00-00 00:00:00', 1433, 0),
	('a070663', '434C', 99, 68, '一般', '0000-00-00 00:00:00', 1262, 0),
	('a070664', '551', 129, 90, '一般', '0000-00-00 00:00:00', 1424, 0),
	('a070665', '552', 201, 141, '一般', '0000-00-00 00:00:00', 433, 0),
	('a070666', '217A', 54, 42, '一般', '0000-00-00 00:00:00', 1200, 0),
	('a070667', '113', 24, 142, '一般', '0000-00-00 00:00:00', 10000, 10000),
	('a070668', '114', 28, 143, '一般', '0000-00-00 00:00:00', 1755, 0),
	('a070669', '115', 31, 22, '一般', '0000-00-00 00:00:00', 53, 0),
	('a070670', '117', 32, 144, '一般', '0000-00-00 00:00:00', 540, 0),
	('a070671', '767F', 164, 145, '一般', '0000-00-00 00:00:00', 5000, 0),
	('a070672', '994', 188, 131, '一般', '0000-00-00 00:00:00', 25001, 0),
	('a070673', '113', 24, 156, '一般', '0000-00-00 00:00:00', 10000, 0),
	('a070674', '208', 43, 31, '一般', '0000-00-00 00:00:00', 27, 0),
	('a070675', '547', 203, 189, '一般', '0000-00-00 00:00:00', 27, 0),
	('a070676', '200', 40, 158, '一般', '0000-00-00 00:00:00', 180, 0),
	('a070677', '988C', 185, 128, '一般', '0000-00-00 00:00:00', 7200, 7200),
	('a070678', '111', 20, 155, '一般', '0000-00-00 00:00:00', 2000, 0),
	('a070679', '999A', 193, 132, '一般', '0000-00-00 00:00:00', 4320, 0),
	('a070680', '999M', 196, 194, '一般', '0000-00-00 00:00:00', 480, 0),
	('a070681', '999A2', 194, 191, '一般', '0000-00-00 00:00:00', 10200, 0),
	('a070682', '999M3', 197, 136, '一般', '0000-00-00 00:00:00', 16500, 0),
	('a070683', '999MB', 204, 137, '一般', '0000-00-00 00:00:00', 7680, 0),
	('a070684', '999A3', 205, 198, '一般', '0000-00-00 00:00:00', 11520, 11520),
	('a070685', '006', 1, 1, '一般', '0000-00-00 00:00:00', 1000, 0),
	('a070686', '092', 17, 15, '一般', '0000-00-00 00:00:00', 560, 0),
	('a070687', '657A', 144, 100, '一般', '0000-00-00 00:00:00', 2153, 876),
	('a070688', '657B', 145, 101, '一般', '0000-00-00 00:00:00', 2750, 0),
	('a070689', '871', 171, 185, '一般', '0000-00-00 00:00:00', 400, 0),
	('a070690', '168', 39, 28, '一般', '0000-00-00 00:00:00', 10, 0),
	('a070691', '874C', 173, 120, '一般', '0000-00-00 00:00:00', 25, 0),
	('a070692', '874D', 206, 199, '一般', '0000-00-00 00:00:00', 6, 0),
	('a070693', '209', 44, 32, '一般', '0000-00-00 00:00:00', 50, 50),
	('a070694', '208', 43, 31, '一般', '0000-00-00 00:00:00', 27, 0),
	('a070695', '988C', 185, 128, '一般', '0000-00-00 00:00:00', 7200, 0),
	('a070696', '547', 203, 189, '一般', '0000-00-00 00:00:00', 27, 27),
	('a0709001', '332', 71, 56, '一般', '0000-00-00 00:00:00', 1000, 0),
	('a0709002', '326', 221, 200, '一般', '0000-00-00 00:00:00', 643, 0),
	('a0709003', '026', 218, 205, '一般', '0000-00-00 00:00:00', 15, 15),
	('a0709004', '224', 222, 206, '一般', '0000-00-00 00:00:00', 125, 0),
	('a0709005', '026', 219, 205, '一般', '0000-00-00 00:00:00', 15, 0),
	('a0709006', '210B-', 224, 203, '一般', '0000-00-00 00:00:00', 320, 0),
	('a0709007', '764B', 225, 201, '一般', '0000-00-00 00:00:00', 70, 0),
	('a0709008', '982', 226, 208, '一般', '0000-00-00 00:00:00', 7, 0),
	('a0709009', '438', 228, 202, '一般', '0000-00-00 00:00:00', 207, 0),
	('a0709111', '765B', 157, 109, '一般', '0000-00-00 00:00:00', 6000, 0),
	('a07100001', '547', 238, 189, '一般', '0000-00-00 00:00:00', 128, 0),
	('a0710001', '552', 230, 141, '一般', '0000-00-00 00:00:00', 433, 0),
	('a0710002', '547', 237, 189, '一般', '0000-00-00 00:00:00', 26, 26),
	('a071100000', '999A3-', 243, 218, '一般', '0000-00-00 00:00:00', 9600, 0),
	('a071200001', '213', 46, 150, '一般', '0000-00-00 00:00:00', 190, 0),
	('a20180706999', '547', 238, 189, '一般', '0000-00-00 00:00:00', 26, 0),
	('a20180709001', '216', 49, 162, '一般', '0000-00-00 00:00:00', 10500, 0),
	('a20180709002', '767F', 164, 147, '一般', '0000-00-00 00:00:00', 5000, 0),
	('a20180709003', '332', 71, 56, '一般', '0000-00-00 00:00:00', 1000, 0),
	('a20180709004', '322A', 64, 168, '一般', '0000-00-00 00:00:00', 180, 0),
	('a20180709005', '320', 61, 167, '一般', '0000-00-00 00:00:00', 176, 0),
	('a20180709006', '432A', 86, 62, '一般', '0000-00-00 00:00:00', 1000, 0),
	('a20180710001', '767C', 162, 215, '一般', '0000-00-00 00:00:00', 240, 40),
	('a20180710002', '217', 52, 163, '一般', '0000-00-00 00:00:00', 4000, 0),
	('a20180710003', '216C', 50, 149, '一般', '0000-00-00 00:00:00', 11000, 0),
	('a20180710004', '215', 48, 161, '一般', '0000-00-00 00:00:00', 7000, 0),
	('a20180710005', '215', 48, 161, '一般', '0000-00-00 00:00:00', 7000, 0),
	('a20180710006', '767T', 166, 116, '一般', '0000-00-00 00:00:00', 10000, 0),
	('a20180710007', '540-3', 229, 80, '一般', '0000-00-00 00:00:00', 6000, 0),
	('a20180710008', '216C', 50, 149, '一般', '0000-00-00 00:00:00', 11000, 0),
	('A20180711001', '113', 24, 156, '一般', '0000-00-00 00:00:00', 10000, 0),
	('a20180711002', '540-3', 229, 80, '一般', '0000-00-00 00:00:00', 6000, 6000),
	('a20180711003', '014B', 9, 8, '一般', '0000-00-00 00:00:00', 2000, 0),
	('a20180711004', '657B', 145, 101, '一般', '0000-00-00 00:00:00', 6875, 0),
	('a20180712001', '999A2', 194, 191, '一般', '0000-00-00 00:00:00', 4500, 4500),
	('a20180712002', '994', 189, 188, '一般', '0000-00-00 00:00:00', 25000, 25000),
	('a20180712003', 'test01', 198, 138, '一般', '0000-00-00 00:00:00', 11, 11),
	('a20180713001', '432A', 86, 62, '一般', '0000-00-00 00:00:00', 1000, 1000),
	('a20180713002', '767T', 166, 116, '一般', '0000-00-00 00:00:00', 11200, 10000),
	('a20180713003', '988C', 185, 128, '一般', '0000-00-00 00:00:00', 12600, 12600),
	('a20180713004', '216C', 50, 149, '一般', '0000-00-00 00:00:00', 11000, 0),
	('a20180713005', '994', 189, 188, '一般', '0000-00-00 00:00:00', 25000, 25000),
	('a20180713006', '988A', 181, 127, '一般', '0000-00-00 00:00:00', 12600, 10800),
	('a20180713007', '228A', 58, 171, '一般', '0000-00-00 00:00:00', 2400, 0),
	('a20180713008', '999A3-', 243, 218, '一般', '0000-00-00 00:00:00', 6340, 0),
	('A20180715014', '016A', 211, 204, '特採', '2018-07-15 15:09:23', 300, 300),
	('a20180716001', '981', 178, 124, '一般', '0000-00-00 00:00:00', 3840, 3840),
	('a20180716002', '202', 41, 159, '一般', '0000-00-00 00:00:00', 4000, 4000),
	('a20180717001', '111', 20, 155, '一般', '0000-00-00 00:00:00', 3000, 3000),
	('a20180717002', '114', 28, 143, '一般', '0000-00-00 00:00:00', 2340, 2340),
	('a20180717003', '434B', 96, 176, '一般', '0000-00-00 00:00:00', 20000, 20000),
	('B070613', '212', 45, 33, '一般', '0000-00-00 00:00:00', 89, 0),
	('G20180711001', '168', 39, 28, '回收料', '0000-00-00 00:00:00', 18, 0),
	('PO001', '006', 1, 1, '回收料', '0000-00-00 00:00:00', 100, 60),
	('PO002', '011', 3, 3, '回收料', '0000-00-00 00:00:00', 200, 200),
	('Q333', '217AC', 244, 219, '一般', '0000-00-00 00:00:00', 39, 39),
	('test0706', 'test01', 198, 138, '一般', '0000-00-00 00:00:00', 200, 0),
	('test0706-2', 'test02', 199, 139, '一般', '0000-00-00 00:00:00', 150, 0);
/*!40000 ALTER TABLE `purchaseorder` ENABLE KEYS */;

-- 傾印  表格 sf.supplier 結構
CREATE TABLE IF NOT EXISTS `supplier` (
  `supplierID` int(16) unsigned NOT NULL AUTO_INCREMENT,
  `supplierName` varchar(256) NOT NULL,
  `material` varchar(256) NOT NULL,
  `unitPrice` float unsigned NOT NULL DEFAULT 0,
  PRIMARY KEY (`supplierID`),
  KEY `supplierMaterial` (`material`)
) ENGINE=InnoDB AUTO_INCREMENT=249 DEFAULT CHARSET=utf8;

-- 正在傾印表格  sf.supplier 的資料：~248 rows (大約)
/*!40000 ALTER TABLE `supplier` DISABLE KEYS */;
REPLACE INTO `supplier` (`supplierID`, `supplierName`, `material`, `unitPrice`) VALUES
	(1, '協明', '006', 14),
	(2, '協明', '007', 32),
	(3, '高矽', '011', 7),
	(4, '協明', '012A', 11),
	(5, '協明', '012B', 11),
	(6, '建鹽', '013A', 4),
	(7, '冠佳', '013A', 4),
	(8, '新生', '014A', 36),
	(9, '新生', '014B', 11.5),
	(10, '協明', '015A', 5.5),
	(11, '今冠', '015A', 5.5),
	(12, '協明', '017A', 45),
	(13, '培林', '018', 4.3),
	(14, '協明', '019', 44),
	(15, '淳政', '023', 599),
	(16, '淳政', '027', 160),
	(17, '協明', '092', 36),
	(18, '今冠', '092', 36),
	(19, '協明', '097', 18),
	(20, '永弘沅', '111', 15),
	(21, '裕民', '111', 15),
	(22, '皇鏵', '111', 15),
	(23, '勝日', '112', 181),
	(24, '佳欣', '113', 16),
	(25, '欣和', '113', 16),
	(26, '佳欣', '113A', 16),
	(27, '欣和', '113A', 16),
	(28, '淳政', '114', 210),
	(29, '青島愛森', '114', 210),
	(30, '安徽矽寶', '114', 210),
	(31, '新生', '115', 11.5),
	(32, '協明', '117', 25),
	(33, '今冠', '117', 25),
	(34, '太倉', '128', 50),
	(35, '培林', '129', 16),
	(36, '台亨', '150', 54),
	(37, '亞而', '150', 54),
	(38, '洛陽強業', '153A', 132),
	(39, '培林', '168', 350),
	(40, '鴻益', '200', 88),
	(41, '大佳順', '202', 5),
	(42, '見得行', '202', 5),
	(43, '協明', '208', 75),
	(44, '協明', '209', 80),
	(45, '協明', '212', 58),
	(46, '健城', '213', 70.5),
	(47, '興龍銓', '214', 25),
	(48, '弘竹', '215', 4),
	(49, '弘竹', '216', 4.5),
	(50, '弘竹', '216C', 16),
	(51, '隆傑', '216C', 16),
	(52, '弘竹', '217', 43),
	(53, '鮮豐', '217', 43),
	(54, '弘友', '217A', 110),
	(55, '弘友', '217C', 100),
	(56, '興龍銓', '219A', 26),
	(57, 'G.A.', '228A', 38),
	(58, '玉禮', '228A', 38),
	(59, '新蘭諾', '228A', 38),
	(60, '新蘭諾', '228B', 32),
	(61, '興龍銓', '320', 54),
	(62, '見得行', '321', 40),
	(63, '厚健', '321A', 42),
	(64, '興龍銓', '322A', 50),
	(65, '興龍銓', '322B', 53),
	(66, '品興', '323', 5.5),
	(67, '磊盈', '324', 32),
	(68, '日耀', '325B', 13.5),
	(69, '裕民', '325B', 13.5),
	(70, '見得行', '331', 14),
	(71, '潤優', '332', 13.5),
	(72, '勤和', '340', 155),
	(73, '興龍銓', '420', 80),
	(74, '皇霖', '430', 13.4),
	(75, '皇裕', '430', 13.4),
	(76, '瀚升', '430', 13.4),
	(77, '凱瑞', '430', 13.4),
	(78, '啟琳', '430', 13.4),
	(79, '皇霖', '430', 13.4),
	(80, '皇裕', '430', 13.4),
	(81, '瀚升', '430', 13.4),
	(82, '凱瑞', '430', 13.4),
	(83, '啟琳', '430', 13.4),
	(84, '培林', '431A', 9),
	(85, '忠正', '432', 14),
	(86, '金宏', '432A', 14),
	(87, '太倉', '432B', 24),
	(88, '東佑', '433C', 50),
	(89, '晉榮', '433C', 50),
	(90, '東佑', '433D', 50),
	(91, '晉榮', '433D', 50),
	(92, '海達', '434A', 24),
	(93, '金宏', '434A', 24),
	(94, '見得行', '434A', 24),
	(95, '海達', '434B', 18),
	(96, '金宏', '434B', 18),
	(97, '見得行', '434B', 18),
	(98, 'G.A.', '434C', 50),
	(99, '青島南墅', '434C', 50),
	(100, '青島興和', '434C', 50),
	(101, '南方石墨', '435', 14),
	(102, '潤優', '435', 14),
	(103, '青島泛化', '435', 14),
	(104, '晟邦', '435', 14),
	(105, '潤優', '435B', 9),
	(106, '見得行', '435B', 9),
	(107, '見得行', '436', 42),
	(108, '三福', '437A', 30),
	(109, '穗曄', '439A', 16),
	(110, '台灣聚?', '439B', 40),
	(111, '宏邦', '439C', 25),
	(112, '宏邦', '439D', 25),
	(113, '泓垣霖', '507', 49),
	(114, '惠民', '508', 100),
	(115, '志純', '540-3', 2.4),
	(116, '凰瑋', '540-4', 2.15),
	(117, '培林', '542', 28),
	(118, '協明', '543', 35),
	(119, '培林', '544G', 50),
	(120, '鉅倞', '544G', 50),
	(121, '協明', '545', 20),
	(122, '金益', '545', 20),
	(123, '裕民', '545', 20),
	(124, '雲南', '546', 32),
	(125, '協明', '546B', 33),
	(126, '金益', '546B', 33),
	(127, '湖南青沖', '548', 27),
	(128, '磊盈', '548', 27),
	(129, '雲南氟業', '551', 25),
	(130, '協明', '650', 22),
	(131, '培林', '654A', 42),
	(132, '培林', '654AB', 40),
	(133, '金宏', '654B', 8.5),
	(134, '玉禮', '654B', 8.5),
	(135, '卓越', '654B', 8.5),
	(136, '金宏', '654C', 83),
	(137, '卓越', '654C', 83),
	(138, '玉禮', '654C', 83),
	(139, '金宏', '654H', 25),
	(140, '峰達', '654H', 25),
	(141, '興龍銓', '655', 195),
	(142, '培林', '657', 8.1),
	(143, '磊盈', '657A', 11),
	(144, '培林', '657A', 11),
	(145, '培林', '657B', 8.1),
	(146, '聖騰', '658', 14),
	(147, '珪昌', '659', 49),
	(148, '永駿興', '659', 49),
	(149, '仁豐行', '659C', 37),
	(150, '太倉', '660', 75),
	(151, '開化方元', '660', 75),
	(152, '忠正', '760A', 35),
	(153, '弘友', '760A', 35),
	(154, '見得行', '760A', 35),
	(155, '寬易', '760B', 13.5),
	(156, '金晶', '765', 3.1),
	(157, '金晶', '765B', 3.4),
	(158, '仁豐', '766A', 34),
	(159, '惠民', '767A', 650),
	(160, '聖泉', '767B', 49),
	(161, '艾門諦', '767B', 49),
	(162, '金隆', '767C', 60),
	(163, '佳欣', '767D', 50),
	(164, '佳欣', '767F', 50),
	(165, '台菱', '767F', 50),
	(166, '欣和', '767T', 54),
	(167, '艾門諦', '767T', 54),
	(168, '台灣聚?', '768', 60),
	(169, '冠佳', '768', 60),
	(170, '合記', '769', 160),
	(171, '合富行 ', '871', 32),
	(172, '佳欣', '871', 32),
	(173, '銘陽', '874C', 375),
	(174, '太倉', '874F', 460),
	(175, '興龍銓', '877', 35),
	(176, '培林', '980', 32),
	(177, '宏軒', '981', 9),
	(178, '見得行', '981', 9),
	(179, '太倉', '986', 205),
	(180, '太盟', '988', 7),
	(181, '太盟', '988A', 13),
	(182, '協新', '988A', 13),
	(183, '太倉', '988A', 13),
	(184, '巨暉', '988A', 13),
	(185, '太盟', '988C', 13),
	(186, '建鴻', '990', 33),
	(187, '全', '992', 90),
	(188, '一諾', '994', 87),
	(189, '宏業', '994', 87),
	(190, '青島泛化', '994', 87),
	(191, '大連駿鵬', '994', 87),
	(192, '金焰', '999A', 28),
	(193, '汎遠', '999A', 28),
	(194, '汎遠', '999A2', 38),
	(195, '碩揚', '999A6', 100),
	(196, '汎遠', '999M', 40),
	(197, '汎遠', '999M3', 38),
	(198, 'supplier01', 'test01', 10),
	(199, 'supplier02', 'test02', 11),
	(200, 'supplier03', 'test03', 12),
	(201, '?', '552', 77),
	(202, '', '547', 280),
	(203, '?', '547', 280),
	(204, '魯陽', '999MB', 26.35),
	(205, '金焰', '999A3', 28),
	(206, '銘陽?', '874D', 310),
	(207, '?', '326', 62.2),
	(208, '?', '764B', 24),
	(209, '?', '438', 75),
	(210, '?', '210B-', 5.25),
	(211, '協明', '016A', 0),
	(212, '?', '982', 75),
	(213, '?', '224', 95),
	(214, '?', '987', 420),
	(215, '?', '026', 0),
	(216, '?', '026', 55),
	(217, '?', '547', 280),
	(218, '協明', '026', 0),
	(219, '協明', '026', 55),
	(220, '協明', '026', 55),
	(221, '太倉', '326', 62.2),
	(222, '建鴻', '224', 95),
	(223, '協明', '026', 55),
	(224, '義發', '210B-', 5.25),
	(225, '珪昌', '764B', 24),
	(226, '今冠', '982', 75),
	(227, '范遠', '999A2', 38),
	(228, '三福', '438', 75),
	(229, '金晶', '540-3', 2.4),
	(230, '欣和', '552', 77),
	(231, '欣和', '552', 77),
	(232, '982', '982', 75),
	(233, '547', '547', 280),
	(234, '987', '987', 420),
	(235, '太倉', '998', 105.6),
	(236, '欣和', '552', 77),
	(237, '台亨', '547', 280),
	(238, '全鐭', '547', 420),
	(239, '協明', '026', 15),
	(240, '台亨', '547', 280),
	(241, '全金興', '987', 420),
	(242, '淄博金焰', '999A3', 28),
	(243, '淄博金焰', '999A3-', 28),
	(244, 'AC', '217AC', 18.25),
	(245, 'AA', '217AA', 29.55),
	(246, '淄博金焰', '999A*', 28),
	(247, '淄博金焰', '999A*', 28);
/*!40000 ALTER TABLE `supplier` ENABLE KEYS */;

-- 傾印  表格 sf.user 結構
CREATE TABLE IF NOT EXISTS `user` (
  `userID` varchar(256) NOT NULL,
  `userName` varchar(256) NOT NULL,
  `password` varchar(256) NOT NULL,
  `authority` char(8) NOT NULL,
  PRIMARY KEY (`userID`)
) ENGINE=InnoDB DEFAULT CHARSET=utf8;

-- 正在傾印表格  sf.user 的資料：~1 rows (大約)
/*!40000 ALTER TABLE `user` DISABLE KEYS */;
REPLACE INTO `user` (`userID`, `userName`, `password`, `authority`) VALUES
	('admin', 'System Administrator', '$2y$10$VIBa5Ziq56jFt5HjI83EKOzG7618HQ9vVp7N3cSB.HJiNMvcCs2ay', 'admin');
/*!40000 ALTER TABLE `user` ENABLE KEYS */;

/*!40101 SET SQL_MODE=IFNULL(@OLD_SQL_MODE, '') */;
/*!40014 SET FOREIGN_KEY_CHECKS=IF(@OLD_FOREIGN_KEY_CHECKS IS NULL, 1, @OLD_FOREIGN_KEY_CHECKS) */;
/*!40101 SET CHARACTER_SET_CLIENT=@OLD_CHARACTER_SET_CLIENT */;
