-- --------------------------------------------------------
-- 主機:                           localhost
-- 伺服器版本:                        10.2.13-MariaDB-log - mariadb.org binary distribution
-- 伺服器操作系統:                      Win64
-- HeidiSQL 版本:                  9.5.0.5196
-- --------------------------------------------------------

/*!40101 SET @OLD_CHARACTER_SET_CLIENT=@@CHARACTER_SET_CLIENT */;
/*!40101 SET NAMES utf8 */;
/*!50503 SET NAMES utf8mb4 */;
/*!40014 SET @OLD_FOREIGN_KEY_CHECKS=@@FOREIGN_KEY_CHECKS, FOREIGN_KEY_CHECKS=0 */;
/*!40101 SET @OLD_SQL_MODE=@@SQL_MODE, SQL_MODE='NO_AUTO_VALUE_ON_ZERO' */;


-- 傾印 sf 的資料庫結構
CREATE DATABASE IF NOT EXISTS `sf` /*!40100 DEFAULT CHARACTER SET utf8 */;
USE `sf`;

-- 傾印  表格 sf.finishedgood 結構
CREATE TABLE IF NOT EXISTS `finishedgood` (
  `finishedGoodID` varchar(256) NOT NULL,
  `finishedGoodType` varchar(256) NOT NULL,
  PRIMARY KEY (`finishedGoodID`)
) ENGINE=InnoDB DEFAULT CHARSET=utf8;

-- 正在傾印表格  sf.finishedgood 的資料：~154 rows (大約)
/*!40000 ALTER TABLE `finishedgood` DISABLE KEYS */;
REPLACE INTO `finishedgood` (`finishedGoodID`, `finishedGoodType`) VALUES
	('CHC-142', '鑄鐵塗模劑'),
	('CML-105', '鑄鋼鋯基塗模劑'),
	('CML-105A', '鑄鋼鋯基塗模劑'),
	('CML-105CB', '鑄鋼鋯基塗模劑'),
	('CML-105G', '鑄鋼鋯基塗模劑'),
	('CML-205', '鑄鋼鋯基塗模劑'),
	('CML-3000', '鑄鋼鋯基塗模劑'),
	('CML-3000G', '鑄鋼鋯基塗模劑'),
	('CML-3000L', '鑄鋼鋯基塗模劑'),
	('CML-3000M1', '鑄鋼鋯基塗模劑'),
	('CML-3000TC', '鑄鋼鋯基塗模劑'),
	('CML-381', '塗模劑'),
	('CMP-A', '砂心修補膏'),
	('CMP-B', '砂心修補膏'),
	('CMP-C', '砂心修補膏'),
	('CMP-D', '砂心修補膏'),
	('CMP-E', '砂心修補膏'),
	('DF-920T', '呋喃樹脂'),
	('DYP-56', '鑄鐵塗模劑'),
	('DYP-62', '鑄鐵塗模劑'),
	('EP-824', '水性塗模劑'),
	('EP-824A', '水性塗模劑'),
	('EW-1005', '消失模塗模劑'),
	('EW-1005T', '消失模塗模劑'),
	('EW-424', '糰狀水性保麗龍塗模劑'),
	('EW-424J', '糰狀水性保麗龍塗模劑'),
	('EW-424Q', '糰狀水性保麗龍塗模劑'),
	('EW-510', '塗模劑'),
	('FL-125', '酒精性塗模劑'),
	('FL-70', '鑄鐵砂模模劑'),
	('FL-70G', '鑄鐵砂模模劑'),
	('ISM-300', '酒精性鋯基塗模劑'),
	('ISM-340', '酒精性鋯基塗模劑'),
	('ISM-860', '防硫塗模劑'),
	('ISM-860A', '防滲硫塗模劑'),
	('ISM-860B', '防滲硫塗模劑'),
	('LBX-28', '鑄鋁潤滑劑'),
	('LBX-3', '耐高溫潤滑劑'),
	('LBX-83', '鑄鋁潤滑劑'),
	('MC-25', '砂模塗劑原膠'),
	('MC-50', '塗模劑'),
	('MC-688', '鑄鐵砂模塗劑'),
	('MK-110', '塗模劑'),
	('MK-820B', '鑄鐵塗模劑'),
	('MOP-58', '高錳鋼塗模劑'),
	('R-45', '鋁用被覆劑'),
	('SEP-105', '離型液'),
	('SEP-105A', '離型液'),
	('SEP-105C', '離型液'),
	('SEP-717', '離型液'),
	('SIY-28', '潤滑劑'),
	('SIY-28E', '潤滑劑'),
	('SIY-28L', '潤滑劑'),
	('SIY-28S', '石墨棒'),
	('SPC-47', '木模用離型劑'),
	('STR-565', '鑄鐵消失模塗模劑'),
	('SW-1', '鑄鐵塗模劑'),
	('SW-1005', '鑄鐵塗模劑'),
	('SW-1005A', '塗模劑'),
	('SW-1005S', '鑄鐵塗模劑'),
	('SW-1005TC', '鑄鐵塗模劑'),
	('SW-1112', '鑄鐵塗模劑'),
	('SW-1112A', '鑄鐵塗模劑'),
	('SW-1112G', '鑄鐵塗模劑'),
	('SW-1230', '鑄鐵塗模劑'),
	('SW-1230KY', '鑄鐵塗模劑'),
	('SW-1230P', '鑄鐵塗模劑'),
	('SW-129', '塗模劑'),
	('SW-1650', '塗模劑'),
	('SW-1650A', '塗模劑'),
	('SW-1650A1', '塗模劑'),
	('SW-202P', '塗模劑'),
	('SW-202PA', '塗模劑'),
	('SW-202PB', '塗模劑'),
	('SW-202PC', '塗模劑'),
	('SW-202PD', '塗模劑'),
	('SW-230', '鑄鐵塗模劑'),
	('SW-279R', '鑄鐵塗模劑'),
	('SW-305', '鑄鐵塗模劑'),
	('SW-305G', '塗模劑'),
	('SW-305T3', '塗模劑'),
	('SW-313', '塗模劑'),
	('SW-325', '鑄鋼消失模塗模劑'),
	('SW-327', '鑄鐵塗模劑'),
	('SW-331GA', '鑄鐵塗模劑'),
	('SW-503', '塗模劑'),
	('SW-506', '塗模劑'),
	('SW-519', '鑄鋼塗模劑'),
	('SW-519N', '塗模劑'),
	('SW-526', '鑄鐵塗模劑'),
	('SW-526A', '鑄鐵塗模劑'),
	('SW-565', '鑄鐵消失模塗模劑'),
	('SW-58', '高錳鋼塗模劑'),
	('SW-701', '鑄鐵塗模劑'),
	('SW-708', '鑄鐵塗模劑'),
	('SW-721', '鑄鐵塗模劑'),
	('SW-726', '鑄鐵塗模劑'),
	('SW-728', '塗模劑'),
	('SW-808', '鑄鐵塗模劑'),
	('SW-808A', '鑄鐵塗模劑'),
	('SW-808A-Y', '鑄鐵塗模劑'),
	('SW-808G1', '塗模劑'),
	('SW-808GS', '塗模劑'),
	('SW-812', '塗模劑'),
	('SW-821A', '塗模劑'),
	('SW-821B', '鑄鐵塗模劑'),
	('SW-828C', '鑄鐵塗模劑'),
	('SW-912', '鑄鐵塗模劑'),
	('SW-912C', '鑄鐵塗模劑'),
	('SW-912M', '鑄鐵塗模劑'),
	('TG-6010', '呋喃樹脂'),
	('TG-6010S', '呋喃樹脂'),
	('TG-6015', '呋喃樹脂'),
	('TG-6020', '呋喃樹脂'),
	('TG-6020ABC', '呋喃樹脂'),
	('TG-6020S', '呋喃樹脂'),
	('TG-6020S1', '呋喃樹脂'),
	('TG-6030', '呋喃樹脂'),
	('TG-6030ABC', '呋喃樹脂'),
	('TG-6040', '呋喃樹脂'),
	('TG-6040ABC', '呋喃樹脂'),
	('TG-6050', '呋喃樹脂'),
	('TG-6050ABC', '呋喃樹脂'),
	('TG-6060', '呋喃樹脂'),
	('TG-7010', '綠色呋喃樹脂'),
	('TG-7015', '綠色呋喃樹脂'),
	('TG-7020', '綠色呋喃樹脂'),
	('TG-7020B', '綠色呋喃樹脂'),
	('TG-7020S', '綠色呋喃樹脂'),
	('TG-7020S1', '綠色呋喃樹脂'),
	('TG-7030', '綠色呋喃樹脂'),
	('TG-7030B', '綠色呋喃樹脂'),
	('TG-7030B-1', '綠色呋喃樹脂'),
	('TG-7030GS', '綠色呋喃樹脂'),
	('TG-7030JS', '綠色呋喃樹脂'),
	('TG-7030YJF', '綠色呋喃樹脂'),
	('TG-7030YJF-A', '綠色呋喃樹脂'),
	('TG-7031YJF-1', '綠色呋喃樹脂'),
	('TG-7031YJF-B', '綠色呋喃樹脂'),
	('TG-7032YJF1', '綠色呋喃樹脂'),
	('TG-7040', '綠色呋喃樹脂'),
	('TG-7330GS', ''),
	('TNO-327', '鑄鐵塗模劑'),
	('TNO-701', '鑄鐵塗模劑'),
	('TNO-726', '鑄鐵塗模劑'),
	('TNO-808A', '鑄鐵塗模劑'),
	('TNO-912', '鑄鐵塗模劑'),
	('TP-160', '水性鋯基塗模劑'),
	('TP-327', '水性糰狀鋯基塗模劑'),
	('TP-327P', '水性鋯基塗模劑(糊狀)'),
	('TP-384', '水性鋯基塗模劑'),
	('TP-824', '水性糰狀塗模劑'),
	('TP-831', '水性鋯基塗模劑'),
	('TP160A', '水性鋯基塗模劑');
/*!40000 ALTER TABLE `finishedgood` ENABLE KEYS */;

-- 傾印  表格 sf.finishedgoodentry 結構
CREATE TABLE IF NOT EXISTS `finishedgoodentry` (
  `finishedGoodEntryID` varchar(256) NOT NULL,
  `serialNumber` varchar(256) NOT NULL,
  `batchNumber` varchar(256) NOT NULL,
  `product` varchar(256) NOT NULL,
  `packaging` int(16) unsigned NOT NULL,
  `status` varchar(256) NOT NULL,
  `storedArea` varchar(8) NOT NULL,
  `storedDate` date NOT NULL,
  `palletNumber` int(8) unsigned NOT NULL DEFAULT 0,
  `storedPackageNumber` float unsigned NOT NULL DEFAULT 0,
  `storedWeight` float unsigned NOT NULL DEFAULT 0,
  PRIMARY KEY (`finishedGoodEntryID`),
  KEY `entryFinishedGood` (`product`),
  KEY `finishedGoodEntryPackagingID` (`packaging`),
  CONSTRAINT `finishedGoodEntryPackagingID` FOREIGN KEY (`packaging`) REFERENCES `finishedgoodpackaging` (`finishedGoodPackagingID`),
  CONSTRAINT `finishedGoodEntryProductID` FOREIGN KEY (`product`) REFERENCES `finishedgood` (`finishedGoodID`)
) ENGINE=InnoDB DEFAULT CHARSET=utf8;

-- 正在傾印表格  sf.finishedgoodentry 的資料：~0 rows (大約)
/*!40000 ALTER TABLE `finishedgoodentry` DISABLE KEYS */;
/*!40000 ALTER TABLE `finishedgoodentry` ENABLE KEYS */;

-- 傾印  表格 sf.finishedgoodinwarehouse 結構
CREATE TABLE IF NOT EXISTS `finishedgoodinwarehouse` (
  `storedFinishedGoodID` int(16) unsigned NOT NULL AUTO_INCREMENT,
  `finishedGoodEntryID` varchar(256) NOT NULL,
  `serialNumber` varchar(256) NOT NULL,
  `batchNumber` varchar(256) NOT NULL,
  `product` varchar(256) NOT NULL,
  `packagingID` int(16) unsigned NOT NULL,
  `status` varchar(256) NOT NULL,
  `storedArea` varchar(8) NOT NULL,
  `storedDate` datetime NOT NULL,
  `palletNumber` int(8) unsigned NOT NULL DEFAULT 0,
  `storedPackageNumber` float unsigned NOT NULL DEFAULT 0,
  `storedWeight` float unsigned NOT NULL DEFAULT 0,
  `remainingPackageNumber` float unsigned NOT NULL DEFAULT 0,
  PRIMARY KEY (`storedFinishedGoodID`),
  KEY `storedFinishedGoodID` (`product`),
  KEY `storedFinishedGoodPackagingID` (`packagingID`),
  CONSTRAINT `storedFinishedGoodID` FOREIGN KEY (`product`) REFERENCES `finishedgood` (`finishedGoodID`),
  CONSTRAINT `storedFinishedGoodPackagingID` FOREIGN KEY (`packagingID`) REFERENCES `finishedgoodpackaging` (`finishedGoodPackagingID`)
) ENGINE=InnoDB AUTO_INCREMENT=2 DEFAULT CHARSET=utf8;

-- 正在傾印表格  sf.finishedgoodinwarehouse 的資料：~0 rows (大約)
/*!40000 ALTER TABLE `finishedgoodinwarehouse` DISABLE KEYS */;
REPLACE INTO `finishedgoodinwarehouse` (`storedFinishedGoodID`, `finishedGoodEntryID`, `serialNumber`, `batchNumber`, `product`, `packagingID`, `status`, `storedArea`, `storedDate`, `palletNumber`, `storedPackageNumber`, `storedWeight`, `remainingPackageNumber`) VALUES
	(1, 'D20180725001', '20180725001', '', 'CMP-E', 83, '正常', 'L', '2018-07-25 15:20:09', 1, 65, 1625, 0);
/*!40000 ALTER TABLE `finishedgoodinwarehouse` ENABLE KEYS */;

-- 傾印  表格 sf.finishedgoodoutwarehouse 結構
CREATE TABLE IF NOT EXISTS `finishedgoodoutwarehouse` (
  `takenOutFinishedGoodID` int(16) unsigned NOT NULL AUTO_INCREMENT,
  `inWarehouseID` int(16) unsigned NOT NULL,
  `finishedGoodRequisition` varchar(256) NOT NULL,
  `takenOutArea` varchar(8) NOT NULL,
  `takenOutDate` datetime NOT NULL,
  `takingOutDepartment` varchar(256) NOT NULL,
  `takingOutMember` varchar(256) NOT NULL,
  `takenOutPackageNumber` float unsigned NOT NULL DEFAULT 0,
  PRIMARY KEY (`takenOutFinishedGoodID`),
  KEY `outFinishedGoodRequisitionID` (`finishedGoodRequisition`),
  KEY `outFinishedGoodInWarehouseID` (`inWarehouseID`),
  CONSTRAINT `outFinishedGoodInWarehouseID` FOREIGN KEY (`inWarehouseID`) REFERENCES `finishedgoodinwarehouse` (`storedFinishedGoodID`),
  CONSTRAINT `outFinishedGoodRequisitionID` FOREIGN KEY (`finishedGoodRequisition`) REFERENCES `finishedgoodrequisition` (`finishedGoodRequisitionID`)
) ENGINE=InnoDB DEFAULT CHARSET=utf8;

-- 正在傾印表格  sf.finishedgoodoutwarehouse 的資料：~0 rows (大約)
/*!40000 ALTER TABLE `finishedgoodoutwarehouse` DISABLE KEYS */;
/*!40000 ALTER TABLE `finishedgoodoutwarehouse` ENABLE KEYS */;

-- 傾印  表格 sf.finishedgoodpackaging 結構
CREATE TABLE IF NOT EXISTS `finishedgoodpackaging` (
  `finishedGoodPackagingID` int(16) unsigned NOT NULL AUTO_INCREMENT,
  `product` varchar(256) NOT NULL,
  `packaging` varchar(256) NOT NULL,
  `unitWeight` float unsigned NOT NULL,
  PRIMARY KEY (`finishedGoodPackagingID`),
  KEY `finishedGoodPackagingProductID` (`product`),
  CONSTRAINT `finishedGoodPackagingProductID` FOREIGN KEY (`product`) REFERENCES `finishedgood` (`finishedGoodID`)
) ENGINE=InnoDB AUTO_INCREMENT=241 DEFAULT CHARSET=utf8;

-- 正在傾印表格  sf.finishedgoodpackaging 的資料：~240 rows (大約)
/*!40000 ALTER TABLE `finishedgoodpackaging` DISABLE KEYS */;
REPLACE INTO `finishedgoodpackaging` (`finishedGoodPackagingID`, `product`, `packaging`, `unitWeight`) VALUES
	(1, 'DF-920T', '小包裝', 230),
	(2, 'DF-920T', '大包裝', 1000),
	(3, 'TG-6010', '小包裝', 230),
	(4, 'TG-6010', '大包裝', 1000),
	(5, 'TG-6010S', '小包裝', 230),
	(6, 'TG-6010S', '大包裝', 1000),
	(7, 'TG-6015', '小包裝', 230),
	(8, 'TG-6015', '大包裝', 1000),
	(9, 'TG-6020', '小包裝', 230),
	(10, 'TG-6020', '大包裝', 1000),
	(11, 'TG-6020ABC', '小包裝', 230),
	(12, 'TG-6020ABC', '大包裝', 1000),
	(13, 'TG-6020S', '小包裝', 230),
	(14, 'TG-6020S', '大包裝', 1000),
	(15, 'TG-6020S1', '小包裝', 230),
	(16, 'TG-6020S1', '大包裝', 1000),
	(17, 'TG-6030', '小包裝', 230),
	(18, 'TG-6030', '大包裝', 1000),
	(19, 'TG-6030ABC', '小包裝', 230),
	(20, 'TG-6030ABC', '大包裝', 1000),
	(21, 'TG-6040', '小包裝', 230),
	(22, 'TG-6040', '大包裝', 1000),
	(23, 'TG-6040ABC', '小包裝', 230),
	(24, 'TG-6040ABC', '大包裝', 1000),
	(25, 'TG-6050', '小包裝', 230),
	(26, 'TG-6050', '大包裝', 1000),
	(27, 'TG-6050ABC', '小包裝', 230),
	(28, 'TG-6050ABC', '大包裝', 1000),
	(29, 'TG-6060', '小包裝', 230),
	(30, 'TG-6060', '大包裝', 1000),
	(31, 'TG-7010', '小包裝', 230),
	(32, 'TG-7010', '大包裝', 1000),
	(33, 'TG-7015', '小包裝', 230),
	(34, 'TG-7015', '大包裝', 1000),
	(35, 'TG-7020', '小包裝', 230),
	(36, 'TG-7020', '大包裝', 1000),
	(37, 'TG-7020B', '小包裝', 230),
	(38, 'TG-7020B', '大包裝', 1000),
	(39, 'TG-7020S', '小包裝', 230),
	(40, 'TG-7020S', '大包裝', 1000),
	(41, 'TG-7020S1', '小包裝', 230),
	(42, 'TG-7020S1', '大包裝', 1000),
	(43, 'TG-7030', '小包裝', 230),
	(44, 'TG-7030', '大包裝', 1000),
	(45, 'TG-7030B', '小包裝', 230),
	(46, 'TG-7030B', '大包裝', 1000),
	(47, 'TG-7030B-1', '小包裝', 230),
	(48, 'TG-7030B-1', '大包裝', 1000),
	(49, 'TG-7030YJF', '小包裝', 230),
	(50, 'TG-7030YJF', '大包裝', 1000),
	(51, 'TG-7030YJF-A', '小包裝', 230),
	(52, 'TG-7030YJF-A', '大包裝', 1000),
	(53, 'TG-7031YJF-1', '小包裝', 230),
	(54, 'TG-7031YJF-1', '大包裝', 1000),
	(55, 'TG-7031YJF-B', '小包裝', 230),
	(56, 'TG-7031YJF-B', '大包裝', 1000),
	(57, 'TG-7032YJF1', '小包裝', 230),
	(58, 'TG-7032YJF1', '大包裝', 1000),
	(59, 'TG-7040', '小包裝', 230),
	(60, 'TG-7040', '大包裝', 1000),
	(61, 'CHC-142', '小包裝', 15),
	(62, 'CML-105', '小包裝', 40),
	(63, 'CML-105', '大包裝', 400),
	(64, 'CML-105A', '小包裝', 40),
	(65, 'CML-105A', '大包裝', 380),
	(66, 'CML-105CB', '小包裝', 40),
	(67, 'CML-105CB', '大包裝', 400),
	(68, 'CML-105G', '小包裝', 40),
	(69, 'CML-105G', '大包裝', 200),
	(70, 'CML-205', '小包裝', 40),
	(71, 'CML-205', '大包裝', 300),
	(72, 'CML-3000', '小包裝', 40),
	(73, 'CML-3000', '大包裝', 400),
	(74, 'CML-3000G', '小包裝', 40),
	(75, 'CML-3000L', '小包裝', 40),
	(76, 'CML-3000M1', '小包裝', 40),
	(77, 'CML-3000TC', '小包裝', 40),
	(78, 'CML-381', '小包裝', 40),
	(79, 'CMP-A', '小包裝', 25),
	(80, 'CMP-B', '小包裝', 25),
	(81, 'CMP-C', '小包裝', 25),
	(82, 'CMP-D', '小包裝', 25),
	(83, 'CMP-E', '小包裝', 25),
	(84, 'DYP-56', '小包裝', 25),
	(85, 'DYP-62', '小包裝', 25),
	(86, 'EP-824', '小包裝', 25),
	(87, 'EP-824A', '小包裝', 25),
	(88, 'EW-1005', '小包裝', 30),
	(89, 'EW-1005T', '小包裝', 30),
	(90, 'EW-424', '小包裝', 30),
	(91, 'EW-424J', '小包裝', 30),
	(92, 'EW-424Q', '小包裝', 30),
	(93, 'EW-510', '小包裝', 30),
	(94, 'FL-125', '小包裝', 25),
	(95, 'FL-70', '小包裝', 25),
	(96, 'FL-70', '大包裝', 300),
	(97, 'FL-70G', '小包裝', 25),
	(98, 'ISM-300', '小包裝', 40),
	(99, 'ISM-340', '小包裝', 30),
	(100, 'ISM-860', '小包裝', 30),
	(101, 'ISM-860A', '小包裝', 200),
	(102, 'ISM-860B', '小包裝', 200),
	(103, 'ISM-860B', '大包裝', 250),
	(104, 'LBX-28', '小包裝', 15),
	(105, 'LBX-3', '小包裝', 15),
	(106, 'LBX-83', '小包裝', 15),
	(107, 'MC-25', '小包裝', 15),
	(108, 'MC-50', '小包裝', 5),
	(109, 'MC-688', '小包裝', 25),
	(110, 'MK-110', '小包裝', 25),
	(111, 'MK-820B', '小包裝', 30),
	(112, 'MOP-58', '小包裝', 40),
	(113, 'R-45', '小包裝', 25),
	(114, 'SEP-105', '小包裝', 20),
	(115, 'SEP-105', '大包裝', 200),
	(116, 'SEP-105A', '小包裝', 20),
	(117, 'SEP-105A', '大包裝', 200),
	(118, 'SEP-105C', '小包裝', 20),
	(119, 'SEP-105C', '大包裝', 200),
	(120, 'SEP-717', '小包裝', 20),
	(121, 'SEP-717', '大包裝', 200),
	(122, 'SIY-28', '小包裝', 15),
	(123, 'SIY-28', '大包裝', 150),
	(124, 'SIY-28E', '小包裝', 15),
	(125, 'SIY-28L', '小包裝', 15),
	(126, 'SIY-28S', '小包裝', 25),
	(127, 'SPC-47', '小包裝', 15),
	(128, 'STR-565', '小包裝', 25),
	(129, 'SW-1', '小包裝', 280),
	(130, 'SW-1005', '小包裝', 30),
	(131, 'SW-1005A', '小包裝', 30),
	(132, 'SW-1005S', '小包裝', 25),
	(133, 'SW-1005S', '大包裝', 30),
	(134, 'SW-1005TC', '小包裝', 30),
	(135, 'SW-1112', '小包裝', 25),
	(136, 'SW-1112', '大包裝', 250),
	(137, 'SW-1112A', '小包裝', 25),
	(138, 'SW-1112A', '大包裝', 250),
	(139, 'SW-1112G', '小包裝', 25),
	(140, 'SW-1112G', '大包裝', 250),
	(141, 'SW-1230', '小包裝', 30),
	(142, 'SW-1230', '大包裝', 300),
	(143, 'SW-1230KY', '小包裝', 30),
	(144, 'SW-1230KY', '大包裝', 300),
	(145, 'SW-1230P', '小包裝', 30),
	(146, 'SW-129', '小包裝', 25),
	(147, 'SW-129', '大包裝', 250),
	(148, 'SW-1650', '小包裝', 30),
	(149, 'SW-1650A', '小包裝', 30),
	(150, 'SW-1650A', '大包裝', 300),
	(151, 'SW-1650A1', '小包裝', 30),
	(152, 'SW-1650A1', '大包裝', 300),
	(153, 'SW-202P', '小包裝', 300),
	(154, 'SW-202PA', '小包裝', 30),
	(155, 'SW-202PA', '大包裝', 300),
	(156, 'SW-202PB', '小包裝', 30),
	(157, 'SW-202PB', '大包裝', 300),
	(158, 'SW-202PC', '小包裝', 300),
	(159, 'SW-202PD', '小包裝', 300),
	(160, 'SW-230', '小包裝', 30),
	(161, 'SW-230', '大包裝', 300),
	(162, 'SW-279R', '小包裝', 30),
	(163, 'SW-279R', '大包裝', 300),
	(164, 'SW-305', '小包裝', 250),
	(165, 'SW-305', '大包裝', 270),
	(166, 'SW-305G', '小包裝', 30),
	(167, 'SW-305G', '大包裝', 300),
	(168, 'SW-305T3', '小包裝', 25),
	(169, 'SW-305T3', '大包裝', 270),
	(170, 'SW-313', '小包裝', 300),
	(171, 'SW-325', '小包裝', 40),
	(172, 'SW-327', '小包裝', 25),
	(173, 'SW-327', '大包裝', 250),
	(174, 'SW-331GA', '小包裝', 30),
	(175, 'SW-331GA', '大包裝', 300),
	(176, 'SW-503', '小包裝', 150),
	(177, 'SW-503', '大包裝', 300),
	(178, 'SW-506', '小包裝', 300),
	(179, 'SW-519', '小包裝', 40),
	(180, 'SW-519N', '小包裝', 40),
	(181, 'SW-526', '小包裝', 25),
	(182, 'SW-526', '大包裝', 270),
	(183, 'SW-526A', '小包裝', 25),
	(184, 'SW-526A', '大包裝', 250),
	(185, 'SW-565', '小包裝', 30),
	(186, 'SW-565', '大包裝', 250),
	(187, 'SW-58', '小包裝', 40),
	(188, 'SW-701', '小包裝', 25),
	(189, 'SW-701', '大包裝', 300),
	(190, 'SW-708', '小包裝', 25),
	(191, 'SW-708', '大包裝', 250),
	(192, 'SW-721', '小包裝', 30),
	(193, 'SW-721', '大包裝', 280),
	(194, 'SW-726', '小包裝', 25),
	(195, 'SW-726', '大包裝', 280),
	(196, 'SW-728', '小包裝', 300),
	(197, 'SW-808', '小包裝', 30),
	(198, 'SW-808', '大包裝', 300),
	(199, 'SW-808A', '小包裝', 25),
	(200, 'SW-808A', '大包裝', 30),
	(201, 'SW-808A-Y', '小包裝', 30),
	(202, 'SW-808G1', '小包裝', 30),
	(203, 'SW-808GS', '小包裝', 30),
	(204, 'SW-808GS', '大包裝', 300),
	(205, 'SW-812', '小包裝', 300),
	(206, 'SW-821A', '小包裝', 30),
	(207, 'SW-821A', '大包裝', 300),
	(208, 'SW-821B', '小包裝', 30),
	(209, 'SW-821B', '大包裝', 300),
	(210, 'SW-828C', '小包裝', 30),
	(211, 'SW-912', '小包裝', 25),
	(212, 'SW-912', '大包裝', 300),
	(213, 'SW-912C', '小包裝', 25),
	(214, 'SW-912C', '大包裝', 250),
	(215, 'SW-912M', '小包裝', 30),
	(216, 'SW-912M', '大包裝', 300),
	(217, 'TNO-327', '小包裝', 25),
	(218, 'TNO-701', '小包裝', 25),
	(219, 'TNO-726', '小包裝', 25),
	(220, 'TNO-726', '大包裝', 280),
	(221, 'TNO-808A', '小包裝', 25),
	(222, 'TNO-808A', '大包裝', 300),
	(223, 'TNO-912', '小包裝', 25),
	(224, 'TNO-912', '大包裝', 300),
	(225, 'TP-160', '小包裝', 40),
	(226, 'TP160A', '小包裝', 40),
	(227, 'TP-327', '小包裝', 40),
	(228, 'TP-327P', '小包裝', 40),
	(229, 'TP-384', '小包裝', 30),
	(230, 'TP-831', '小包裝', 20),
	(231, 'TP-831', '大包裝', 40),
	(232, 'TP-824', '小包裝', 30),
	(233, 'SW-808A', '大包裝', 300),
	(234, 'SW-1005', '大包裝', 300),
	(235, 'CMP-E', '小包裝', 1),
	(236, 'EW-424J', '小包裝', 20),
	(237, 'TG-7030GS', '小包裝', 230),
	(238, 'TG-7030GS', '大包裝', 1000),
	(239, 'TG-7030JS', '小包裝', 230),
	(240, 'TG-7030JS', '大包裝', 1000);
/*!40000 ALTER TABLE `finishedgoodpackaging` ENABLE KEYS */;

-- 傾印  表格 sf.finishedgoodrequisition 結構
CREATE TABLE IF NOT EXISTS `finishedgoodrequisition` (
  `finishedGoodRequisitionID` varchar(256) NOT NULL,
  `productInWarehouseID` int(16) unsigned NOT NULL,
  `product` varchar(256) NOT NULL,
  `packagingID` int(16) unsigned NOT NULL,
  `storedArea` varchar(8) NOT NULL,
  `requisitioningDate` datetime NOT NULL,
  `requisitioningDepartment` varchar(256) NOT NULL,
  `requisitioningMember` varchar(256) NOT NULL,
  `requisitionedPackageNumber` float unsigned NOT NULL DEFAULT 0,
  PRIMARY KEY (`finishedGoodRequisitionID`),
  KEY `requisitionProduct` (`product`),
  KEY `requisitionPackaging` (`packagingID`),
  KEY `requisitionProductInWarehouse` (`productInWarehouseID`),
  CONSTRAINT `requisitionPackaging` FOREIGN KEY (`packagingID`) REFERENCES `finishedgoodpackaging` (`finishedGoodPackagingID`),
  CONSTRAINT `requisitionProduct` FOREIGN KEY (`product`) REFERENCES `finishedgood` (`finishedGoodID`),
  CONSTRAINT `requisitionProductInWarehouse` FOREIGN KEY (`productInWarehouseID`) REFERENCES `finishedgoodinwarehouse` (`storedFinishedGoodID`)
) ENGINE=InnoDB DEFAULT CHARSET=utf8;

-- 正在傾印表格  sf.finishedgoodrequisition 的資料：~0 rows (大約)
/*!40000 ALTER TABLE `finishedgoodrequisition` DISABLE KEYS */;
REPLACE INTO `finishedgoodrequisition` (`finishedGoodRequisitionID`, `productInWarehouseID`, `product`, `packagingID`, `storedArea`, `requisitioningDate`, `requisitioningDepartment`, `requisitioningMember`, `requisitionedPackageNumber`) VALUES
	('E20180725001', 1, 'CMP-E', 83, 'L', '2018-07-25 16:56:14', '物管', '王怡君', 65);
/*!40000 ALTER TABLE `finishedgoodrequisition` ENABLE KEYS */;

-- 傾印  表格 sf.material 結構
CREATE TABLE IF NOT EXISTS `material` (
  `materialID` varchar(256) NOT NULL,
  `materialName` varchar(256) NOT NULL,
  `totalPackageNumber` float unsigned NOT NULL DEFAULT 0,
  `totalWeight` float unsigned NOT NULL DEFAULT 0,
  `totalMoney` float unsigned NOT NULL DEFAULT 0,
  PRIMARY KEY (`materialID`)
) ENGINE=InnoDB DEFAULT CHARSET=utf8;

-- 正在傾印表格  sf.material 的資料：~221 rows (大約)
/*!40000 ALTER TABLE `material` DISABLE KEYS */;
REPLACE INTO `material` (`materialID`, `materialName`, `totalPackageNumber`, `totalWeight`, `totalMoney`) VALUES
	('006', '硫酸鋁', 2000, 2000, 28000),
	('007', '檸檬酸', 0, 0, 0),
	('011', '水玻璃', 0, 0, 0),
	('012A', '輕鹼', 1000, 1000, 11000),
	('012B', '重鹼', 475, 475, 5225),
	('013A', '精鹽', 8000, 8000, 32000),
	('014A', '氯化鉀(白)', 166, 166, 5976),
	('014B', '氯化鉀(紅)', 2000, 2000, 23000),
	('015A', '芒硝(進口)', 3000, 3000, 16500),
	('016A', '無水硼砂', 206, 206, 8240),
	('017A', '氟化鈉', 500, 500, 22500),
	('018', '碳酸鈣', 0, 0, 0),
	('019', '硝酸鉀', 790, 790, 34760),
	('023', '流平劑 CSL-7001', 24, 24, 14376),
	('026', '六偏磷酸鋁', 15, 15, 825),
	('027', '平光粉 SILMAT1200', 250, 250, 40000),
	('092', '磷酸', 490, 490, 17640),
	('097', '福馬林', 0, 0, 0),
	('111', '矽酸膠液', 12000, 12000, 180000),
	('112', '胺', 94, 94, 17014),
	('113', '尿素膠', 55000, 55000, 880000),
	('113A', '尿素膠#555', 0, 0, 0),
	('114', '偶聯劑 NCSA-2120', 8740, 8740, 2030600),
	('115', '尿素', 53.8, 53.8, 618.7),
	('117', '醋酸(調)', 46, 916, 22900),
	('128', '淀粉', 0, 0, 0),
	('129', '矽酸鈣', 387, 387, 6192),
	('150', '矽酸鎂鋁Attagel-50', 15876, 15876, 857304),
	('153A', '氧化鋁空心球#100', 0, 0, 0),
	('168', '白碳黑EH-5', 28, 28, 9800),
	('200', '松子油', 211, 211, 18568),
	('202', '蠟石粉', 4000, 4000, 20000),
	('208', '硬脂酸鎂', 27, 27, 2025),
	('209', '硬脂酸鋁', 40, 40, 3200),
	('210B', '玻璃粉', 320, 320, 1680),
	('212', '硬脂酸', 89, 89, 5162),
	('213', '蓖麻油', 190, 190, 13395),
	('214', '煤油', 800, 800, 20000),
	('215', '鐵屑', 26180, 26180, 104720),
	('216', '煉鋼促進劑', 77250, 77250, 348075),
	('216A', '煉鋼促進劑', 0, 0, 0),
	('216C', '煉鋼促進劑', 148000, 148000, 2368000),
	('217', '鋁粉', 34400, 34400, 1479200),
	('217-1', '回收鋁粉', 2474, 2474, 39584),
	('217A', '進口鋁粉', 12650, 12650, 1391500),
	('217AA', 'AA', 1142, 21127, 633810),
	('217AC', 'AC', 3164, 80339, 1486270),
	('217ACH', 'ACH', 99, 2574, 63063),
	('217BB', 'BB', 3840, 96000, 2112000),
	('217BH', 'BH', 44, 1012, 96140),
	('217C', '金屬鋁80~120目', 580, 580, 58000),
	('219A', '二甲苯', 1032, 1032, 26832),
	('224', '介面活性劑', 125, 125, 11875),
	('228A', '漂珠', 6000, 6000, 228000),
	('228B', '漂珠50目', 4800, 4800, 153600),
	('320', '機油(R-90)', 352, 352, 19008),
	('321', '碳化矽', 0, 0, 0),
	('321A', '碳化矽(20~80MM)', 2413, 2413, 101346),
	('322A', '三杯脂', 540, 540, 27000),
	('322B', '獅牌牛油', 0, 0, 0),
	('323', '白雲石粉', 1020, 1020, 5610),
	('324', '螢石粉', 1100, 1100, 35200),
	('325B', '氟矽酸鈉', 8000, 8000, 108000),
	('326', '精煉劑', 643, 643, 39994.6),
	('331', '珍珠岩粉', 305, 305, 4270),
	('331A', '漂珠珍珠岩混和物', 3200, 3200, 108800),
	('332', '焦炭粉', 1000, 1000, 13500),
	('340', '搖變助劑 S1500', 230, 230, 35650),
	('420', '乙醇', 0, 0, 0),
	('430', '木精', 0, 0, 0),
	('431A', '滑石粉', 3000, 3000, 27000),
	('432', '馬來粉', 10400, 10400, 145600),
	('432A', '莫來石35S', 3300, 3300, 48200),
	('432B', '藍晶石#20', 0, 0, 0),
	('433C', '鋯粉200mesh', 3000, 3000, 150000),
	('433D', '鋯粉325mesh', 5000, 5000, 250000),
	('434A', '磷狀黑鉛(細)-385', 23000, 23000, 552000),
	('434B', '磷狀黑鉛(粗)-185', 24000, 24000, 432000),
	('434C', '膨脹石墨', 5000, 5000, 250000),
	('435', '土狀黑鉛', 26000, 26000, 364000),
	('435B', '土狀黑鉛(填充組)', 20000, 20000, 180000),
	('436', '球狀瀝青', 0, 0, 0),
	('437A', '葡萄糖粉', 0, 0, 0),
	('438', '苯甲酸鈉', 207, 207, 15525),
	('439A', '氧化鐵', 11345, 11345, 181520),
	('439B', '黃色氧化鐵', 2400, 2400, 96000),
	('439C', '圓型黑氧化鐵FineOx 270', 1975, 1975, 49375),
	('439D', '圓型黑氧化鐵Sphere Ox200', 2866, 2866, 71650),
	('503', '水性壓克力', 60, 60, 4320),
	('507', '水性PU壓克力樹脂', 0, 0, 0),
	('508', 'K-90水溶液(PVP)', 0, 0, 0),
	('540-3', '矽砂30MM', 25500, 25500, 61200),
	('540-4', '4號矽砂', 0, 0, 0),
	('542', '雲母粉', 344, 344, 9632),
	('543', '氟化鋁', 16, 16, 560),
	('544G', '日本粘土', 953.6, 953.6, 47680),
	('545', '硝酸鈉', 8000, 8000, 160000),
	('546', '冰晶石粉', 4302, 4302, 137664),
	('546B', '冰晶石粉(保溫套)', 18000, 18000, 594000),
	('547', '進口樹脂PVB', 26, 26, 7280),
	('548', '二氧化錳', 14000, 14000, 378000),
	('551', '氟鋁酸鉀', 1424, 1424, 35600),
	('552', 'VAE', 433, 433, 33341),
	('557', '抗菌劑', 25, 25, 4375),
	('650', '碳酸鉀', 0, 0, 0),
	('654A', '?燒氧化鋁', 0, 0, 0),
	('654AB', '?燒氧化鋁200M', 0, 0, 0),
	('654B', '高鋁粉325MESH', 162570, 162570, 1381840),
	('654C', '高鋁粉200MESH', 13750, 13750, 1141250),
	('654H', '棕剛玉', 12500, 12500, 312500),
	('655', '硫鉬滑脂', 0, 0, 0),
	('657', '高嶺土', 15125, 15125, 122512),
	('657A', '高嶺土', 0, 0, 0),
	('657B', '高嶺土PK-100', 34375, 34375, 278438),
	('658', '美國粘土', 366, 366, 5124),
	('659', '矽鐵粒', 0, 0, 0),
	('659C', '矽鐵粉', 0, 0, 0),
	('660', '硅粉', 1378, 1378, 103350),
	('710', '聚乙烯醇膠', 160, 160, 3200),
	('760A', '氧化鎂(進)', 0, 0, 0),
	('760B', '氧化鎂(本)', 600, 600, 8100),
	('764B', '人工石磨', 70, 70, 1680),
	('765', '石英粉 特A101', 124200, 124200, 385020),
	('765B', '石英粉 10T', 36000, 36000, 122400),
	('766A', '糊精', 210, 210, 7140),
	('767A', '粉狀樹脂PVP(K90)', 0, 0, 0),
	('767B', '酚醛樹脂(進)', 31200, 31200, 1671800),
	('767C', '鹼性酚醛樹脂', 480, 480, 28800),
	('767D', '低水液體酚醛樹脂', 0, 0, 0),
	('767F', '液體酚醛樹脂', 36000, 36000, 1800000),
	('767G', '767G', 2427, 44899.5, 808191),
	('767G-A1', '767G-A1', 669, 12376.5, 259906),
	('767G-H4', '767G-H4', 286, 6435, 148005),
	('767GB', 'GB', 1789, 42936, 1373950),
	('767T', '酚醛樹脂(台)', 50000, 50000, 2700000),
	('768', '松香', 1000, 1000, 60000),
	('769', '銀漿', 30, 30, 4800),
	('871', '南寶樹脂', 800, 800, 25600),
	('874A', '紅色染料', 0.6, 0.6, 1680),
	('874C', '藍色染料', 125, 125, 46875),
	('874D', '黃色染料', 6, 6, 1860),
	('874F', '鹼性品綠', 0, 0, 0),
	('877', '異丙醇', 1440, 1440, 50400),
	('980', '矽灰粉', 0, 0, 0),
	('981', '橄欖粉', 13161.5, 13161.5, 118454),
	('982', '三乙醇胺', 0, 0, 0),
	('986', '黃原膠', 0, 0, 0),
	('987', '甲基纖維素', 0.7, 0.7, 294),
	('988', '碳化稻殼(黑)', 7485, 7485, 52395),
	('988A', '碳化稻殼(白)', 10000, 10000, 130000),
	('988C', '碳化稻殼(白粗)', 47700, 47700, 620100),
	('990', '消泡劑', 0, 0, 0),
	('992', '氫氧化鉀', 50, 50, 4500),
	('994', '糠醇 FA', 175270, 175270, 15248500),
	('998', '抑泡劑', 256, 256, 19200),
	('999A', '散棉', 4320, 4320, 120960),
	('999A2', '1260℃粉碎散棉-台', 29100, 29100, 1105800),
	('999A3', '散棉', 13840, 13840, 387520),
	('999A6', '陶瓷散棉1600℃', 0, 0, 0),
	('999M', '可溶棉', 480, 480, 19200),
	('999M3', '可溶棉(5目粉碎細)', 15300, 15300, 581400),
	('999MB', '可溶棉', 26360, 26360, 751260),
	('A04', '隔板', 0, 0, 0),
	('A05', '隔板', 0, 0, 0),
	('A06', '隔板', 0, 0, 0),
	('A10', '隔板', 0, 0, 0),
	('A11', '棧板隔板', 0, 0, 0),
	('A19', '隔板', 0, 0, 0),
	('A45-2', 'SLD隔板-16孔', 0, 0, 0),
	('A60', '隔板', 0, 0, 0),
	('A71', '隔板', 0, 0, 0),
	('A71-1', '天板', 0, 0, 0),
	('A72', '12孔洞板', 0, 0, 0),
	('A72-1', '天板', 0, 0, 0),
	('B01', '紙箱', 0, 0, 0),
	('B03', '紙箱', 0, 0, 0),
	('B04', '紙箱', 0, 0, 0),
	('B05', '紙箱', 0, 0, 0),
	('B05C', '紙箱', 0, 0, 0),
	('B05S', '紙箱', 0, 0, 0),
	('B16', '紙箱', 0, 0, 0),
	('B16N', '紙箱', 0, 0, 0),
	('B16S', '紙箱', 0, 0, 0),
	('B30S', '紙箱', 0, 0, 0),
	('B35S', '紙箱', 0, 0, 0),
	('B60', '紙箱', 0, 0, 0),
	('CFA', '散棉', 39840, 39840, 1115520),
	('F00', '鐵桶', 0, 0, 0),
	('F02', '四角鐵桶', 0, 0, 0),
	('F03', '1加侖鐵桶', 0, 0, 0),
	('F04', '開口桶', 0, 0, 0),
	('F04A', '密封鐵桶', 0, 0, 0),
	('F07', '大鐵桶', 0, 0, 0),
	('F08', '加高鐵桶', 0, 0, 0),
	('F09', '噸桶', 0, 0, 0),
	('H01', '紙箱', 0, 0, 0),
	('H02', '紙箱', 0, 0, 0),
	('H04', '紙箱', 0, 0, 0),
	('H05', '紙箱', 0, 0, 0),
	('H05A', '紙箱', 0, 0, 0),
	('H05C', '紙箱', 0, 0, 0),
	('H05D', '紙箱', 0, 0, 0),
	('H06', '紙箱', 0, 0, 0),
	('H10', '紙箱', 0, 0, 0),
	('H16', '紙箱', 0, 0, 0),
	('H18', '紙箱', 0, 0, 0),
	('H23', '紙箱', 0, 0, 0),
	('H25', '紙箱', 0, 0, 0),
	('H28', '紙箱', 0, 0, 0),
	('H35', '紙箱', 0, 0, 0),
	('H45', '紙箱', 0, 0, 0),
	('H71', '紙箱', 0, 0, 0),
	('H72', '紙箱', 0, 0, 0),
	('HT99', '粗卷', 0, 0, 0),
	('O03', '糊仔罐', 0, 0, 0),
	('P01-1', '塑膠桶蓋子', 0, 0, 0),
	('P02', '塑膠桶加高', 0, 0, 0),
	('P04', '1加侖塑膠桶', 0, 0, 0),
	('SLD-A', 'SLD-A', 0, 0, 0),
	('SLD-A2', 'SLD-A2', 41, 1025, 92250),
	('SLD-A3', 'SLD-A3', 0, 0, 0);
/*!40000 ALTER TABLE `material` ENABLE KEYS */;

-- 傾印  表格 sf.materialentry 結構
CREATE TABLE IF NOT EXISTS `materialentry` (
  `materialEntryID` varchar(256) NOT NULL,
  `serialNumber` varchar(256) NOT NULL,
  `purchaseOrder` varchar(256) NOT NULL,
  `QRCode` blob DEFAULT NULL,
  `expectedStoredArea` varchar(8) NOT NULL,
  `expectedStoredDate` date NOT NULL,
  `palletNumber` int(8) unsigned NOT NULL DEFAULT 0,
  `expectedStoredPackageNumber` float unsigned NOT NULL DEFAULT 0,
  `expectedStoredWeight` float unsigned NOT NULL DEFAULT 0,
  `expectedStoredMoney` float unsigned NOT NULL DEFAULT 0,
  `confirmation` tinyint(4) NOT NULL DEFAULT 0,
  PRIMARY KEY (`materialEntryID`),
  KEY `entryPurchaseOrder` (`purchaseOrder`),
  CONSTRAINT `entryPurchaseOrder` FOREIGN KEY (`purchaseOrder`) REFERENCES `purchaseorder` (`purchaseOrderID`)
) ENGINE=InnoDB DEFAULT CHARSET=utf8;

-- 正在傾印表格  sf.materialentry 的資料：~527 rows (大約)
/*!40000 ALTER TABLE `materialentry` DISABLE KEYS */;
REPLACE INTO `materialentry` (`materialEntryID`, `serialNumber`, `purchaseOrder`, `QRCode`, `expectedStoredArea`, `expectedStoredDate`, `palletNumber`, `expectedStoredPackageNumber`, `expectedStoredWeight`, `expectedStoredMoney`, `confirmation`) VALUES
	('B20180723001', '20180723001', 'A20180723001', NULL, 'A', '2018-07-23', 1, 20000, 20000, 320000, 1),
	('B20180723002', '20180723002', 'A20180723002', NULL, 'A', '2018-07-23', 1, 9000, 9000, 144000, 1),
	('B20180723003', '20180723003', 'A20180723003', NULL, 'A', '2018-07-23', 1, 583, 583, 4081, 1),
	('B20180723004', '20180723004', 'A20180723004', NULL, 'B', '2018-07-23', 1, 16, 16, 560, 1),
	('B20180723005', '20180723005', 'A20180723005', NULL, 'B', '2018-07-23', 1, 166, 166, 5976, 1),
	('B20180723006', '20180723006', 'A20180723006', NULL, 'B', '2018-07-23', 1, 70, 70, 595, 1),
	('B20180723007', '20180723007', 'A20180723007', NULL, 'B', '2018-07-23', 1, 500, 500, 5500, 1),
	('B20180723008', '20180723008', 'A20180723008', NULL, 'B', '2018-07-23', 1, 50, 50, 8000, 1),
	('B20180723009', '20180723009', 'A20180723009', NULL, 'B', '2018-07-23', 1, 3000, 3000, 12000, 1),
	('B20180723010', '20180723010', 'A20180723010', NULL, 'B', '2018-07-23', 1, 3000, 3000, 60000, 1),
	('B20180723011', '20180723011', 'A20180723011', NULL, 'B', '2018-07-23', 1, 3200, 3200, 137600, 1),
	('B20180723012', '20180723012', 'A20180723012', NULL, 'B', '2018-07-23', 1, 9000, 9000, 30600, 1),
	('B20180723013', '20180723013', 'A20180723013', NULL, 'B', '2018-07-23', 1, 9750, 9750, 43875, 1),
	('B20180723014', '20180723014', 'A20180723014', NULL, 'C', '2018-07-23', 1, 475, 475, 5225, 1),
	('B20180723015', '20180723015', 'A20180723015', NULL, 'C', '2018-07-23', 10, 300, 300, 4200, 1),
	('B20180723016', '20180723016', 'A20180723016', NULL, 'C', '2018-07-23', 10, 305, 305, 4270, 1),
	('B20180723017', '20180723017', 'A20180723017', NULL, 'C', '2018-07-23', 10, 100, 100, 3200, 1),
	('B20180723018', '20180723018', 'A20180723018', NULL, 'C', '2018-07-23', 10, 2866, 2866, 71650, 1),
	('B20180723019', '20180723019', 'A20180723019', NULL, 'C', '2018-07-23', 0, 344, 344, 9632, 1),
	('B20180723020', '20180723020', 'A20180723020', NULL, 'C', '2018-07-23', 10, 290, 290, 12760, 1),
	('B20180723021', '20180723021', 'A20180723021', NULL, 'C', '2018-07-23', 10, 1020, 1020, 5610, 1),
	('B20180723022', '20180723022', 'A20180723022', NULL, 'C', '2018-07-23', 10, 9000, 9000, 216000, 1),
	('B20180723023', '20180723023', 'A20180723023', NULL, 'C', '2018-07-23', 10, 14000, 14000, 252000, 1),
	('B20180723024', '20180723024', 'A20180723024', NULL, 'C', '2018-07-23', 10, 11250, 11250, 933750, 1),
	('B20180723025', '20180723025', 'A20180723025', NULL, 'C', '2018-07-23', 10, 12500, 12500, 312500, 1),
	('B20180723026', '20180723026', 'A20180723026', NULL, 'C', '2018-07-23', 10, 2268, 2268, 122472, 1),
	('B20180723027', '20180723027', 'A20180723027', NULL, 'C', '2018-07-23', 10, 2000, 2000, 28000, 1),
	('B20180723028', '20180723028', 'A20180723028', NULL, 'D', '2018-07-23', 10, 5200, 5200, 254800, 1),
	('B20180723029', '20180723029', 'A20180723029', NULL, 'D', '2018-07-23', 10, 2750, 2750, 22275, 1),
	('B20180723030', '20180723030', 'A20180723030', NULL, 'H', '2018-07-23', 10, 4000, 4000, 20000, 1),
	('B20180723031', '20180723031', 'A20180723031', NULL, 'E', '2018-07-23', 10, 480, 480, 16800, 1),
	('B20180723032', '20180723032', 'A20180723032', NULL, 'E', '2018-07-23', 10, 172, 172, 4472, 1),
	('B20180723033', '20180723033', 'A20180723033', NULL, 'E', '2018-07-23', 10, 94, 94, 17014, 1),
	('B20180723034', '20180723034', 'A20180723034', NULL, 'E', '2018-07-23', 10, 30, 30, 4800, 1),
	('B20180723035', '20180723035', 'A20180723035', NULL, 'E', '2018-07-23', 10, 7, 7, 4193, 1),
	('B20180723036', '20180723036', 'A20180723036', NULL, 'E', '2018-07-23', 10, 230, 230, 35650, 1),
	('B20180723037', '20180723037', 'A20180723037', NULL, 'E', '2018-07-23', 10, 210, 210, 7140, 1),
	('B20180723038', '20180723038', 'A20180723038', NULL, 'E', '2018-07-23', 10, 366, 366, 5124, 1),
	('B20180723039', '20180723039', 'A20180723039', NULL, 'E', '2018-07-23', 10, 1975, 1975, 49375, 1),
	('B20180723040', '20180723040', 'A20180723040', NULL, 'E', '2018-07-23', 0, 387, 387, 6192, 1),
	('B20180723041', '20180723041', 'A20180723041', NULL, 'E', '2018-07-23', 10, 500, 500, 30000, 1),
	('B20180723042', '20180723042', 'A20180723042', NULL, 'E', '2018-07-23', 10, 3000, 3000, 150000, 1),
	('B20180723043', '20180723043', 'A20180723043', NULL, 'E', '2018-07-23', 10, 2000, 2000, 100000, 1),
	('B20180723044', '20180723044', 'A20180723044', NULL, 'E', '2018-07-23', 10, 600, 600, 8100, 1),
	('B20180723045', '20180723045', 'A20180723045', NULL, 'E', '2018-07-23', 10, 1200, 1200, 48000, 1),
	('B20180723046', '20180723046', 'A20180723046', NULL, 'C', '2018-07-23', 10, 18000, 18000, 55800, 1),
	('B20180723047', '20180723047', 'A20180723047', NULL, 'N', '2018-07-23', 10, 1500, 1500, 4650, 1),
	('B20180723048', '20180723048', 'A20180723048', NULL, 'B', '2018-07-23', 10, 128, 128, 9600, 1),
	('B20180723050', '20180723050', 'A20180723050', NULL, 'B', '2018-07-23', 1, 643, 643, 39994.6, 1),
	('B20180723051', '20180723051', 'A20180723051', NULL, 'B', '2018-07-23', 1, 206, 206, 8240, 1),
	('B20180723052', '20180723052', 'A20180723052', NULL, 'I', '2018-07-24', 1, 580, 580, 58000, 1),
	('B20180723053', '20180723053', 'A20180723053', NULL, 'I', '2018-07-24', 1, 2000, 2000, 54000, 1),
	('B20180723054', '20180723054', 'A20180723054', NULL, 'I', '2018-07-24', 1, 4000, 4000, 216000, 1),
	('B20180723055', '20180723055', 'A20180723055', NULL, 'I', '2018-07-24', 1, 4302, 4302, 137664, 1),
	('B20180723056', '20180723056', 'A20180723056', NULL, 'I', '2018-07-24', 1, 2413, 2413, 101346, 1),
	('B20180723057', '20180723057', 'A20180723057', NULL, 'I', '2018-07-24', 1, 1424, 1424, 35600, 1),
	('B20180723058', '20180723058', 'A20180723058', NULL, 'I', '2018-07-24', 1, 650, 650, 71500, 1),
	('B20180723059', '20180723059', 'A20180723059', NULL, 'K', '2018-07-24', 1, 53.8, 53.8, 618.7, 1),
	('B20180723060', '20180723060', 'A20180723060', NULL, 'K', '2018-07-24', 1, 27, 27, 2025, 1),
	('B20180723061', '20180723061', 'A20180723061', NULL, 'K', '2018-07-24', 1, 180, 180, 15840, 1),
	('B20180723062', '20180723062', 'A20180723062', NULL, 'K', '2018-07-24', 1, 190, 190, 13395, 1),
	('B20180723063', '20180723063', 'A20180723072', NULL, 'A', '2018-07-24', 1, 320, 320, 1680, 1),
	('B20180723064', '20180723064', 'A20180723075', NULL, 'E', '2018-07-24', 1, 0.7, 0.7, 294, 1),
	('B20180723065', '20180723065', 'A20180723074', NULL, 'E', '2018-07-24', 1, 125, 125, 11875, 1),
	('B20180723066', '20180723066', 'A20180723073', NULL, 'E', '2018-07-24', 1, 15, 15, 825, 1),
	('B20180723067', '20180723067', 'A20180723076', NULL, 'I', '2018-07-24', 1, 433, 433, 33341, 1),
	('B20180723068', '20180723068', 'A20180723071', NULL, 'F', '2018-07-24', 1, 25, 25, 9375, 1),
	('B20180723069', '20180723069', 'A20180723070', NULL, 'F', '2018-07-24', 1, 28, 28, 9800, 1),
	('B20180724001', '20180724001', 'A20180724010', NULL, 'Z', '2018-07-24', 1, 400, 400, 12800, 1),
	('B20180724002', '20180724002', 'A20180724009', NULL, 'Z', '2018-07-24', 1, 490, 490, 17640, 1),
	('B20180724003', '20180724003', 'A20180724008', NULL, 'N', '2018-07-24', 1, 4320, 4320, 120960, 1),
	('B20180724004', '20180724004', 'A20180724007', NULL, 'N', '2018-07-24', 1, 4000, 4000, 60000, 1),
	('B20180724005', '20180724005', 'A20180724006', NULL, 'K', '2018-07-24', 1, 24935, 24935, 2169340, 1),
	('B20180724006', '20180724006', 'A20180724005', NULL, 'K', '2018-07-24', 1, 16, 16, 400, 1),
	('B20180724007', '20180724007', 'A20180724004', NULL, 'K', '2018-07-24', 1, 2340, 2340, 491400, 1),
	('B20180724008', '20180724008', 'A20180724003', NULL, 'I', '2018-07-24', 1, 1378, 1378, 103350, 1),
	('B20180724009', '20180724009', 'A20180724002', NULL, 'I', '2018-07-24', 1, 6000, 6000, 198000, 1),
	('B20180724010', '20180724010', 'A20180724001', NULL, 'I', '2018-07-24', 1, 4500, 4500, 10800, 1),
	('B20180724011', '20180724011', 'A20180723069', NULL, 'Z', '2018-07-24', 1, 4125, 4125, 33412.5, 1),
	('B20180724012', '20180724012', 'A20180723067', NULL, 'N', '2018-07-24', 1, 14100, 14100, 535800, 1),
	('B20180724013', '20180724013', 'A20180723066', NULL, 'M', '2018-07-24', 1, 9600, 9600, 364800, 1),
	('B20180724014', '20180724014', 'A20180723065', NULL, 'N', '2018-07-24', 1, 480, 480, 19200, 1),
	('B20180724015', '20180724015', 'A20180723064', NULL, 'N', '2018-07-24', 1, 2400, 2400, 91200, 1),
	('B20180724016', '20180724016', 'A20180723063', NULL, 'M', '2018-07-24', 1, 8100, 8100, 105300, 1),
	('B20180724017', '20180724017', 'A20180724011', NULL, 'K', '2018-07-24', 1, 26, 26, 7280, 1),
	('B20180724018', '20180724018', 'A20180724012', NULL, 'M', '2018-07-24', 1, 1800, 1800, 23400, 1),
	('B20180724019', '20180724019', 'A20180724013', NULL, 'N', '2018-07-24', 1, 3000, 3000, 114000, 1),
	('B20180724020', '20180724020', 'A20180724014', NULL, 'M', '2018-07-24', 1, 3840, 3840, 107520, 1),
	('B20180724021', '20180724021', 'A20180723068', NULL, 'N', '2018-07-24', 1, 13100, 13100, 373350, 1),
	('B20180724022', '20180724022', 'A20180724015', NULL, 'F', '2018-07-24', 1, 0.3, 0.3, 840, 1),
	('B20180724023', '20180724023', 'A20180724016', NULL, 'F', '2018-07-24', 1, 6, 6, 1860, 1),
	('B20180724025', '20180724025', 'A20180724017', NULL, 'N', '2018-07-24', 1, 13840, 13840, 387520, 1),
	('B20180724026', '20180724026', 'A20180724020', NULL, 'C', '2018-07-24', 1, 25000, 25000, 212500, 1),
	('B20180724027', '20180724027', 'A20180724021', NULL, 'B', '2018-07-24', 1, 70, 70, 1680, 1),
	('B20180724028', '20180724028', 'A20180724022', NULL, 'C', '2018-07-24', 1, 10000, 10000, 180000, 1),
	('B20180724029', '20180724029', 'A20180724018', NULL, 'I', '2018-07-24', 1, 3000, 3000, 12000, 1),
	('B20180724030', '20180724030', 'A20180724019', NULL, 'B', '2018-07-24', 1, 7500, 7500, 33750, 1),
	('B20180724031', '20180724031', 'A20180724023', NULL, 'I', '2018-07-24', 1, 1180, 1180, 4720, 1),
	('B20180725001', '20180725001', 'A20180725001', NULL, 'a', '2018-07-25', 1, 6000, 6000, 81000, 1),
	('B20180725002', '20180725002', 'A20180725002', NULL, 'I', '2018-07-25', 1, 10000, 10000, 540000, 1),
	('B20180725003', '20180725003', 'A20180725003', NULL, 'K', '2018-07-25', 1, 5000, 5000, 80000, 1),
	('B20180725004', '20180725004', 'A20180725004', NULL, 'K', '2018-07-25', 1, 3000, 3000, 150000, 1),
	('B20180725005', '20180725005', 'A20180725005', NULL, 'H', '2018-07-25', 1, 1211.5, 1211.5, 10903.5, 1),
	('B20180725006', '20180725006', 'A20180725007', NULL, 'N', '2018-07-25', 10, 10000, 10000, 130000, 1),
	('B20180726001', '20180726001', 'A20180725006', NULL, 'E', '2018-07-26', 4, 3345, 3345, 53520, 1),
	('B20180727001', '20180727001', 'A20180727002', NULL, 'Z', '2018-07-27', 1, 48, 1200, 26400, 1),
	('B20180727002', '20180727002', 'A20180727003', NULL, 'Z', '2018-07-27', 1, 53, 1325, 29150, 1),
	('B20180727003', '20180727003', 'A20180727004', NULL, 'I', '2018-07-27', 1, 35, 647.5, 19425, 1),
	('B20180727004', '20180727004', 'A20180727005', NULL, 'I', '2018-07-27', 1, 30, 555, 16650, 1),
	('B20180727005', '20180727005', 'A20180727007', NULL, 'Z', '2018-07-27', 1, 137, 2534.5, 45621, 1),
	('B20180727006', '20180727006', 'A20180727008', NULL, 'Z', '2018-07-27', 1, 118, 2832, 90624, 1),
	('B20180727007', '20180727007', 'A20180727009', NULL, 'Z', '2018-07-27', 1, 99, 2574, 63063, 1),
	('B20180727008', '20180727008', 'A20180727010', NULL, 'I', '2018-07-27', 1, 44, 1012, 96140, 1),
	('B20180727009', '20180727009', 'A20180727011', NULL, 'I', '2018-07-27', 1, 48, 888, 18648, 1),
	('B20180727010', '20180727010', 'A20180727012', NULL, 'I', '2018-07-27', 1, 20, 450, 10350, 1),
	('B20180727011', '20180727011', 'A20180727013', NULL, 'Z', '2018-07-27', 1, 45, 832.5, 14985, 1),
	('B20180727012', '20180727012', 'A20180727014', NULL, 'Z', '2018-07-27', 1, 46, 1104, 35328, 1),
	('B20180727013', '20180727013', 'A20180727015', NULL, 'Z', '2018-07-27', 1, 45, 1170, 21645, 1),
	('B20180727014', '20180727014', 'A20180727016', NULL, 'Z', '2018-07-27', 1, 532, 13832, 255892, 1),
	('B20180727015', '20180727015', 'A20180727017', NULL, 'Z', '2018-07-27', 1, 87, 2175, 47850, 1),
	('B20180727016', '20180727016', 'A20180727001', NULL, 'I', '2018-07-27', 5, 5000, 5000, 250000, 1),
	('B20180730001', '20180730001', 'A20180730001', NULL, 'I', '2018-07-30', 1, 3000, 3000, 12000, 1),
	('B20180730002', '20180730002', 'A20180730002', NULL, 'B', '2018-07-30', 1, 8000, 8000, 344000, 1),
	('B20180730003', '20180730003', 'A20180730003', NULL, 'E', '2018-07-30', 1, 1500, 1500, 13500, 1),
	('B20180730004', '20180730004', 'A20180730004', NULL, 'Z', '2018-07-30', 5, 6875, 6875, 55687.5, 1),
	('B20180730005', '20180730005', 'A20180730008', NULL, 'E', '2018-07-30', 1, 320, 320, 11200, 1),
	('B20180730006', '20180730006', 'A20180730007', NULL, 'E', '2018-07-30', 1, 344, 344, 8944, 1),
	('B20180730007', '20180730007', 'A20180730006', NULL, 'C', '2018-07-30', 2, 3600, 3600, 50400, 1),
	('B20180730008', '20180730008', 'A20180730009', NULL, 'Z', '2018-07-30', 1, 40, 1000, 22000, 1),
	('B20180730009', '20180730009', 'A20180730010', NULL, 'Z', '2018-07-30', 1, 43, 1118, 20683, 1),
	('B20180730010', '20180730010', 'A20180730005', NULL, 'Z', '2018-07-30', 2, 2000, 2000, 28000, 1),
	('B20180730011', '20180730011', 'A20180730017', NULL, 'Z', '2018-07-30', 1, 39, 1014, 18759, 1),
	('B20180731001', '20180731001', 'A20180731001', NULL, 'I', '2018-07-24', 1, 4000, 4000, 108000, 1),
	('B20180731002', '20180731002', 'A20180731002', NULL, 'Z', '2018-07-31', 1, 44, 1144, 21164, 1),
	('B20180731003', '20180731003', 'A20180730016', NULL, 'A', '2018-07-31', 1, 3000, 3000, 48000, 1),
	('B20180731004', '20180731004', 'A20180731007', NULL, 'B', '2018-07-31', 1, 7500, 7500, 33750, 1),
	('B20180731005', '20180731005', 'A20180730012', NULL, 'C', '2018-07-31', 1, 1000, 1000, 32000, 1),
	('B20180731006', '20180731006', 'A20180731008', NULL, 'I', '2018-07-31', 2, 45, 1080, 34560, 1),
	('B20180731007', '20180731007', 'A20180730013', NULL, 'C', '2018-07-31', 1, 20000, 20000, 180000, 1),
	('B20180731008', '20180731008', 'A20180731011', NULL, 'F', '2018-07-31', 1, 40, 40, 3200, 1),
	('B20180731009', '20180731009', 'A20180731012', NULL, 'B', '2018-07-31', 1, 207, 207, 15525, 1),
	('B20180731010', '20180731010', 'A20180731013', NULL, 'E', '2018-07-31', 1, 800, 800, 12800, 1),
	('B20180731011', '20180731011', 'A20180731014', NULL, 'Z', '2018-07-31', 2, 46, 1104, 35328, 1),
	('B20180731012', '20180731012', 'A20180731015', NULL, 'Z', '2018-07-31', 1, 49, 1225, 26950, 1),
	('B20180801001', '20180801001', 'A20180801001', NULL, 'C', '2018-08-01', 1, 20000, 20000, 280000, 1),
	('B20180801002', '20180801002', 'A20180801002', NULL, 'B', '2018-08-01', 1, 89, 89, 5162, 1),
	('B20180801003', '20180801003', 'A20180801003', NULL, 'K', '2018-08-01', 1, 800, 800, 20000, 1),
	('B20180801004', '20180801004', 'A20180801004', NULL, 'K', '2018-08-01', 1, 31, 31, 2728, 1),
	('B20180801005', '20180801005', 'A20180730014', NULL, 'K', '2018-08-01', 10, 10000, 10000, 160000, 1),
	('B20180801006', '20180801006', 'A20180801005', NULL, 'Z', '2018-08-01', 1, 44, 1144, 21164, 1),
	('B20180801007', '20180801007', 'A20180801006', NULL, 'Z', '2018-08-01', 1, 50, 1250, 27500, 1),
	('B20180801008', '20180801008', 'A20180801007', NULL, 'Z', '2018-08-01', 1, 50, 1250, 27500, 1),
	('B20180801009', '20180801009', 'A20180801008', NULL, 'I', '2018-08-01', 1, 44, 1144, 21164, 1),
	('B20180801010', '20180801010', 'A20180801009', NULL, 'Z', '2018-08-01', 1, 48, 1200, 26400, 1),
	('B20180802001', '20180802001', 'A20180802001', NULL, 'Z', '2018-08-02', 1, 45, 1125, 24750, 1),
	('B20180802002', '20180802002', 'A20180730011', NULL, 'C', '2018-08-02', 1, 1000, 1000, 14000, 1),
	('B20180802003', '20180802003', 'A20180802002', NULL, 'K', '2018-08-02', 1, 16, 480, 12000, 1),
	('B20180802004', '20180802004', 'A20180731006', NULL, 'M', '2018-08-02', 15, 4500, 4500, 171000, 1),
	('B20180802005', '20180802005', 'A20180802003', NULL, 'Z', '2018-08-02', 2, 46, 1104, 35328, 1),
	('B20180802006', '20180802006', 'A20180731003', NULL, 'A', '2018-08-02', 1, 20000, 20000, 320000, 1),
	('B20180802007', '20180802007', 'A20180802004', NULL, 'Z', '2018-08-02', 1, 45, 1125, 24750, 1),
	('B20180802008', '20180802008', 'A20180802005', NULL, 'Z', '2018-08-02', 1, 45, 1125, 24750, 1),
	('B20180802009', '20180802009', 'A20180731005', NULL, 'C', '2018-08-02', 1, 25000, 25000, 77500, 1),
	('B20180803001', '20180803001', 'A20180803001', NULL, 'Z', '2018-08-03', 1, 46, 1150, 25300, 1),
	('B20180803002', '20180803002', 'A20180803002', NULL, 'I', '2018-08-03', 2, 61, 1128.5, 33855, 1),
	('B20180803003', '20180803003', 'A20180803003', NULL, 'Z', '2018-08-03', 1, 46, 851, 15318, 1),
	('B20180803004', '20180803004', 'A20180803004', NULL, 'N', '2018-08-03', 1, 1760, 1760, 50160, 1),
	('B20180803005', '20180803005', 'A20180731009', NULL, 'D', '2018-08-03', 6, 6804, 6804, 367416, 1),
	('B20180803006', '20180803006', 'A20180803005', NULL, 'Z', '2018-08-03', 1, 48, 1200, 26400, 1),
	('B20180803007', '20180803007', 'A20180803009', NULL, 'I', '2018-08-03', 1, 41, 1025, 92250, 1),
	('B20180803008', '20180803008', 'A20180731010', NULL, 'E', '2018-08-03', 1, 3000, 3000, 150000, 1),
	('B20180803009', '20180803009', 'A20180803010', NULL, 'Z', '2018-08-03', 2, 85, 2125, 46750, 1),
	('B20180803010', '20180803010', 'A20180803011', NULL, 'Z', '2018-08-03', 1, 46, 851, 15318, 1),
	('B20180803011', '20180803011', 'A20180803012', NULL, 'I', '2018-08-03', 1, 47, 869.5, 18259.5, 1),
	('B20180803012', '20180803012', 'A20180803013', NULL, 'D', '2018-08-03', 10, 13000, 13000, 637000, 1),
	('B20180803013', '20180803013', 'A20180803014', NULL, 'Z', '2018-08-03', 1, 45, 1125, 24750, 1),
	('B20180806001', '20180806001', 'A20180731004', NULL, 'C', '2018-08-06', 1, 25000, 25000, 212500, 1),
	('B20180806002', '20180806002', 'A20180803006', NULL, 'D', '2018-08-06', 5, 6875, 6875, 55687.5, 1),
	('B20180806003', '20180806003', 'A20180806006', NULL, 'Z', '2018-08-06', 1, 46, 851, 15318, 1),
	('B20180806004', '20180806004', 'A20180806007', NULL, 'Z', '2018-08-06', 2, 45, 1080, 34560, 1),
	('B20180806005', '20180806005', 'A20180806008', NULL, 'I', '2018-08-06', 2, 60, 1110, 33300, 1),
	('B20180806006', '20180806006', 'A20180803008', NULL, 'K', '2018-08-06', 1, 25038, 25038, 2178310, 1),
	('B20180806007', '20180806007', 'A20180806009', NULL, 'Z', '2018-08-06', 1, 50, 1250, 27500, 1),
	('B20180806008', '20180806008', 'A20180803007', NULL, 'K', '2018-08-06', 1, 5000, 5000, 250000, 1),
	('B20180806009', '20180806009', 'A20180806010', NULL, 'M', '2018-08-06', 50, 12000, 12000, 336000, 1),
	('B20180806010', '20180806010', 'A20180806002', NULL, 'B', '2018-08-06', 1, 10500, 10500, 47250, 1),
	('B20180806011', '20180806011', 'A20180725006', NULL, 'E', '2018-08-06', 0, 0, 0, 0, 1),
	('B20180806012', '20180806012', 'A20180806012', NULL, 'Z', '2018-08-06', 1, 31, 806, 14911, 1),
	('B20180806013', '20180806013', 'A20180806013', NULL, 'I', '2018-08-06', 1, 44, 990, 22770, 1),
	('B20180806014', '20180806014', 'A20180806014', NULL, 'K', '2018-08-06', 1, 14, 420, 10500, 1),
	('B20180807001', '20180807001', 'A20180807001', NULL, 'Z', '2018-08-07', 1, 40, 1000, 22000, 1),
	('B20180807002', '20180807002', 'A20180807002', NULL, 'A', '2018-08-07', 4, 2300, 2300, 16100, 1),
	('B20180807003', '20180807003', 'A20180807003', NULL, 'M', '2018-08-07', 8, 7200, 7200, 93600, 1),
	('B20180807004', '20180807004', 'A20180807004', NULL, 'C', '2018-08-07', 1, 2500, 2500, 207500, 1),
	('B20180807005', '20180807005', 'A20180807005', NULL, 'A', '2018-08-07', 4, 2302, 2302, 16114, 1),
	('B20180807006', '20180807006', 'A20180807006', NULL, 'C', '2018-08-07', 10, 13000, 13000, 780000, 1),
	('B20180807007', '20180807007', 'A20180807007', NULL, 'Z', '2018-08-07', 14, 48, 1200, 26400, 1),
	('B20180807008', '20180807008', 'A20180807008', NULL, 'Z', '2018-08-07', 2, 46, 1104, 35328, 1),
	('B20180807009', '20180807009', 'A20180807009', NULL, 'N', '2018-08-07', 1, 4800, 4800, 153600, 1),
	('B20180807010', '20180807010', 'A20180807010', NULL, 'I', '2018-08-07', 1, 8000, 8000, 216000, 1),
	('B20180807011', '20180807011', 'A20180806001', NULL, 'K', '2018-08-07', 1, 25038, 25038, 2178310, 1),
	('B20180807012', '20180807012', 'A20180807011', NULL, 'K', '2018-08-07', 1, 25089, 25089, 2182740, 1),
	('B20180807013', '20180807013', 'A20180807012', NULL, 'Z', '2018-08-07', 1, 50, 1250, 27500, 1),
	('B20180807014', '20180807014', 'A20180807013', NULL, 'Z', '2018-08-07', 1, 46, 1104, 35328, 1),
	('B20180808001', '20180808001', 'A20180808004', NULL, 'Z', '2018-08-08', 2, 92, 1702, 30636, 1),
	('B20180808002', '20180808002', 'A20180808005', NULL, 'Z', '2018-08-08', 1, 33, 858, 15873, 1),
	('B20180808003', '20180808003', 'A20180808006', NULL, 'Z', '2018-08-08', 1, 45, 832.5, 14985, 1),
	('B20180808004', '20180808004', 'A20180808001', NULL, 'E', '2018-08-08', 2, 1200, 1200, 48000, 1),
	('B20180808005', '20180808005', 'A20180808010', NULL, 'Z', '2018-08-08', 1, 46, 851, 15318, 1),
	('B20180808006', '20180808006', 'A20180808011', NULL, 'Z', '2018-08-08', 1, 44, 1100, 24200, 1),
	('B20180808007', '20180808007', 'A20180808012', NULL, 'Z', '2018-08-08', 2, 45, 1080, 34560, 1),
	('B20180808008', '20180808008', 'A20180808003', NULL, 'B', '2018-08-08', 6, 9000, 9000, 30600, 1),
	('B20180808009', '20180808009', 'A20180808014', NULL, 'Z', '2018-08-08', 2, 46, 1104, 35328, 1),
	('B20180808010', '20180808010', 'A20180725006', NULL, 'E', '2018-08-08', 1, 800, 800, 12800, 1),
	('B20180808011', '20180808011', 'A20180808016', NULL, 'Z', '2018-08-08', 1, 44, 1144, 21164, 1),
	('B20180808012', '20180808012', 'A20180806005', NULL, 'B', '2018-08-08', 2, 2000, 2000, 40000, 1),
	('B20180808013', '20180808013', 'A20180808015', NULL, 'Z', '2018-08-08', 1, 38, 988, 18278, 1),
	('B20180809001', '20180809001', 'A20180809001', NULL, 'Z', '2018-08-09', 2, 85, 2210, 40885, 1),
	('B20180809002', '20180809002', 'A20180806004', NULL, 'I', '2018-08-09', 10, 10000, 10000, 540000, 1),
	('B20180809003', '20180809003', 'A20180808007', NULL, 'A', '2018-08-09', 1, 11000, 11000, 176000, 1),
	('B20180809004', '20180809004', 'A20180806003', NULL, 'I', '2018-08-09', 1, 10000, 10000, 1100000, 1),
	('B20180809005', '20180809005', 'A20180809006', NULL, 'Z', '2018-08-09', 1, 42, 1092, 20202, 1),
	('B20180809006', '20180809006', 'A20180809007', NULL, 'Z', '2018-08-09', 1, 46, 851, 15318, 1),
	('B20180809007', '20180809007', 'A20180809008', NULL, 'I', '2018-08-09', 1, 44, 1100, 24200, 1),
	('B20180809008', '20180809008', 'A20180808013', NULL, 'I', '2018-08-09', 4, 6000, 6000, 14400, 1),
	('B20180809009', '20180809009', 'A20180808002', NULL, 'N', '2018-08-09', 2, 3000, 3000, 9300, 1),
	('B20180809010', '20180809010', 'A20180809009', NULL, 'Z', '2018-08-09', 1, 48, 1248, 23088, 1),
	('B20180809011', '20180809011', 'A20180809010', NULL, 'Z', '2018-08-09', 1, 46, 851, 15318, 1),
	('B20180809012', '20180809012', 'A20180809012', NULL, 'Z', '2018-08-09', 2, 46, 1104, 35328, 1),
	('B20180809013', '20180809013', 'A20180809013', NULL, 'Z', '2018-08-09', 1, 48, 1200, 26400, 1),
	('B20180810001', '20180810001', 'A20180809002', NULL, 'A', '2018-08-10', 1, 11000, 11000, 176000, 1),
	('B20180810002', '20180810002', 'A20180809004', NULL, 'Z', '2018-08-10', 5, 6875, 6875, 55687.5, 1),
	('B20180810003', '20180810003', 'A20180809011', NULL, 'C', '2018-08-10', 1, 2000, 2000, 30000, 1),
	('B20180810004', '20180810004', 'A20180810001', NULL, 'B', '2018-08-10', 1, 8000, 8000, 344000, 1),
	('B20180810005', '20180810005', 'A20180810002', NULL, 'I', '2018-08-10', 1, 3000, 3000, 12000, 1),
	('B20180810006', '20180810006', 'A20180810003', NULL, 'Z', '2018-08-10', 1, 42, 1092, 20202, 1),
	('B20180810007', '20180810007', 'A20180810004', NULL, 'I', '2018-08-10', 1, 51, 943.5, 19813.5, 1),
	('B20180810008', '20180810008', 'A20180810005', NULL, 'I', '2018-08-10', 1, 1000, 1000, 110000, 1),
	('B20180813001', '20180813001', 'A20180813001', NULL, 'I', '2018-08-13', 2, 67, 1239.5, 37185, 1),
	('B20180813002', '20180813002', 'A20180813003', NULL, 'B', '2018-08-13', 1, 10500, 10500, 47250, 1),
	('B20180813003', '20180813003', 'A20180809005', NULL, 'K', '2018-08-13', 1, 3000, 3000, 150000, 1),
	('B20180813004', '20180813004', 'A20180813002', NULL, 'K', '2018-08-13', 1, 25075, 25075, 2181520, 1),
	('B20180813005', '20180813005', 'A20180813004', NULL, 'I', '2018-08-13', 1, 48, 888, 18648, 1),
	('B20180813006', '20180813006', 'A20180813005', NULL, 'Z', '2018-08-13', 1, 45, 832.5, 14985, 1),
	('B20180813007', '20180813007', 'A20180813006', NULL, 'I', '2018-08-13', 2, 67, 1239.5, 37185, 1),
	('B20180813008', '20180813008', 'A20180813007', NULL, 'Z', '2018-08-13', 1, 49, 1225, 26950, 1),
	('B20180813009', '20180813009', 'A20180813010', NULL, 'I', '2018-08-13', 1, 51, 943.5, 19813.5, 1),
	('B20180814001', '20180814001', 'A20180814001', NULL, 'I', '2018-08-14', 2, 67, 1239.5, 37185, 1),
	('B20180814002', '20180814002', 'A20180814002', NULL, 'Z', '2018-08-14', 1, 43, 1118, 20683, 1),
	('B20180814003', '20180814003', 'A20180813008', NULL, 'K', '2018-08-14', 1, 25101, 25101, 2183790, 1),
	('B20180814004', '20180814004', 'A20180813009', NULL, 'B', '2018-08-14', 1, 100, 100, 16000, 1),
	('B20180814005', '20180814005', 'A20180814003', NULL, 'Z', '2018-08-14', 1, 41, 1066, 19721, 1),
	('B20180814006', '20180814006', 'A20180814004', NULL, 'I', '2018-08-14', 2, 45, 1012.5, 23287.5, 1),
	('B20180814007', '20180814007', 'A20180814005', NULL, 'Z', '2018-08-14', 1, 49, 1225, 26950, 1),
	('B20180814008', '20180814008', 'A20180814006', NULL, 'I', '2018-08-14', 2, 46, 1104, 35328, 1),
	('B20180814009', '20180814009', 'A20180814007', NULL, 'Z', '2018-08-14', 2, 94, 2350, 51700, 1),
	('B20180814010', '20180814010', 'A20180814008', NULL, 'C', '2018-08-14', 1, 12500, 12500, 106250, 1),
	('B20180816001', '20180816001', 'A20180816002', NULL, 'z', '2018-08-16', 1, 43, 1118, 20683, 1),
	('B20180816002', '20180816002', 'A20180816002', NULL, 'z', '2018-08-16', 1, 45, 1170, 21645, 1),
	('B20180816003', '20180816003', 'A20180816003', NULL, 'I', '2018-08-16', 2, 45, 1080, 34560, 1),
	('B20180816004', '20180816004', 'A20180816005', NULL, 'Z', '2018-08-16', 2, 92, 1702, 30636, 1),
	('B20180816005', '20180816005', 'A20180809003', NULL, 'H', '2018-08-16', 1, 100, 100, 37500, 1),
	('B20180816006', '20180816006', 'A20180816006', NULL, 'E', '2018-08-16', 1, 516, 516, 13416, 1),
	('B20180816007', '20180816007', 'A20180816007', NULL, 'E', '2018-08-16', 1, 360, 360, 18000, 1),
	('B20180816008', '20180816008', 'A20180816008', NULL, 'E', '2018-08-16', 1, 176, 176, 9504, 1),
	('B20180816009', '20180816009', 'A20180816009', NULL, 'K', '2018-08-16', 1, 10000, 10000, 160000, 1),
	('B20180816010', '20180816010', 'A20180816004', NULL, 'Z', '2018-08-16', 2, 45, 1080, 34560, 1),
	('B20180816011', '20180816011', 'A20180816001', NULL, 'Z', '2018-08-16', 1, 43, 1118, 20683, 1),
	('B20180816012', '20180816012', 'A20180816015', NULL, 'Z', '2018-08-16', 1, 46, 1150, 25300, 1),
	('B20180816013', '20180816013', 'A20180816016', NULL, 'C', '2018-08-16', 1, 25000, 25000, 212500, 1),
	('B20180816014', '20180816014', 'A20180816013', NULL, 'B', '2018-08-16', 1, 1500, 1500, 8250, 1),
	('B20180816015', '20180816015', 'A20180816014', NULL, 'I', '2018-08-16', 4, 6000, 6000, 198000, 1),
	('B20180816016', '20180816016', 'A20180816003', NULL, 'Z', '2018-08-16', 2, 46, 1104, 35328, 1),
	('B20180816017', '20180816017', 'A20180816017', NULL, 'Z', '2018-08-16', 1, 46, 851, 15318, 1),
	('B20180816018', '20180816018', 'A20180816011', NULL, 'A', '2018-08-16', 1, 20000, 20000, 320000, 1),
	('B20180816019', '20180816019', 'A20180816018', NULL, 'Z', '2018-08-16', 1, 46, 851, 15318, 1),
	('B20180816020', '20180816020', 'A20180816010', NULL, 'E', '2018-08-16', 4, 3200, 3200, 51200, 1),
	('B20180816021', '20180816021', 'A20180816019', NULL, 'I', '2018-08-16', 1, 45, 1125, 24750, 1),
	('B20180817001', '20180817001', 'A20180817001', NULL, 'K', '2018-08-17', 1, 3200, 3200, 672000, 1),
	('B20180817002', '20180817002', 'A20180817003', NULL, 'Z', '2018-08-17', 1, 43, 1075, 23650, 1),
	('B20180817003', '20180817003', 'A20180817004', NULL, 'I', '2018-08-17', 1, 47, 869.5, 18259.5, 1),
	('B20180817004', '20180817004', 'A20180817005', NULL, 'I', '2018-08-17', 2, 63, 1165.5, 34965, 1),
	('B20180817005', '20180817005', 'A20180817002', NULL, 'N', '2018-08-17', 4, 4000, 4000, 60000, 1),
	('B20180817006', '20180817006', 'A20180817006', NULL, 'I', '2018-08-17', 1, 44, 1100, 24200, 1),
	('B20180820001', '20180820001', 'A20180820001', NULL, 'I', '2018-08-20', 1, 5000, 5000, 20000, 1),
	('B20180820002', '20180820002', 'A20180820002', NULL, 'B', '2018-08-20', 1, 6000, 6000, 27000, 1),
	('B20180820003', '20180820003', 'A20180820004', NULL, 'Z', '2018-08-20', 2, 2750, 2750, 22275, 1),
	('B20180820004', '20180820004', 'A20180820003', NULL, 'E', '2018-08-20', 1, 500, 500, 25000, 1),
	('B20180820005', '20180820005', 'A20180816003', NULL, 'z', '2018-08-20', 2, 46, 1104, 35328, 1),
	('B20180820006', '20180820006', 'A20180820006', NULL, 'Z', '2018-08-20', 1, 46, 851, 15318, 1),
	('B20180820007', '20180820007', 'A20180820007', NULL, 'K', '2018-08-20', 1, 5000, 5000, 250000, 1),
	('B20180820008', '20180820008', 'A20180820008', NULL, 'D', '2018-08-20', 1, 11950, 11950, 107550, 1),
	('B20180820009', '20180820009', 'A20180820009', NULL, 'Z', '2018-08-20', 1, 45, 1125, 24750, 1),
	('B20180820010', '20180820010', 'A20180820010', NULL, 'N', '2018-08-20', 1, 600, 600, 22800, 1),
	('B20180820011', '20180820011', 'A20180820005', NULL, 'E', '2018-08-20', 1, 453.6, 453.6, 22680, 1),
	('B20180820012', '20180820012', 'A20180820013', NULL, 'Z', '2018-08-20', 1, 45, 1125, 24750, 1),
	('B20180820013', '20180820013', 'A20180820014', NULL, 'N', '2018-08-20', 1, 3200, 3200, 108800, 1),
	('B20180821001', '20180821001', 'A20180821001', NULL, 'Z', '2018-08-21', 1, 44, 1100, 24200, 1),
	('B20180821002', '20180821002', 'A20180821002', NULL, 'Z', '2018-08-21', 1, 46, 1150, 25300, 1),
	('B20180821003', '20180821003', 'A20180820012', NULL, 'B', '2018-08-21', 1, 1000, 1000, 13500, 1),
	('B20180821004', '20180821004', 'A20180821004', NULL, 'I', '2018-08-21', 2, 44, 990, 22770, 1),
	('B20180821005', '20180821005', 'A20180821005', NULL, 'Z', '2018-08-21', 1, 41, 1066, 19721, 1),
	('B20180821006', '20180821006', 'A20180821006', NULL, 'Z', '2018-08-21', 1, 45, 832.5, 14985, 1),
	('B20180822001', '20180822001', 'A20180822001', NULL, 'B', '2018-08-22', 1, 10500, 10500, 47250, 1),
	('B20180822002', '20180822002', 'A20180822002', NULL, 'Z', '2018-08-22', 1, 45, 1125, 24750, 1),
	('B20180822003', '20180822003', 'A20180822003', NULL, 'Z', '2018-08-22', 1, 43, 1118, 20683, 1),
	('B20180822004', '20180822004', 'A20180822004', NULL, 'Z', '2018-08-22', 1, 46, 851, 15318, 1),
	('B20180822005', '20180822005', 'A20180821003', NULL, 'I', '2018-08-22', 4, 6000, 6000, 14400, 1),
	('B20180822006', '20180822006', 'A20180808009', NULL, 'M', '2018-08-22', 15, 4500, 4500, 171000, 1),
	('B20180822007', '20180822007', 'A20180822005', NULL, 'M', '2018-08-22', 15, 4500, 4500, 171000, 1),
	('B20180822008', '20180822008', 'A20180822006', NULL, 'Z', '2018-08-22', 1, 42, 1092, 20202, 1),
	('B20180822009', '20180822009', 'A20180822007', NULL, 'Z', '2018-08-22', 2, 90, 2250, 49500, 1),
	('B20180822010', '20180822010', 'A20180822008', NULL, 'Z', '2018-08-22', 1, 42, 1092, 20202, 1),
	('B20180822011', '20180822011', 'A20180822009', NULL, 'Z', '2018-08-22', 3, 130, 3250, 71500, 1),
	('B20180822012', '20180822012', 'A20180822010', NULL, 'Z', '2018-08-22', 1, 45, 1170, 21645, 1),
	('B20180822013', '20180822013', 'A20180822011', NULL, 'Z', '2018-08-22', 2, 91, 2184, 69888, 1),
	('B20180823001', '20180823001', 'A20180823001', NULL, 'B', '2018-08-23', 6, 9000, 9000, 30600, 1),
	('B20180823002', '20180823002', 'A20180823007', NULL, 'I', '2018-08-23', 10, 10000, 10000, 540000, 1),
	('B20180823003', '20180823003', 'A20180823005', NULL, 'C', '2018-08-23', 1, 4800, 4800, 206400, 1),
	('B20180823004', '20180823004', 'A20180823006', NULL, 'A', '2018-08-23', 1, 6000, 6000, 96000, 1),
	('B20180823005', '20180823005', 'A20180823002', NULL, 'Z', '2018-08-23', 1, 400, 400, 12800, 1),
	('B20180823006', '20180823006', 'A20180823008', NULL, 'C', '2018-08-23', 1, 25000, 25000, 212500, 1),
	('B20180823007', '20180823007', 'A20180823009', NULL, 'Z', '2018-08-23', 1, 43, 1118, 20683, 1),
	('B20180823008', '20180823008', 'A20180823010', NULL, 'Z', '2018-08-23', 2, 46, 1104, 35328, 1),
	('B20180823009', '20180823009', 'A20180823011', NULL, 'I', '2018-08-23', 2, 47, 869.5, 26085, 1),
	('B20180823010', '20180823010', 'A20180823012', NULL, 'Z', '2018-08-23', 1, 46, 851, 15318, 1),
	('B20180823011', '20180823011', 'A20180823013', NULL, 'I', '2018-08-23', 1, 35, 647.5, 19425, 1),
	('B20180827001', '20180827001', 'A20180823004', NULL, 'C', '2018-08-27', 1, 25000, 25000, 77500, 1),
	('B20180827002', '20180827002', 'A20180827001', NULL, 'C', '2018-08-27', 1, 24000, 24000, 74400, 1),
	('B20180827003', '20180827003', 'A20180827002', NULL, 'I', '2018-08-27', 2, 70, 1295, 38850, 1),
	('B20180827004', '20180827004', 'A20180827003', NULL, 'I', '2018-08-27', 1, 47, 869.5, 18259.5, 1),
	('B20180827005', '20180827005', 'A20180823003', NULL, 'C', '2018-08-27', 1, 14000, 14000, 336000, 1),
	('B20180827006', '20180827006', 'A20180827004', NULL, 'I', '2018-08-27', 1, 40, 1000, 22000, 1),
	('B20180827007', '20180827007', 'A20180827005', NULL, 'Z', '2018-08-27', 1, 46, 851, 15318, 1),
	('B20180827008', '20180827008', 'A20180827006', NULL, 'Z', '2018-08-27', 1, 42, 1092, 20202, 1),
	('B20180827009', '20180827009', 'A20180827007', NULL, 'Z', '2018-08-27', 2, 91, 1683.5, 30303, 1),
	('B20180828001', '20180828001', 'A20180828001', NULL, 'Z', '2018-08-28', 1, 48, 1200, 26400, 1),
	('B20180828002', '20180828002', 'A20180828002', NULL, 'Z', '2018-08-28', 2, 89, 2314, 42809, 1),
	('B20180828003', '20180828003', 'A20180828003', NULL, 'I', '2018-08-28', 1, 47, 869.5, 18259.5, 1),
	('B20180828004', '20180828004', 'A20180828004', NULL, 'Z', '2018-08-28', 1, 45, 832.5, 14985, 1),
	('B20180828005', '20180828005', 'A20180828005', NULL, 'Z', '2018-08-28', 2, 46, 1104, 35328, 1),
	('B20180829001', '20180829001', 'A20180829005', NULL, 'Z', '2018-08-29', 1, 48, 1200, 26400, 1),
	('B20180829002', '20180829002', 'A20180829001', NULL, 'K', '2018-08-29', 10, 10000, 10000, 160000, 1),
	('B20180829003', '20180829003', 'A20180829002', NULL, 'K', '2018-08-29', 5, 5000, 5000, 250000, 1),
	('B20180829004', '20180829004', 'A20180829007', NULL, 'Z', '2018-08-29', 1, 42, 1092, 20202, 1),
	('B20180829005', '20180829005', 'A20180829008', NULL, 'Z', '2018-08-29', 1, 45, 1125, 24750, 1),
	('B20180829006', '20180829006', 'A20180829009', NULL, 'I', '2018-08-29', 2, 45, 1012.5, 23287.5, 1),
	('B20180829007', '20180829007', 'A20180829003', NULL, 'C', '2018-08-29', 2, 3200, 3200, 44800, 1),
	('B20180829008', '20180829008', 'A20180829010', NULL, 'N', '2018-08-29', 1, 300, 300, 11400, 1),
	('B20180829009', '20180829009', 'A20180829011', NULL, 'Z', '2018-08-29', 2, 101, 2525, 55550, 1),
	('B20180829010', '20180829010', 'A20180829012', NULL, 'Z', '2018-08-29', 2, 46, 1104, 35328, 1),
	('B20180829011', '20180829011', 'A20180829013', NULL, 'Z', '2018-08-29', 2, 46, 1104, 35328, 1),
	('B20180830001', '20180830001', 'A20180830001', NULL, 'Z', '2018-08-30', 1, 47, 1175, 25850, 1),
	('B20180830002', '20180830002', 'A20180830004', NULL, 'Z', '2018-08-30', 1, 46, 851, 15318, 1),
	('B20180830003', '20180830003', 'A20180830005', NULL, 'Z', '2018-08-30', 1, 44, 1100, 24200, 1),
	('B20180830004', '20180830004', 'A20180830006', NULL, 'I', '2018-08-30', 2, 62, 1147, 34410, 1),
	('B20180830005', '20180830005', 'A20180830007', NULL, 'Z', '2018-08-30', 2, 91, 1683.5, 30303, 1),
	('B20180830006', '20180830006', 'A20180830008', NULL, 'I', '2018-08-30', 2, 70, 1295, 38850, 1),
	('B20180830007', '20180830007', 'A20180830009', NULL, 'Z', '2018-08-30', 1, 46, 851, 15318, 1),
	('B20180830008', '20180830008', 'A20180829006', NULL, 'A', '2018-08-30', 1, 2000, 2000, 23000, 1),
	('B20180831001', '20180831001', 'A20180830002', NULL, 'E', '2018-08-31', 4, 3200, 3200, 51200, 1),
	('B20180831002', '20180831002', 'A20180831001', NULL, 'Z', '2018-08-31', 1, 42, 1092, 20202, 1),
	('B20180831003', '20180831003', 'A20180831002', NULL, 'Z', '2018-08-31', 1, 48, 1200, 26400, 1),
	('B20180831004', '20180831004', 'A20180831003', NULL, 'Z', '2018-08-31', 2, 92, 2300, 50600, 1),
	('B20180831005', '20180831005', 'A20180830003', NULL, 'Z', '2018-08-31', 5, 6875, 6875, 55687.5, 1),
	('B20180831006', '20180831006', 'A20180831004', NULL, 'Z', '2018-08-31', 1, 46, 851, 15318, 1),
	('B20180831007', '20180831007', 'A20180831005', NULL, 'Z', '2018-08-31', 1, 46, 851, 15318, 1),
	('B20180831008', '20180831008', 'A20180831006', NULL, 'Z', '2018-08-31', 2, 46, 1104, 35328, 1),
	('B20180831009', '20180831009', 'A20180831007', NULL, 'Z', '2018-08-31', 1, 45, 1125, 24750, 1),
	('B20180903001', '20180903001', 'A20180903001', NULL, 'M', '2018-09-03', 18, 16200, 16200, 210600, 1),
	('B20180903002', '20180903002', 'A20180806011', NULL, 'N', '2018-09-03', 1, 12000, 12000, 336000, 1),
	('B20180903003', '20180903003', 'A20180903003', NULL, 'Z', '2018-09-03', 4, 91, 2184, 69888, 1),
	('B20180903004', '20180903004', 'A20180903004', NULL, 'Z', '2018-09-03', 1, 42, 1050, 23100, 1),
	('B20180903005', '20180903005', 'A20180816012', NULL, 'N', '2018-09-03', 1, 11500, 11500, 327750, 1),
	('B20180903006', '20180903006', 'A20180903005', NULL, 'Z', '2018-09-03', 1, 39, 1014, 18759, 1),
	('B20180903007', '20180903007', 'A20180903006', NULL, 'Z', '2018-09-03', 1, 43, 1075, 23650, 1),
	('B20180903008', '20180903008', 'A20180903002', NULL, 'B', '2018-09-03', 3, 3000, 3000, 60000, 1),
	('B20180903009', '20180903009', 'A20180903007', NULL, 'Z', '2018-09-03', 2, 86, 2150, 47300, 1),
	('B20180904001', '20180904001', 'A20180904001', NULL, 'I', '2018-09-04', 1, 5000, 5000, 20000, 1),
	('B20180904002', '20180904002', 'A20180904002', NULL, 'B', '2018-09-04', 1, 5600, 5600, 240800, 1),
	('B20180904003', '20180904003', 'A20180904005', NULL, 'Z', '2018-09-04', 1, 40, 1000, 22000, 1),
	('B20180904004', '20180904004', 'A20180904006', NULL, 'I', '2018-09-04', 2, 61, 1128.5, 33855, 1),
	('B20180904005', '20180904005', 'A20180813011', NULL, 'I', '2018-09-04', 2, 94, 1739, 36519, 1),
	('B20180904006', '20180904006', 'A20180904004', NULL, 'C', '2018-09-04', 1, 25000, 25000, 212500, 1),
	('B20180904007', '20180904007', 'A20180904007', NULL, 'Z', '2018-09-04', 2, 80, 2000, 44000, 1),
	('B20180904008', '20180904008', 'A20180904009', NULL, 'C', '2018-09-04', 1, 4000, 4000, 56000, 1),
	('B20180904009', '20180904009', 'A20180904010', NULL, 'Z', '2018-09-04', 1, 38, 988, 18278, 1),
	('B20180904010', '20180904010', 'A20180904011', NULL, 'Z', '2018-09-04', 1, 40, 1000, 22000, 1),
	('B20180904011', '20180904011', 'A20180904012', NULL, 'Z', '2018-09-04', 2, 92, 1702, 30636, 1),
	('B20180905001', '20180905001', 'A20180905001', NULL, 'Z', '2018-09-05', 1, 46, 851, 15318, 1),
	('B20180905002', '20180905002', 'A20180905002', NULL, 'Z', '2018-09-05', 2, 78, 2028, 37518, 1),
	('B20180905003', '20180905003', 'A20180905003', NULL, 'I', '2018-08-23', 1, 6000, 6000, 324000, 1),
	('B20180905004', '20180905004', 'A20180905004', NULL, 'A', '2018-09-05', 1, 11000, 11000, 176000, 1),
	('B20180905005', '20180905005', 'A20180905005', NULL, 'Z', '2018-09-05', 1, 40, 1000, 22000, 1),
	('B20180905006', '20180905006', 'A20180905006', NULL, 'Z', '2018-09-05', 1, 38, 988, 18278, 1),
	('B20180905007', '20180905007', 'A20180905007', NULL, 'K', '2018-09-05', 1, 10000, 10000, 160000, 1),
	('B20180905008', '20180905008', 'A20180905008', NULL, 'Z', '2018-09-05', 1, 39, 1014, 18759, 1),
	('B20180905009', '20180905009', 'A20180905009', NULL, 'Z', '2018-09-05', 2, 91, 1683.5, 30303, 1),
	('B20180905010', '20180905010', 'A20180905010', NULL, 'B', '2018-09-05', 3, 5000, 5000, 20000, 1),
	('B20180905011', '20180905011', 'A20180905011', NULL, 'Z', '2018-09-05', 1, 46, 851, 15318, 1),
	('B20180905012', '20180905012', 'A20180905012', NULL, 'Z', '2018-09-05', 1, 39, 1014, 18759, 1),
	('B20180905013', '20180905013', 'A20180905013', NULL, 'I', '2018-09-05', 2, 46, 1104, 35328, 1),
	('B20180905014', '20180905014', 'A20180905014', NULL, 'Z', '2018-09-05', 1, 42, 1092, 20202, 1),
	('B20180905015', '20180905015', 'A20180905015', NULL, 'Z', '2018-09-05', 2, 46, 1104, 35328, 1),
	('B20180906001', '20180906001', 'A20180906001', NULL, 'Z', '2018-09-06', 2, 77, 77, 1424.5, 1),
	('B20180906002', '20180906002', 'A20180906002', NULL, 'C', '2018-09-06', 1, 700, 700, 2170, 1),
	('B20180906003', '20180906003', 'A20180906003', NULL, 'E', '2018-09-06', 1, 17, 17, 10183, 1),
	('B20180906004', '20180906004', 'A20180906004', NULL, 'Z', '2018-09-06', 1, 46, 851, 15318, 1),
	('B20180906005', '20180906005', 'A20180906005', NULL, 'Z', '2018-09-06', 2, 92, 1702, 30636, 1),
	('B20180906006', '20180906006', 'A20180906006', NULL, 'B', '2018-09-06', 1, 4500, 4500, 20700, 1),
	('B20180906007', '20180906007', 'A20180906007', NULL, 'A', '2018-09-06', 1, 15000, 15000, 240000, 1),
	('B20180906008', '20180906008', 'A20180906008', NULL, 'Z', '2019-09-06', 2, 81, 2106, 38961, 1),
	('B20180906009', '20180906009', 'A20180906009', NULL, 'Z', '2018-09-06', 2, 45, 1080, 34560, 1),
	('B20180906010', '20180906010', 'A20180906010', NULL, 'Z', '2018-09-06', 1, 38, 988, 18278, 1),
	('B20180907001', '20180907001', 'A20180907001', NULL, 'N', '2018-09-07', 1, 900, 900, 34200, 1),
	('B20180907002', '20180907002', 'A20180907002', NULL, 'K', '2018-09-07', 1, 24994, 24994, 2174480, 1),
	('B20180907003', '20180907003', 'A20180907003', NULL, 'B', '2018-09-07', 1, 100, 100, 16000, 1),
	('B20180907004', '20180907004', 'A20180907008', NULL, 'K', '2018-09-07', 1, 5000, 5000, 250000, 1),
	('B20180907005', '20180907005', 'A20180907009', NULL, 'K', '2018-09-07', 1, 160, 160, 3200, 1),
	('B20180907006', '20180907006', 'A20180907010', NULL, 'Z', '2018-09-07', 1, 43, 1118, 20683, 1),
	('B20180907007', '20180907007', 'A20180907011', NULL, 'Z', '2018-09-07', 1, 43, 1118, 20683, 1),
	('B20180907008', '20180907008', 'A20180907012', NULL, 'Z', '2018-09-07', 2, 82, 2050, 45100, 1),
	('B20180907009', '20180907009', 'A20180907004', NULL, 'B', '2018-09-07', 1, 500, 500, 5500, 1),
	('B20180907010', '20180907010', 'A20180907005', NULL, 'B', '2018-09-07', 1, 1500, 1500, 8250, 1),
	('B20180907011', '20180907011', 'A20180907006', NULL, 'B', '2018-09-07', 1, 500, 500, 22500, 1),
	('B20180907012', '20180907012', 'A20180907013', NULL, 'Z', '2018-09-07', 3, 130, 3250, 71500, 1),
	('B20180910001', '20180910001', 'A20180910001', NULL, 'I', '2018-09-10', 4, 6000, 6000, 198000, 1),
	('B20180910002', '20180910002', 'A20180910002', NULL, 'Z', '2018-09-10', 1, 46, 851, 15318, 1),
	('B20180910003', '20180910003', 'A20180910003', NULL, 'Z', '2018-09-10', 1, 43, 1075, 23650, 1),
	('B20180910004', '20180910004', 'A20180910013', NULL, 'Z', '2018-09-10', 1, 42, 1092, 20202, 1),
	('B20180910005', '20180910005', 'A20180910014', NULL, 'Z', '2018-09-10', 1, 46, 851, 15318, 1),
	('B20180910006', '20180910006', 'A20180910015', NULL, 'Z', '2018-09-10', 1, 38, 988, 18278, 1),
	('B20180910007', '20180910007', 'A20180910016', NULL, 'Z', '2018-09-10', 2, 46, 1104, 35328, 1),
	('B20180910008', '20180910008', 'A20180910017', NULL, 'Z', '2018-09-10', 1, 40, 1000, 22000, 1),
	('B20180910009', '20180910009', 'A20180910018', NULL, 'Z', '2018-09-10', 2, 46, 1104, 35328, 1),
	('B20180911001', '20180911001', 'A20180904003', NULL, 'B', '2018-09-11', 1, 10500, 10500, 47250, 1),
	('B20180911002', '20180911002', 'A20180910007', NULL, 'N', '2018-09-11', 1, 4000, 4000, 60000, 1),
	('B20180911003', '20180911003', 'A20180910008', NULL, 'C', '2018-09-11', 1, 24000, 24000, 74400, 1),
	('B20180911004', '20180911004', 'A20180910006', NULL, 'C', '2018-09-11', 2, 3600, 3600, 50400, 1),
	('B20180911005', '20180911005', 'A20180911002', NULL, 'C', '2018-09-11', 1, 50, 50, 4500, 1),
	('B20180911006', '20180911006', 'A20180911003', NULL, 'K', '2018-09-11', 1, 480, 480, 28800, 1),
	('B20180911007', '20180911007', 'A20180911004', NULL, 'Z', '2018-09-11', 1, 46, 851, 15318, 1),
	('B20180911008', '20180911008', 'A20180911005', NULL, 'Z', '2018-09-11', 1, 39, 1014, 18759, 1),
	('B20180911009', '20180911009', 'A20180911006', NULL, 'Z', '2018-09-11', 1, 39, 1014, 18759, 1),
	('B20180911010', '20180911010', 'A20180911007', NULL, 'Z', '2018-09-11', 1, 45, 832.5, 14985, 1),
	('B20180911011', '20180911011', 'A20180911008', NULL, 'Z', '2018-09-11', 1, 38, 988, 18278, 1),
	('B20180911012', '20180911012', 'A20180911009', NULL, 'Z', '2018-09-11', 1, 46, 851, 15318, 1),
	('B20180912001', '20180912001', 'A20180904008', NULL, 'A', '2018-09-12', 1, 11000, 11000, 176000, 1),
	('B20180912002', '20180912002', 'A20180912001', NULL, 'I', '2018-09-12', 2, 70, 1295, 38850, 1),
	('B20180912003', '20180912003', 'A20180912002', NULL, 'Z', '2018-09-12', 1, 46, 1196, 22126, 1),
	('B20180912004', '20180912004', 'A20180912003', NULL, 'Z', '2018-09-12', 1, 46, 851, 15318, 1),
	('B20180912005', '20180912005', 'A20180912004', NULL, 'I', '2018-09-12', 2, 46, 1104, 35328, 1),
	('B20180912006', '20180912006', 'A20180910004', NULL, 'C', '2018-09-12', 1, 500, 500, 22000, 1),
	('B20180912007', '20180912007', 'A20180910005', NULL, 'A', '2018-09-12', 2, 2000, 2000, 27000, 1),
	('B20180912008', '20180912008', 'A20180910009', NULL, 'I', '2018-09-12', 6, 9000, 9000, 21600, 1),
	('B20180912009', '20180912009', 'A20180912005', NULL, 'K', '2018-09-12', 1, 5000, 5000, 250000, 1),
	('B20180912010', '20180912010', 'A20180912006', NULL, 'Z', '2018-09-12', 2, 46, 1104, 35328, 1),
	('B20180912011', '20180912011', 'A20180910012', NULL, 'N', '2018-09-12', 1, 60, 60, 4320, 1),
	('B20180912012', '20180912012', 'A20180910010', NULL, 'B', '2018-09-12', 6, 9000, 9000, 30600, 1),
	('B20180912013', '20180912013', 'A20180910011', NULL, 'N', '2018-09-12', 2, 3000, 3000, 9300, 1),
	('B20180912014', '20180912014', 'A20180911001', NULL, 'Z', '2018-09-12', 5, 6875, 6875, 55687.5, 1),
	('B20180912015', '20180912015', 'A20180912007', NULL, 'D', '2018-09-12', 4, 5500, 5500, 44550, 1),
	('B20180912016', '20180912016', 'A20180912008', NULL, 'Z', '2018-09-12', 1, 41, 1066, 19721, 1),
	('B20180912017', '20180912017', 'A20180912009', NULL, 'I', '2018-09-12', 2, 68, 1258, 37740, 1),
	('B20180912018', '20180912018', 'A20180912010', NULL, 'I', '2018-09-12', 1, 44, 1100, 24200, 1),
	('B20180912019', '20180912019', 'A20180912011', NULL, 'I', '2018-09-12', 2, 68, 1258, 37740, 1),
	('B20180913001', '20180913001', 'A20180913001', NULL, 'Z', '2018-09-13', 2, 86, 2150, 47300, 1),
	('B20180913002', '20180913002', 'A20180913002', NULL, 'I', '2018-09-13', 1, 40, 1000, 22000, 1),
	('B20180913003', '20180913003', 'A20180912013', NULL, 'A', '2018-09-13', 1, 11000, 11000, 176000, 1),
	('B20180913004', '20180913004', 'A20180913003', NULL, 'Z', '2018-09-13', 1, 38, 988, 18278, 1),
	('B20180913005', '20180913005', 'A20180913004', NULL, 'I', '2018-09-13', 1, 48, 888, 18648, 1),
	('B20180913006', '20180913006', 'A20180912012', NULL, 'D', '2018-09-13', 6, 6804, 6804, 367416, 1),
	('B20180913007', '20180913007', 'A20180913005', NULL, 'Z', '2018-09-13', 1, 41, 1066, 19721, 1),
	('B20180913008', '20180913008', 'A20180913006', NULL, 'Z', '2018-09-13', 2, 46, 851, 15318, 1),
	('B20180913009', '20180913009', 'A20180913007', NULL, 'I', '2018-09-13', 1, 47, 869.5, 18259.5, 1),
	('B20180914001', '20180914001', 'A20180914001', NULL, 'K', '2018-09-14', 1, 176, 176, 9504, 1),
	('B20180914002', '20180914002', 'A20180914002', NULL, 'E', '2018-09-14', 1, 180, 180, 9000, 1),
	('B20180914003', '20180914003', 'A20180914003', NULL, 'Z', '2018-09-14', 2, 46, 1104, 35328, 1),
	('B20180914004', '20180914004', 'A20180914004', NULL, 'Z', '2018-09-14', 1, 43, 1118, 20683, 1),
	('B20180914005', '20180914005', 'A20180914005', NULL, 'Z', '2018-09-14', 1, 47, 1175, 25850, 1),
	('B20180914006', '20180914006', 'A20180914006', NULL, 'X', '2018-09-14', 1, 25, 25, 4375, 1),
	('B20180914007', '20180914007', 'A20180914007', NULL, 'Z', '2018-09-14', 1, 44, 1100, 24200, 1),
	('B20180914008', '20180914008', 'A20180914008', NULL, 'I', '2018-09-14', 2, 44, 990, 22770, 1),
	('B20180914009', '20180914009', 'A20180914009', NULL, 'K', '2018-09-14', 1, 3200, 3200, 867200, 1),
	('B20180914010', '20180914010', 'A20180914010', NULL, 'M', '2018-09-14', 1, 12000, 12000, 336000, 1),
	('B20180917001', '20180917001', 'A20180917001', NULL, 'E', '2018-09-17', 1, 1500, 1500, 13500, 1),
	('B20180917002', '20180917002', 'A20180917002', NULL, 'I', '2018-09-17', 1, 6000, 6000, 24000, 1),
	('B20180917003', '20180917003', 'A20180917003', NULL, 'B', '2018-09-17', 1, 4800, 4800, 206400, 1),
	('B20180917004', '20180917004', 'A20180917004', NULL, 'I', '2018-09-17', 1, 42, 1050, 23100, 1),
	('B20180917005', '20180917005', 'A20180917008', NULL, 'Z', '2018-09-17', 1, 24, 576, 18432, 1),
	('B20180917006', '20180917006', 'A20180917009', NULL, 'I', '2018-09-17', 1, 42, 1050, 23100, 1),
	('B20180917007', '20180917007', 'A20180917010', NULL, 'Z', '2018-09-17', 1, 38, 988, 18278, 1),
	('B20180917008', '20180917008', 'A20180917011', NULL, 'E', '2018-09-17', 1, 640, 640, 22400, 1),
	('B20180917009', '20180917009', 'A20180917005', NULL, 'A', '2018-09-17', 4, 2300, 2300, 16100, 1),
	('B20180917010', '20180917010', 'A20180917006', NULL, 'M', '2018-09-17', 16, 14400, 14400, 187200, 1),
	('B20180917011', '20180917011', 'A20180917007', NULL, 'C', '2018-09-17', 1, 25000, 25000, 212500, 1),
	('B20180917012', '20180917012', 'A20180917012', NULL, 'Z', '2018-09-17', 2, 92, 1702, 30636, 1),
	('B20180917013', '20180917013', 'A20180917013', NULL, 'Z', '2018-09-17', 1, 43, 1075, 23650, 1),
	('B20180917014', '20180917014', 'A20180917014', NULL, 'I', '2018-09-17', 2, 46, 1104, 35328, 1),
	('B20180917015', '20180917015', 'A20180917018', NULL, 'Z', '2018-09-17', 2, 45, 1080, 34560, 1),
	('B20180917016', '20180917016', 'A20180917019', NULL, 'Z', '2018-09-17', 1, 43, 1118, 20683, 1),
	('B20180918001', '20180918001', 'A20180917017', NULL, 'I', '2018-09-18', 1, 1000, 1000, 110000, 1),
	('B20180918002', '20180918002', 'A20180918001', NULL, 'Z', '2018-09-18', 1, 45, 1125, 24750, 1),
	('B20180918003', '20180918003', 'A20180917016', NULL, 'K', '2018-09-18', 1, 5000, 5000, 250000, 1),
	('B20180918004', '20180918004', 'A20180918002', NULL, 'Z', '2018-09-18', 1, 45, 832.5, 14985, 1),
	('B20180918005', '20180918005', 'A20180918003', NULL, 'Z', '2018-09-18', 1, 46, 851, 15318, 1),
	('B20180918006', '20180918006', 'A20180918004', NULL, 'Z', '2018-09-18', 1, 42, 1050, 23100, 1),
	('B20180918007', '20180918007', 'A20180918005', NULL, 'Z', '2018-09-18', 1, 38, 988, 18278, 1),
	('B20180918008', '20180918008', 'A20180917015', NULL, 'E', '2018-09-18', 1, 500, 500, 30000, 1),
	('B20180918009', '20180918009', 'A20180918006', NULL, 'Z', '2018-09-18', 1, 41, 1066, 19721, 1),
	('B20180919001', '20180919001', 'A20180919001', NULL, 'I', '2018-09-19', 2, 94, 1739, 36519, 1),
	('B20180919002', '20180919002', 'A20180919002', NULL, 'Z', '2018-09-19', 1, 41, 1066, 19721, 1),
	('B20180919003', '20180919003', 'A20180919003', NULL, 'Z', '2018-09-19', 2, 85, 2125, 46750, 1),
	('B20180919004', '20180919004', 'A20180918008', NULL, 'I', '2018-09-19', 10, 10000, 10000, 540000, 1),
	('B20180919005', '20180919005', 'A20180919004', NULL, 'I', '2018-09-19', 2, 71, 1313.5, 39405, 1),
	('B20180919006', '20180919006', 'A20180918009', NULL, 'N', '2018-09-19', 20, 6000, 6000, 228000, 1),
	('B20180919007', '20180919007', 'A20180918007', NULL, 'K', '2018-09-19', 10, 10000, 10000, 160000, 1),
	('B20180919008', '20180919008', 'A20180919005', NULL, 'B', '2018-09-19', 4, 2474, 2474, 39584, 1),
	('B20180919009', '20180919009', 'A20180919006', NULL, 'Z', '2018-09-19', 2, 84, 2184, 40404, 1),
	('B20180919010', '20180919010', 'A20180919007', NULL, 'I', '2018-09-19', 2, 91, 2275, 50050, 1),
	('B20180919011', '20180919011', 'A20180919008', NULL, 'Z', '2018-09-19', 2, 46, 1104, 35328, 1),
	('B20180919012', '20180919012', 'A20180919009', NULL, 'I', '2018-09-19', 2, 70, 1295, 38850, 1),
	('B20180919013', '20180919013', 'A20180919010', NULL, 'I', '2018-09-19', 2, 44, 990, 22770, 1),
	('B20180920001', '20180920001', 'A20180920001', NULL, 'Z', '2018-09-20', 2, 46, 1104, 35328, 1),
	('B20180920002', '20180920002', 'A20180920002', NULL, 'Z', '2018-09-20', 1, 42, 1050, 23100, 1),
	('B20180920003', '20180920003', 'A20180920003', NULL, 'Z', '2018-09-20', 1, 39, 1014, 18759, 1),
	('B20180920004', '20180920004', 'A20180920004', NULL, 'Z', '2018-09-20', 1, 46, 851, 15318, 1);
/*!40000 ALTER TABLE `materialentry` ENABLE KEYS */;

-- 傾印  表格 sf.materialinwarehouse 結構
CREATE TABLE IF NOT EXISTS `materialinwarehouse` (
  `storedMaterialID` int(16) unsigned NOT NULL AUTO_INCREMENT,
  `material` varchar(256) NOT NULL,
  `materialEntry` varchar(256) NOT NULL,
  `supplier` int(16) unsigned NOT NULL,
  `packagingID` int(16) unsigned NOT NULL,
  `storedArea` varchar(8) NOT NULL,
  `storedDate` datetime NOT NULL,
  `storedPackageNumber` float unsigned NOT NULL DEFAULT 0,
  `storedWeight` float unsigned NOT NULL DEFAULT 0,
  `storedMoney` float unsigned NOT NULL DEFAULT 0,
  `remainingPackageNumber` float unsigned NOT NULL DEFAULT 0,
  `remainingMoney` float unsigned NOT NULL DEFAULT 0,
  PRIMARY KEY (`storedMaterialID`),
  KEY `storedMaterialID` (`material`),
  KEY `storedMaterialPackagingID` (`packagingID`),
  KEY `storedMaterialEntryID` (`materialEntry`),
  KEY `storedSupplierID` (`supplier`),
  CONSTRAINT `storedMaterialEntryID` FOREIGN KEY (`materialEntry`) REFERENCES `materialentry` (`materialEntryID`),
  CONSTRAINT `storedMaterialID` FOREIGN KEY (`material`) REFERENCES `material` (`materialID`),
  CONSTRAINT `storedMaterialPackagingID` FOREIGN KEY (`packagingID`) REFERENCES `packaging` (`packagingID`),
  CONSTRAINT `storedSupplierID` FOREIGN KEY (`supplier`) REFERENCES `supplier` (`supplierID`)
) ENGINE=InnoDB AUTO_INCREMENT=685 DEFAULT CHARSET=utf8;

-- 正在傾印表格  sf.materialinwarehouse 的資料：~527 rows (大約)
/*!40000 ALTER TABLE `materialinwarehouse` DISABLE KEYS */;
REPLACE INTO `materialinwarehouse` (`storedMaterialID`, `material`, `materialEntry`, `supplier`, `packagingID`, `storedArea`, `storedDate`, `storedPackageNumber`, `storedWeight`, `storedMoney`, `remainingPackageNumber`, `remainingMoney`) VALUES
	(156, '216C', 'B20180723001', 51, 39, 'A', '2018-07-23 12:53:28', 20000, 20000, 320000, 0, 0),
	(157, '216C', 'B20180723002', 52, 39, 'A', '2018-07-23 12:53:29', 9000, 9000, 144000, 0, 0),
	(158, '988', 'B20180723003', 176, 122, 'A', '2018-07-23 12:53:29', 583, 583, 4081, 0, 0),
	(159, '543', 'B20180723004', 114, 81, 'B', '2018-07-23 12:53:30', 16, 16, 560, 16, 560),
	(160, '014A', 'B20180723005', 8, 7, 'B', '2018-07-23 12:53:30', 166, 166, 5976, 166, 5976),
	(161, '654B', 'B20180723006', 129, 91, 'B', '2018-07-23 12:53:30', 70, 70, 595, 0, 0),
	(162, '012A', 'B20180723007', 4, 4, 'B', '2018-07-23 12:53:30', 500, 500, 5500, 0, 0),
	(163, '027', 'B20180723008', 16, 14, 'B', '2018-07-23 12:53:30', 50, 50, 8000, 0, 0),
	(164, '013A', 'B20180723009', 6, 6, 'B', '2018-07-23 12:53:30', 3000, 3000, 12000, 0, 0),
	(165, '545', 'B20180723010', 117, 83, 'B', '2018-07-23 12:53:31', 3000, 3000, 60000, 0, 0),
	(166, '217', 'B20180723011', 53, 40, 'B', '2018-07-23 12:53:31', 3200, 3200, 137600, 0, 0),
	(167, '765B', 'B20180723012', 153, 105, 'B', '2018-07-23 12:53:31', 9000, 9000, 30600, 0, 0),
	(168, '216', 'B20180723013', 49, 37, 'B', '2018-07-23 12:53:31', 9750, 9750, 43875, 0, 0),
	(169, '012B', 'B20180723014', 5, 5, 'C', '2018-07-23 12:53:31', 475, 475, 5225, 450, 4950),
	(170, '432A', 'B20180723015', 82, 61, 'C', '2018-07-23 12:53:31', 300, 300, 4200, 0, 0),
	(171, '331', 'B20180723016', 71, 54, 'C', '2018-07-23 12:53:32', 305, 305, 4270, 305, 4270),
	(172, '324', 'B20180723017', 68, 52, 'C', '2018-07-23 12:53:32', 100, 100, 3200, 100, 3200),
	(173, '439D', 'B20180723018', 108, 75, 'C', '2018-07-23 12:53:32', 2866, 2866, 71650, 2866, 71650),
	(174, '542', 'B20180723019', 113, 80, 'C', '2018-07-23 12:53:33', 344, 344, 9632, 344, 9632),
	(175, '019', 'B20180723020', 14, 12, 'C', '2018-07-23 12:53:34', 290, 290, 12760, 175, 7700),
	(176, '323', 'B20180723021', 67, 51, 'C', '2018-07-23 12:53:34', 1020, 1020, 5610, 1020, 5610),
	(177, '434A', 'B20180723022', 89, 65, 'C', '2018-07-23 12:53:34', 9000, 9000, 216000, 0, 0),
	(178, '434B', 'B20180723023', 92, 66, 'C', '2018-07-23 12:53:35', 14000, 14000, 252000, 11000, 198000),
	(179, '654C', 'B20180723024', 132, 92, 'C', '2018-07-23 12:53:35', 11250, 11250, 933750, 2500, 207500),
	(180, '654H', 'B20180723025', 135, 93, 'C', '2018-07-23 12:53:35', 12500, 12500, 312500, 3750, 93750),
	(181, '150', 'B20180723026', 36, 26, 'C', '2018-07-23 12:53:35', 2268, 2268, 122472, 0, 0),
	(182, '435', 'B20180723027', 97, 68, 'C', '2018-07-23 12:53:35', 2000, 2000, 28000, 0, 0),
	(183, '767B', 'B20180723028', 156, 108, 'D', '2018-07-23 12:53:36', 5200, 5200, 254800, 0, 0),
	(184, '657', 'B20180723029', 138, 95, 'D', '2018-07-23 12:53:36', 2750, 2750, 22275, 0, 0),
	(185, '202', 'B20180723030', 41, 30, 'H', '2018-07-23 12:53:36', 4000, 4000, 20000, 1000, 5000),
	(186, '877', 'B20180723031', 171, 118, 'E', '2018-07-23 12:53:36', 480, 480, 16800, 0, 0),
	(187, '219A', 'B20180723032', 57, 43, 'E', '2018-07-23 12:53:37', 172, 172, 4472, 0, 0),
	(188, '112', 'B20180723033', 23, 18, 'E', '2018-07-23 12:53:37', 94, 94, 17014, 82.8, 14986.8),
	(189, '769', 'B20180723034', 166, 114, 'E', '2018-07-23 12:53:37', 30, 30, 4800, 30, 4800),
	(190, '023', 'B20180723035', 15, 13, 'E', '2018-07-23 12:53:37', 7, 7, 4193, 7, 4193),
	(191, '340', 'B20180723036', 73, 56, 'E', '2018-07-23 12:53:37', 230, 230, 35650, 0, 0),
	(192, '766A', 'B20180723037', 154, 106, 'E', '2018-07-23 12:53:38', 210, 210, 7140, 180, 6120),
	(193, '658', 'B20180723038', 142, 98, 'E', '2018-07-23 12:53:38', 366, 366, 5124, 285.8, 4001.2),
	(194, '439C', 'B20180723039', 107, 74, 'E', '2018-07-23 12:53:38', 1975, 1975, 49375, 1725, 43125),
	(195, '129', 'B20180723040', 35, 25, 'E', '2018-07-23 12:53:40', 387, 387, 6192, 387, 6192),
	(196, '768', 'B20180723041', 164, 113, 'E', '2018-07-23 12:53:40', 500, 500, 30000, 0, 0),
	(197, '433C', 'B20180723042', 84, 63, 'E', '2018-07-23 12:53:40', 3000, 3000, 150000, 2000, 100000),
	(198, '433D', 'B20180723043', 86, 64, 'E', '2018-07-23 12:53:41', 2000, 2000, 100000, 0, 0),
	(199, '760B', 'B20180723044', 151, 103, 'E', '2018-07-23 12:53:42', 600, 600, 8100, 600, 8100),
	(200, '439B', 'B20180723045', 106, 73, 'E', '2018-07-23 12:53:43', 1200, 1200, 48000, 0, 0),
	(201, '765', 'B20180723046', 152, 223, 'C', '2018-07-23 13:07:23', 18000, 18000, 55800, 0, 0),
	(202, '765', 'B20180723047', 152, 104, 'N', '2018-07-23 13:07:24', 1500, 1500, 4650, 0, 0),
	(203, '998', 'B20180723048', 257, 226, 'B', '2018-07-23 13:17:59', 128, 128, 9600, 127.7, 9577.5),
	(204, '016A', 'B20180723051', 259, 228, 'B', '2018-07-23 14:20:26', 206, 206, 8240, 181.4, 7256),
	(206, '326', 'B20180723050', 265, 233, 'B', '2018-07-23 14:20:34', 643, 643, 39994.6, 643, 39994.6),
	(207, '217C', 'B20180723052', 56, 42, 'I', '2018-07-24 06:02:10', 580, 580, 58000, 460, 46000),
	(208, '548', 'B20180723053', 123, 86, 'I', '2018-07-24 06:02:11', 2000, 2000, 54000, 0, 0),
	(209, '767T', 'B20180723054', 162, 112, 'I', '2018-07-24 06:02:11', 4000, 4000, 216000, 0, 0),
	(210, '546', 'B20180723055', 120, 84, 'I', '2018-07-24 06:02:12', 4302, 4302, 137664, 4302, 137664),
	(211, '321A', 'B20180723056', 64, 48, 'I', '2018-07-24 06:02:12', 2413, 2413, 101346, 2413, 101346),
	(212, '551', 'B20180723057', 125, 87, 'I', '2018-07-24 06:02:17', 1424, 1424, 35600, 1424, 35600),
	(213, '217A', 'B20180723058', 55, 41, 'I', '2018-07-24 06:02:18', 650, 650, 71500, 0, 0),
	(214, '115', 'B20180723059', 31, 22, 'K', '2018-07-24 06:02:18', 53.8, 53.8, 618.7, 53.8, 618.7),
	(215, '208', 'B20180723060', 43, 31, 'K', '2018-07-24 06:02:19', 27, 27, 2025, 27, 2025),
	(216, '200', 'B20180723061', 40, 29, 'K', '2018-07-24 06:02:20', 180, 180, 15840, 180, 15840),
	(217, '213', 'B20180723062', 46, 34, 'K', '2018-07-24 06:02:21', 190, 190, 13395, 190, 13395),
	(218, '210B', 'B20180723063', 267, 234, 'A', '2018-07-24 06:05:37', 320, 320, 1680, 320, 1680),
	(219, '987', 'B20180723064', 263, 232, 'E', '2018-07-24 06:05:38', 0.7, 0.7, 294, 0.4, 168),
	(220, '224', 'B20180723065', 262, 231, 'E', '2018-07-24 06:05:38', 125, 125, 11875, 107, 10165),
	(221, '026', 'B20180723066', 260, 229, 'E', '2018-07-24 06:05:39', 15, 15, 825, 15, 825),
	(222, '552', 'B20180723067', 268, 235, 'I', '2018-07-24 08:13:27', 433, 433, 33341, 427, 32879),
	(223, '874C', 'B20180723068', 169, 116, 'F', '2018-07-24 08:13:28', 25, 25, 9375, 0, 0),
	(224, '168', 'B20180723069', 39, 28, 'F', '2018-07-24 08:13:28', 28, 28, 9800, 28, 9800),
	(225, '871', 'B20180724001', 167, 115, 'Z', '2018-07-24 08:13:28', 400, 400, 12800, 0, 0),
	(226, '092', 'B20180724002', 17, 15, 'Z', '2018-07-24 08:13:29', 490, 490, 17640, 385, 13860),
	(227, '999A', 'B20180724003', 189, 128, 'N', '2018-07-24 08:13:29', 4320, 4320, 120960, 3600, 100800),
	(228, '111', 'B20180724004', 20, 17, 'N', '2018-07-24 08:13:30', 4000, 4000, 60000, 0, 0),
	(229, '994', 'B20180724005', 185, 127, 'K', '2018-07-24 08:13:30', 24935, 24935, 2169340, 0, 0),
	(230, '117', 'B20180724006', 32, 23, 'K', '2018-07-24 08:13:31', 16, 16, 400, 0, 0),
	(231, '114', 'B20180724007', 28, 21, 'K', '2018-07-24 08:13:32', 2340, 2340, 491400, 0, 0),
	(232, '660', 'B20180724008', 146, 101, 'I', '2018-07-24 08:13:32', 1378, 1378, 103350, 1323, 99225),
	(233, '546B', 'B20180724009', 121, 85, 'I', '2018-07-24 08:13:33', 6000, 6000, 198000, 0, 0),
	(234, '540-3', 'B20180724010', 273, 78, 'I', '2018-07-24 08:13:33', 4500, 4500, 10800, 0, 0),
	(235, '657B', 'B20180724011', 141, 97, 'Z', '2018-07-24 08:13:34', 4125, 4125, 33412.5, 0, 0),
	(236, '999M3', 'B20180724012', 193, 132, 'N', '2018-07-24 08:13:34', 14100, 14100, 535800, 0, 0),
	(237, '999A2', 'B20180724013', 190, 129, 'M', '2018-07-24 08:13:35', 9600, 9600, 364800, 0, 0),
	(238, '999M', 'B20180724014', 192, 131, 'N', '2018-07-24 08:13:36', 480, 480, 19200, 480, 19200),
	(239, '228A', 'B20180724015', 59, 44, 'N', '2018-07-24 08:13:36', 2400, 2400, 91200, 0, 0),
	(240, '988C', 'B20180724016', 181, 124, 'M', '2018-07-24 08:13:37', 8100, 8100, 105300, 0, 0),
	(241, '547', 'B20180724017', 274, 239, 'K', '2018-07-24 08:17:18', 26, 26, 7280, 26, 7280),
	(242, '988C', 'B20180724018', 275, 124, 'M', '2018-07-24 08:19:06', 1800, 1800, 23400, 0, 0),
	(243, '228A', 'B20180724019', 276, 44, 'N', '2018-07-24 08:20:35', 3000, 3000, 114000, 3000, 114000),
	(244, 'CFA', 'B20180724020', 277, 240, 'M', '2018-07-24 08:24:15', 3840, 3840, 107520, 0, 0),
	(245, '999MB', 'B20180724021', 194, 133, 'N', '2018-07-24 08:25:59', 13100, 13100, 373350, 0, 0),
	(246, '874A', 'B20180724022', 278, 241, 'F', '2018-07-24 08:28:44', 0.3, 0.3, 840, 0.3, 840),
	(247, '874D', 'B20180724023', 279, 242, 'F', '2018-07-24 08:31:28', 6, 6, 1860, 6, 1860),
	(249, '999A3', 'B20180724025', 280, 243, 'N', '2018-07-24 08:38:58', 13840, 13840, 387520, 10400, 291200),
	(250, '654B', 'B20180724026', 129, 91, 'C', '2018-07-24 11:35:36', 25000, 25000, 212500, 0, 0),
	(251, '764B', 'B20180724027', 281, 244, 'B', '2018-07-24 13:10:25', 70, 70, 1680, 70, 1680),
	(252, '434B', 'B20180724028', 92, 66, 'C', '2018-07-24 13:20:29', 10000, 10000, 180000, 0, 0),
	(253, '215', 'B20180724029', 48, 36, 'I', '2018-07-24 13:45:01', 3000, 3000, 12000, 0, 0),
	(254, '216', 'B20180724030', 49, 37, 'B', '2018-07-24 13:45:02', 7500, 7500, 33750, 0, 0),
	(255, '215', 'B20180724031', 282, 36, 'I', '2018-07-24 16:33:31', 1180, 1180, 4720, 0, 0),
	(256, '325B', 'B20180725001', 69, 53, 'a', '2018-07-25 09:06:15', 6000, 6000, 81000, 0, 0),
	(257, '767T', 'B20180725002', 162, 112, 'I', '2018-07-25 09:23:04', 10000, 10000, 540000, 0, 0),
	(258, '113', 'B20180725003', 24, 19, 'K', '2018-07-25 10:36:58', 5000, 5000, 80000, 0, 0),
	(259, '767F', 'B20180725004', 160, 111, 'K', '2018-07-25 10:37:02', 3000, 3000, 150000, 0, 0),
	(260, '981', 'B20180725005', 174, 120, 'H', '2018-07-25 11:25:17', 1211.5, 1211.5, 10903.5, 0, 0),
	(261, '988A', 'B20180725006', 178, 123, 'N', '2018-07-25 16:25:29', 10000, 10000, 130000, 1000, 13000),
	(262, '439A', 'B20180726001', 105, 72, 'E', '2018-07-26 08:54:30', 3345, 3345, 53520, 0, 0),
	(263, '217BB', 'B20180727001', 285, 247, 'Z', '2018-07-27 12:28:57', 48, 1200, 26400, 0, 0),
	(264, '217BB', 'B20180727002', 285, 247, 'Z', '2018-07-27 12:28:57', 53, 1325, 29150, 0, 0),
	(265, '217AA', 'B20180727003', 284, 245, 'I', '2018-07-27 12:28:59', 35, 647.5, 19425, 0, 0),
	(266, '217AA', 'B20180727004', 284, 245, 'I', '2018-07-27 12:29:00', 30, 555, 16650, 0, 0),
	(267, '767G', 'B20180727005', 283, 250, 'Z', '2018-07-27 12:29:12', 137, 2534.5, 45621, 0, 0),
	(268, '767GB', 'B20180727006', 297, 254, 'Z', '2018-07-27 12:29:13', 118, 2832, 90624, 0, 0),
	(269, '217ACH', 'B20180727007', 287, 248, 'Z', '2018-07-27 12:29:15', 99, 2574, 63063, 99, 2425.5),
	(270, '217BH', 'B20180727008', 288, 249, 'I', '2018-07-27 12:29:20', 44, 1012, 96140, 44, 4180),
	(271, '767G-A1', 'B20180727009', 298, 255, 'I', '2018-07-27 12:29:21', 48, 888, 18648, 0, 0),
	(272, '767G-H4', 'B20180727010', 299, 256, 'I', '2018-07-27 12:29:21', 20, 450, 10350, 0, 0),
	(273, '767G', 'B20180727011', 283, 250, 'Z', '2018-07-27 13:22:50', 45, 832.5, 14985, 0, 0),
	(274, '767GB', 'B20180727012', 297, 254, 'Z', '2018-07-27 13:22:52', 46, 1104, 35328, 0, 0),
	(275, '217AC', 'B20180727013', 286, 246, 'Z', '2018-07-27 13:22:52', 45, 1170, 21645, 0, 0),
	(276, '217AC', 'B20180727014', 286, 246, 'Z', '2018-07-27 13:26:43', 532, 13832, 255892, 0, 0),
	(277, '217BB', 'B20180727015', 285, 247, 'Z', '2018-07-27 14:01:44', 87, 2175, 47850, 0, 0),
	(278, '434C', 'B20180727016', 95, 67, 'I', '2018-07-27 15:31:20', 5000, 5000, 250000, 3000, 150000),
	(279, '215', 'B20180730001', 48, 36, 'I', '2018-07-30 08:45:09', 3000, 3000, 12000, 0, 0),
	(280, '217', 'B20180730002', 53, 40, 'B', '2018-07-30 08:45:12', 8000, 8000, 344000, 0, 0),
	(281, '431A', 'B20180730003', 80, 59, 'E', '2018-07-30 08:45:21', 1500, 1500, 13500, 0, 0),
	(282, '657B', 'B20180730004', 141, 97, 'Z', '2018-07-30 08:45:34', 6875, 6875, 55687.5, 0, 0),
	(283, '219A', 'B20180730006', 57, 43, 'E', '2018-07-30 10:29:50', 344, 344, 8944, 0, 0),
	(284, '432', 'B20180730007', 81, 60, 'C', '2018-07-30 10:31:27', 3600, 3600, 50400, 0, 0),
	(285, '217BB', 'B20180730008', 285, 247, 'Z', '2018-07-30 11:53:28', 40, 1000, 22000, 0, 0),
	(286, '217AC', 'B20180730009', 286, 246, 'Z', '2018-07-30 11:59:31', 43, 1118, 20683, 0, 0),
	(287, '006', 'B20180730010', 1, 1, 'Z', '2018-07-30 14:59:07', 2000, 2000, 28000, 0, 0),
	(288, '217AC', 'B20180730011', 286, 246, 'Z', '2018-07-30 15:15:08', 39, 1014, 18759, 0, 0),
	(289, '548', 'B20180731001', 123, 86, 'I', '2018-07-31 08:51:12', 4000, 4000, 108000, 0, 0),
	(290, '217AC', 'B20180731002', 286, 246, 'Z', '2018-07-31 09:50:37', 44, 1144, 21164, 0, 0),
	(291, '216C', 'B20180731003', 51, 39, 'A', '2018-07-31 10:35:15', 3000, 3000, 48000, 0, 0),
	(292, '216', 'B20180731004', 49, 37, 'B', '2018-07-31 10:40:40', 7500, 7500, 33750, 0, 0),
	(293, '324', 'B20180731005', 68, 52, 'C', '2018-07-31 11:18:28', 1000, 1000, 32000, 1000, 32000),
	(294, '767GB', 'B20180731006', 297, 254, 'I', '2018-07-31 11:56:34', 45, 1080, 34560, 0, 0),
	(295, '435B', 'B20180731007', 101, 69, 'C', '2018-07-31 13:11:21', 20000, 20000, 180000, 0, 0),
	(296, '209', 'B20180731008', 44, 32, 'F', '2018-07-31 13:35:15', 40, 40, 3200, 20, 1600),
	(297, '438', 'B20180731009', 300, 257, 'B', '2018-07-31 13:35:15', 207, 207, 15525, 205.5, 15412.5),
	(298, '767GB', 'B20180731011', 297, 254, 'Z', '2018-07-31 14:33:36', 46, 1104, 35328, 0, 0),
	(299, '217BB', 'B20180731012', 285, 247, 'Z', '2018-07-31 15:56:05', 49, 1225, 26950, 0, 0),
	(300, '877', 'B20180730005', 171, 118, 'E', '2018-08-01 08:58:08', 320, 320, 11200, 0, 0),
	(301, '439A', 'B20180731010', 105, 72, 'E', '2018-08-01 08:58:16', 800, 800, 12800, 0, 0),
	(302, '435', 'B20180801001', 98, 68, 'C', '2018-08-01 09:25:48', 20000, 20000, 280000, 4000, 56000),
	(303, '212', 'B20180801002', 45, 33, 'B', '2018-08-01 09:32:19', 89, 89, 5162, 77, 4466),
	(304, '214', 'B20180801003', 47, 35, 'K', '2018-08-01 09:32:19', 800, 800, 20000, 0, 0),
	(305, '200', 'B20180801004', 40, 29, 'K', '2018-08-01 09:32:20', 31, 31, 2728, 11, 968),
	(306, '113', 'B20180801005', 24, 19, 'K', '2018-08-01 10:10:49', 10000, 10000, 160000, 0, 0),
	(307, '217AC', 'B20180801006', 286, 246, 'Z', '2018-08-01 11:36:18', 44, 1144, 21164, 0, 0),
	(308, '217BB', 'B20180801007', 285, 247, 'Z', '2018-08-01 11:36:19', 50, 1250, 27500, 0, 0),
	(309, '217BB', 'B20180801008', 285, 247, 'Z', '2018-08-01 12:02:13', 50, 1250, 27500, 0, 0),
	(310, '217AC', 'B20180801009', 286, 246, 'I', '2018-08-01 12:02:13', 44, 1144, 21164, 0, 0),
	(311, '217BB', 'B20180801010', 285, 247, 'Z', '2018-08-01 14:25:14', 48, 1200, 26400, 0, 0),
	(312, '217BB', 'B20180802001', 285, 247, 'Z', '2018-08-02 08:53:28', 45, 1125, 24750, 0, 0),
	(313, '432A', 'B20180802002', 82, 61, 'C', '2018-08-02 09:12:11', 1000, 1000, 14000, 0, 0),
	(314, '117', 'B20180802003', 32, 258, 'K', '2018-08-02 09:32:28', 16, 480, 12000, 0, 0),
	(315, '999A2', 'B20180802004', 190, 129, 'M', '2018-08-02 11:57:14', 4500, 4500, 171000, 0, 0),
	(316, '767GB', 'B20180802005', 297, 254, 'Z', '2018-08-02 13:38:56', 46, 1104, 35328, 0, 0),
	(317, '216C', 'B20180802006', 52, 39, 'A', '2018-08-02 13:39:04', 20000, 20000, 320000, 0, 0),
	(318, '217BB', 'B20180802007', 285, 247, 'Z', '2018-08-02 14:10:49', 45, 1125, 24750, 0, 0),
	(319, '217BB', 'B20180802008', 285, 247, 'Z', '2018-08-02 14:14:26', 45, 1125, 24750, 0, 0),
	(320, '765', 'B20180802009', 152, 223, 'C', '2018-08-02 14:27:25', 25000, 25000, 77500, 0, 0),
	(321, '217BB', 'B20180803001', 285, 247, 'Z', '2018-08-03 08:25:43', 46, 1150, 25300, 0, 0),
	(322, '217AA', 'B20180803002', 284, 245, 'I', '2018-08-03 08:25:44', 61, 1128.5, 33855, 0, 0),
	(323, '767G', 'B20180803003', 283, 250, 'Z', '2018-08-03 08:25:45', 46, 851, 15318, 0, 0),
	(324, '999MB', 'B20180803004', 194, 133, 'N', '2018-08-03 08:54:32', 1760, 1760, 50160, 0, 0),
	(325, '150', 'B20180803005', 36, 26, 'D', '2018-08-03 09:41:29', 6804, 6804, 367416, 0, 0),
	(326, '217BB', 'B20180803006', 285, 247, 'Z', '2018-08-03 09:42:29', 48, 1200, 26400, 0, 0),
	(327, 'SLD-A2', 'B20180803007', 293, 252, 'I', '2018-08-03 10:49:08', 41, 1025, 92250, 0, 0),
	(328, '433D', 'B20180803008', 86, 64, 'E', '2018-08-03 10:52:01', 3000, 3000, 150000, 1000, 50000),
	(329, '217BB', 'B20180803009', 285, 247, 'Z', '2018-08-03 14:29:19', 85, 2125, 46750, 0, 0),
	(330, '767G', 'B20180803010', 283, 250, 'Z', '2018-08-03 14:29:20', 46, 851, 15318, 0, 0),
	(331, '767G-A1', 'B20180803011', 298, 255, 'I', '2018-08-03 14:29:20', 47, 869.5, 18259.5, 0, 0),
	(332, '767B', 'B20180803012', 156, 108, 'D', '2018-08-03 14:31:12', 13000, 13000, 637000, 0, 0),
	(333, '217BB', 'B20180803013', 285, 247, 'Z', '2018-08-03 14:57:41', 45, 1125, 24750, 0, 0),
	(334, '654B', 'B20180806001', 129, 91, 'C', '2018-08-06 08:50:38', 25000, 25000, 212500, 0, 0),
	(335, '657', 'B20180806002', 138, 95, 'D', '2018-08-06 08:50:39', 6875, 6875, 55687.5, 0, 0),
	(336, '767G', 'B20180806003', 283, 250, 'Z', '2018-08-06 10:18:06', 46, 851, 15318, 0, 0),
	(337, '767GB', 'B20180806004', 297, 254, 'Z', '2018-08-06 10:18:08', 45, 1080, 34560, 0, 0),
	(338, '217AA', 'B20180806005', 284, 245, 'I', '2018-08-06 10:36:10', 60, 1110, 33300, 0, 0),
	(339, '994', 'B20180806006', 184, 127, 'K', '2018-08-06 10:47:35', 25038, 25038, 2178310, 0, 0),
	(340, '217BB', 'B20180806007', 285, 247, 'Z', '2018-08-06 13:11:12', 50, 1250, 27500, 0, 0),
	(341, '767F', 'B20180806008', 160, 111, 'K', '2018-08-06 13:41:35', 5000, 5000, 250000, 0, 0),
	(342, 'CFA', 'B20180806009', 277, 240, 'M', '2018-08-06 15:13:36', 12000, 12000, 336000, 0, 0),
	(343, '216', 'B20180806010', 49, 37, 'B', '2018-08-06 15:15:38', 10500, 10500, 47250, 0, 0),
	(344, '439A', 'B20180806011', 105, 72, 'E', '2018-08-06 15:17:48', 0, 0, 0, 0, 0),
	(345, '217AC', 'B20180806012', 286, 246, 'Z', '2018-08-06 15:37:49', 31, 806, 14911, 0, 0),
	(346, '767G-H4', 'B20180806013', 299, 256, 'I', '2018-08-06 15:37:54', 44, 990, 22770, 0, 0),
	(347, '117', 'B20180806014', 32, 258, 'K', '2018-08-06 17:01:00', 14, 420, 10500, 9, 225),
	(348, '217BB', 'B20180807001', 285, 247, 'Z', '2018-08-07 07:59:09', 40, 1000, 22000, 0, 0),
	(349, '988', 'B20180807002', 176, 122, 'A', '2018-08-07 09:32:41', 2300, 2300, 16100, 0, 0),
	(350, '988C', 'B20180807003', 181, 124, 'M', '2018-08-07 09:32:41', 7200, 7200, 93600, 0, 0),
	(351, '654C', 'B20180807004', 132, 92, 'C', '2018-08-07 09:42:52', 2500, 2500, 207500, 0, 0),
	(352, '988', 'B20180807005', 176, 122, 'A', '2018-08-07 10:55:00', 2302, 2302, 16114, 0, 0),
	(353, '767B', 'B20180807006', 301, 108, 'C', '2018-08-07 11:50:58', 13000, 13000, 780000, 7800, 468000),
	(354, '217BB', 'B20180807007', 285, 247, 'Z', '2018-08-07 14:18:02', 48, 1200, 26400, 0, 0),
	(355, '767GB', 'B20180807008', 297, 254, 'Z', '2018-08-07 14:18:03', 46, 1104, 35328, 0, 0),
	(356, '994', 'B20180807011', 184, 127, 'K', '2018-08-07 14:21:03', 25038, 25038, 2178310, 0, 0),
	(357, '228B', 'B20180807009', 61, 45, 'N', '2018-08-07 14:21:09', 4800, 4800, 153600, 4800, 153600),
	(358, '548', 'B20180807010', 123, 86, 'I', '2018-08-07 14:21:10', 8000, 8000, 216000, 4000, 108000),
	(359, '994', 'B20180807012', 184, 127, 'K', '2018-08-07 14:26:09', 25089, 25089, 2182740, 0, 0),
	(360, '217BB', 'B20180807013', 285, 247, 'Z', '2018-08-07 16:06:49', 50, 1250, 27500, 0, 0),
	(361, '767GB', 'B20180807014', 297, 254, 'Z', '2018-08-07 16:06:52', 46, 1104, 35328, 0, 0),
	(362, '767G', 'B20180808001', 283, 250, 'Z', '2018-08-08 09:36:13', 92, 1702, 30636, 0, 0),
	(363, '217AC', 'B20180808002', 286, 246, 'Z', '2018-08-08 09:36:13', 33, 858, 15873, 0, 0),
	(364, '767G', 'B20180808003', 283, 250, 'Z', '2018-08-08 10:14:02', 45, 832.5, 14985, 0, 0),
	(365, '439B', 'B20180808004', 106, 73, 'E', '2018-08-08 10:15:35', 1200, 1200, 48000, 600, 24000),
	(366, '767G', 'B20180808005', 283, 250, 'Z', '2018-08-08 11:11:34', 46, 851, 15318, 0, 0),
	(367, '217BB', 'B20180808006', 285, 247, 'Z', '2018-08-08 13:49:03', 44, 1100, 24200, 0, 0),
	(368, '767GB', 'B20180808007', 297, 254, 'Z', '2018-08-08 13:49:06', 45, 1080, 34560, 0, 0),
	(369, '765B', 'B20180808008', 153, 105, 'B', '2018-08-08 14:19:36', 9000, 9000, 30600, 0, 0),
	(370, '767GB', 'B20180808009', 297, 254, 'Z', '2018-08-08 14:30:13', 46, 1104, 35328, 0, 0),
	(371, '439A', 'B20180808010', 105, 72, 'E', '2018-08-08 16:05:43', 800, 800, 12800, 0, 0),
	(372, '545', 'B20180808012', 117, 83, 'B', '2018-08-08 16:11:37', 2000, 2000, 40000, 0, 0),
	(373, '217AC', 'B20180808011', 286, 246, 'Z', '2018-08-08 16:12:24', 44, 1144, 21164, 0, 0),
	(374, '217AC', 'B20180808013', 286, 246, 'Z', '2018-08-08 16:13:08', 38, 988, 18278, 0, 0),
	(375, '217AC', 'B20180809001', 286, 246, 'Z', '2018-08-09 08:01:30', 85, 2210, 40885, 0, 0),
	(376, '767T', 'B20180809002', 162, 112, 'I', '2018-08-09 09:39:48', 10000, 10000, 540000, 0, 0),
	(377, '216C', 'B20180809003', 51, 39, 'A', '2018-08-09 09:39:49', 11000, 11000, 176000, 0, 0),
	(378, '217A', 'B20180809004', 55, 41, 'I', '2018-08-09 09:49:44', 10000, 10000, 1100000, 0, 0),
	(379, '217AC', 'B20180809005', 286, 246, 'Z', '2018-08-09 11:48:19', 42, 1092, 20202, 0, 0),
	(380, '767G', 'B20180809006', 283, 250, 'Z', '2018-08-09 11:48:23', 46, 851, 15318, 0, 0),
	(381, '217BB', 'B20180809007', 285, 247, 'I', '2018-08-09 11:48:27', 44, 1100, 24200, 0, 0),
	(382, '540-3', 'B20180809008', 273, 78, 'I', '2018-08-09 13:48:20', 6000, 6000, 14400, 0, 0),
	(383, '765', 'B20180809009', 152, 104, 'N', '2018-08-09 13:52:05', 3000, 3000, 9300, 0, 0),
	(384, '217AC', 'B20180809010', 286, 246, 'Z', '2018-08-09 14:06:44', 48, 1248, 23088, 0, 0),
	(385, '767G', 'B20180809011', 283, 250, 'Z', '2018-08-09 14:06:45', 46, 851, 15318, 0, 0),
	(386, '767GB', 'B20180809012', 297, 254, 'Z', '2018-08-09 16:41:15', 46, 1104, 35328, 0, 0),
	(387, '217BB', 'B20180809013', 285, 247, 'Z', '2018-08-09 16:41:15', 48, 1200, 26400, 0, 0),
	(388, '216C', 'B20180810001', 51, 39, 'A', '2018-08-10 08:29:21', 11000, 11000, 176000, 0, 0),
	(389, '657B', 'B20180810002', 141, 97, 'Z', '2018-08-10 13:09:00', 6875, 6875, 55687.5, 0, 0),
	(390, '432A', 'B20180810003', 302, 61, 'C', '2018-08-10 13:28:18', 2000, 2000, 30000, 2000, 30000),
	(391, '217', 'B20180810004', 53, 40, 'B', '2018-08-10 13:28:25', 8000, 8000, 344000, 0, 0),
	(392, '215', 'B20180810005', 48, 36, 'I', '2018-08-10 13:28:27', 3000, 3000, 12000, 0, 0),
	(393, '217AC', 'B20180810006', 286, 246, 'Z', '2018-08-10 13:29:56', 42, 1092, 20202, 0, 0),
	(394, '767G-A1', 'B20180810007', 298, 255, 'I', '2018-08-10 14:42:50', 51, 943.5, 19813.5, 0, 0),
	(395, '217A', 'B20180810008', 55, 41, 'I', '2018-08-10 16:58:09', 1000, 1000, 110000, 525, 57750),
	(396, '217AA', 'B20180813001', 284, 245, 'I', '2018-08-13 08:05:50', 67, 1239.5, 37185, 0, 0),
	(397, '216', 'B20180813002', 49, 37, 'B', '2018-08-13 08:47:22', 10500, 10500, 47250, 0, 0),
	(398, '767F', 'B20180813003', 160, 111, 'K', '2018-08-13 11:05:27', 3000, 3000, 150000, 0, 0),
	(399, '994', 'B20180813004', 186, 127, 'K', '2018-08-13 11:12:29', 25075, 25075, 2181520, 0, 0),
	(400, '767G-A1', 'B20180813005', 298, 255, 'I', '2018-08-13 11:47:07', 48, 888, 18648, 0, 0),
	(401, '767G', 'B20180813006', 283, 250, 'Z', '2018-08-13 11:47:08', 45, 832.5, 14985, 0, 0),
	(402, '217AA', 'B20180813007', 284, 245, 'I', '2018-08-13 15:24:03', 67, 1239.5, 37185, 0, 0),
	(403, '217BB', 'B20180813008', 285, 247, 'Z', '2018-08-13 15:24:03', 49, 1225, 26950, 0, 0),
	(404, '767G-A1', 'B20180813009', 298, 255, 'I', '2018-08-13 17:04:00', 51, 943.5, 19813.5, 0, 0),
	(405, '217AA', 'B20180814001', 284, 245, 'I', '2018-08-14 08:27:57', 67, 1239.5, 37185, 0, 0),
	(406, '217AC', 'B20180814002', 286, 246, 'Z', '2018-08-14 08:27:59', 43, 1118, 20683, 0, 0),
	(407, '027', 'B20180814004', 16, 14, 'B', '2018-08-14 09:36:56', 100, 100, 16000, 0, 0),
	(408, '217AC', 'B20180814005', 286, 246, 'Z', '2018-08-14 11:11:06', 41, 1066, 19721, 0, 0),
	(409, '767G-H4', 'B20180814006', 299, 256, 'I', '2018-08-14 11:11:08', 45, 1012.5, 23287.5, 0, 0),
	(410, '994', 'B20180814003', 186, 127, 'K', '2018-08-14 11:12:07', 25101, 25101, 2183790, 0, 0),
	(411, '217BB', 'B20180814007', 285, 247, 'Z', '2018-08-14 13:34:02', 49, 1225, 26950, 0, 0),
	(412, '767GB', 'B20180814008', 297, 254, 'I', '2018-08-14 14:32:10', 46, 1104, 35328, 0, 0),
	(413, '217BB', 'B20180814009', 285, 247, 'Z', '2018-08-14 16:40:53', 94, 2350, 51700, 0, 0),
	(414, '654B', 'B20180814010', 129, 91, 'C', '2018-08-14 16:41:53', 12500, 12500, 106250, 0, 0),
	(415, '217AC', 'B20180816001', 286, 246, 'z', '2018-08-16 08:21:26', 43, 1118, 20683, 0, 0),
	(416, '217AC', 'B20180816002', 286, 246, 'z', '2018-08-16 08:21:28', 45, 1170, 21645, 0, 0),
	(417, '767GB', 'B20180816003', 297, 254, 'I', '2018-08-16 08:21:36', 45, 1080, 34560, 0, 0),
	(418, '767G', 'B20180816004', 283, 250, 'Z', '2018-08-16 08:23:34', 92, 1702, 30636, 0, 0),
	(419, '874C', 'B20180816005', 169, 116, 'H', '2018-08-16 09:01:30', 100, 100, 37500, 75, 28125),
	(420, '219A', 'B20180816006', 57, 43, 'E', '2018-08-16 09:01:31', 516, 516, 13416, 516, 13416),
	(421, '322A', 'B20180816007', 65, 49, 'E', '2018-08-16 09:01:32', 360, 360, 18000, 0, 0),
	(422, '320', 'B20180816008', 62, 46, 'E', '2018-08-16 09:01:32', 176, 176, 9504, 0, 0),
	(423, '113', 'B20180816009', 24, 19, 'K', '2018-08-16 09:10:27', 10000, 10000, 160000, 0, 0),
	(424, '767GB', 'B20180816010', 297, 254, 'Z', '2018-08-16 09:56:09', 45, 1080, 34560, 0, 0),
	(425, '217AC', 'B20180816011', 286, 246, 'Z', '2018-08-16 10:20:07', 43, 1118, 20683, 0, 0),
	(426, '217BB', 'B20180816012', 285, 247, 'Z', '2018-08-16 11:14:48', 46, 1150, 25300, 0, 0),
	(427, '654B', 'B20180816013', 129, 91, 'C', '2018-08-16 13:02:14', 25000, 25000, 212500, 0, 0),
	(428, '015A', 'B20180816014', 10, 9, 'B', '2018-08-16 13:03:03', 1500, 1500, 8250, 0, 0),
	(429, '546B', 'B20180816015', 121, 85, 'I', '2018-08-16 13:04:01', 6000, 6000, 198000, 0, 0),
	(430, '767GB', 'B20180816016', 297, 254, 'Z', '2018-08-16 13:34:44', 46, 1104, 35328, 0, 0),
	(431, '767G', 'B20180816017', 283, 250, 'Z', '2018-08-16 13:36:06', 46, 851, 15318, 0, 0),
	(432, '216C', 'B20180816018', 52, 39, 'A', '2018-08-16 14:20:38', 20000, 20000, 320000, 0, 0),
	(433, '767G', 'B20180816019', 283, 250, 'Z', '2018-08-16 14:21:34', 46, 851, 15318, 0, 0),
	(434, '439A', 'B20180816020', 105, 72, 'E', '2018-08-16 15:44:11', 3200, 3200, 51200, 800, 12800),
	(435, '217BB', 'B20180816021', 285, 247, 'I', '2018-08-16 17:09:35', 45, 1125, 24750, 0, 0),
	(436, '114', 'B20180817001', 29, 21, 'K', '2018-08-17 08:39:34', 3200, 3200, 672000, 0, 0),
	(437, '217BB', 'B20180817002', 285, 247, 'Z', '2018-08-17 11:35:58', 43, 1075, 23650, 0, 0),
	(438, '767G-A1', 'B20180817003', 298, 255, 'I', '2018-08-17 11:39:26', 47, 869.5, 18259.5, 0, 0),
	(439, '217AA', 'B20180817004', 284, 245, 'I', '2018-08-17 14:34:36', 63, 1165.5, 34965, 0, 0),
	(440, '111', 'B20180817005', 20, 17, 'N', '2018-08-17 15:46:16', 4000, 4000, 60000, 0, 0),
	(441, '217BB', 'B20180817006', 285, 247, 'I', '2018-08-17 16:11:32', 44, 1100, 24200, 0, 0),
	(442, '215', 'B20180820001', 48, 36, 'I', '2018-08-20 08:53:09', 5000, 5000, 20000, 0, 0),
	(443, '216', 'B20180820002', 49, 37, 'B', '2018-08-20 08:53:09', 6000, 6000, 27000, 0, 0),
	(444, '657B', 'B20180820003', 141, 97, 'Z', '2018-08-20 10:55:55', 2750, 2750, 22275, 0, 0),
	(445, '544G', 'B20180820004', 115, 82, 'E', '2018-08-20 10:55:56', 500, 500, 25000, 0, 0),
	(446, '767GB', 'B20180820005', 297, 254, 'z', '2018-08-20 11:36:47', 46, 1104, 35328, 0, 0),
	(447, '767G', 'B20180820006', 283, 250, 'Z', '2018-08-20 11:37:29', 46, 851, 15318, 0, 0),
	(448, '767F', 'B20180820007', 160, 111, 'K', '2018-08-20 13:06:03', 5000, 5000, 250000, 0, 0),
	(449, '981', 'B20180820008', 173, 120, 'D', '2018-08-20 14:29:15', 11950, 11950, 107550, 0, 0),
	(450, '217BB', 'B20180820009', 285, 247, 'Z', '2018-08-20 14:36:20', 45, 1125, 24750, 0, 0),
	(451, '228A', 'B20180820010', 59, 44, 'N', '2018-08-20 15:15:25', 600, 600, 22800, 0, 0),
	(452, '544G', 'B20180820011', 115, 82, 'E', '2018-08-20 15:59:15', 453.6, 453.6, 22680, 0, 0),
	(453, '217BB', 'B20180820012', 285, 247, 'Z', '2018-08-20 16:31:13', 45, 1125, 24750, 0, 0),
	(454, '331A', 'B20180820013', 303, 259, 'N', '2018-08-20 16:46:35', 3200, 3200, 108800, 2000, 68000),
	(455, '217BB', 'B20180821001', 285, 247, 'Z', '2018-08-21 07:55:33', 44, 1100, 24200, 0, 0),
	(456, '217BB', 'B20180821002', 285, 247, 'Z', '2018-08-21 11:13:12', 46, 1150, 25300, 0, 0),
	(457, '332', 'B20180821003', 72, 55, 'B', '2018-08-21 11:18:22', 1000, 1000, 13500, 0, 0),
	(458, '767G-H4', 'B20180821004', 299, 256, 'I', '2018-08-21 14:49:38', 44, 990, 22770, 0, 0),
	(459, '217AC', 'B20180821005', 286, 246, 'Z', '2018-08-21 16:30:00', 41, 1066, 19721, 0, 0),
	(460, '767G', 'B20180821006', 283, 250, 'Z', '2018-08-21 16:30:00', 45, 832.5, 14985, 0, 0),
	(461, '216', 'B20180822001', 49, 37, 'B', '2018-08-22 08:33:41', 10500, 10500, 47250, 0, 0),
	(462, '217BB', 'B20180822002', 285, 247, 'Z', '2018-08-22 08:37:08', 45, 1125, 24750, 0, 0),
	(463, '217AC', 'B20180822003', 286, 246, 'Z', '2018-08-22 08:44:35', 43, 1118, 20683, 0, 0),
	(464, '767G', 'B20180822004', 283, 250, 'Z', '2018-08-22 08:47:14', 46, 851, 15318, 0, 0),
	(465, '540-3', 'B20180822005', 273, 78, 'I', '2018-08-22 09:25:37', 6000, 6000, 14400, 0, 0),
	(466, '999A2', 'B20180822006', 190, 129, 'M', '2018-08-22 10:56:34', 4500, 4500, 171000, 0, 0),
	(467, '999A2', 'B20180822007', 190, 129, 'M', '2018-08-22 11:03:13', 4500, 4500, 171000, 600, 22800),
	(468, '217AC', 'B20180822008', 286, 246, 'Z', '2018-08-22 11:06:47', 42, 1092, 20202, 0, 0),
	(469, '217BB', 'B20180822009', 285, 247, 'Z', '2018-08-22 11:06:49', 90, 2250, 49500, 0, 0),
	(470, '217AC', 'B20180822010', 286, 246, 'Z', '2018-08-22 16:44:43', 42, 1092, 20202, 0, 0),
	(471, '217BB', 'B20180822011', 285, 247, 'Z', '2018-08-22 16:44:44', 130, 3250, 71500, 0, 0),
	(472, '217AC', 'B20180822012', 286, 246, 'Z', '2018-08-22 16:44:44', 45, 1170, 21645, 0, 0),
	(473, '767GB', 'B20180822013', 297, 254, 'Z', '2018-08-22 16:44:44', 91, 2184, 69888, 0, 0),
	(474, '765B', 'B20180823001', 153, 105, 'B', '2018-08-23 08:17:46', 9000, 9000, 30600, 0, 0),
	(475, '767T', 'B20180823002', 162, 112, 'I', '2018-08-23 08:17:49', 10000, 10000, 540000, 0, 0),
	(476, '217', 'B20180823003', 53, 40, 'C', '2018-08-23 08:30:22', 4800, 4800, 206400, 0, 0),
	(477, '216C', 'B20180823004', 51, 39, 'A', '2018-08-23 08:30:23', 6000, 6000, 96000, 0, 0),
	(478, '871', 'B20180823005', 168, 115, 'Z', '2018-08-23 09:40:22', 400, 400, 12800, 0, 0),
	(479, '654B', 'B20180823006', 129, 91, 'C', '2018-08-23 11:40:50', 25000, 25000, 212500, 0, 0),
	(480, '217AC', 'B20180823007', 286, 246, 'Z', '2018-08-23 13:03:04', 43, 1118, 20683, 0, 0),
	(481, '767GB', 'B20180823008', 297, 254, 'Z', '2018-08-23 13:03:05', 46, 1104, 35328, 0, 0),
	(482, '217AA', 'B20180823009', 284, 245, 'I', '2018-08-23 15:46:03', 47, 869.5, 26085, 0, 0),
	(483, '767G', 'B20180823010', 283, 250, 'Z', '2018-08-23 15:46:03', 46, 851, 15318, 0, 0),
	(484, '217AA', 'B20180823011', 284, 245, 'I', '2018-08-23 15:49:33', 35, 647.5, 19425, 0, 0),
	(485, '765', 'B20180827001', 152, 223, 'C', '2018-08-27 07:50:57', 25000, 25000, 77500, 0, 0),
	(486, '765', 'B20180827002', 152, 223, 'C', '2018-08-27 07:53:02', 24000, 24000, 74400, 0, 0),
	(487, '217AA', 'B20180827003', 284, 245, 'I', '2018-08-27 08:21:21', 70, 1295, 38850, 0, 0),
	(488, '767G-A1', 'B20180827004', 298, 255, 'I', '2018-08-27 08:21:22', 47, 869.5, 18259.5, 0, 0),
	(489, '434A', 'B20180827005', 88, 65, 'C', '2018-08-27 09:04:52', 14000, 14000, 336000, 5600, 134400),
	(490, '217BB', 'B20180827006', 285, 247, 'I', '2018-08-27 10:36:04', 40, 1000, 22000, 0, 0),
	(491, '767G', 'B20180827007', 283, 250, 'Z', '2018-08-27 13:17:16', 46, 851, 15318, 0, 0),
	(492, '217AC', 'B20180827008', 286, 246, 'Z', '2018-08-27 13:17:17', 42, 1092, 20202, 0, 0),
	(493, '767G', 'B20180827009', 283, 250, 'Z', '2018-08-27 16:13:07', 91, 1683.5, 30303, 0, 0),
	(494, '217BB', 'B20180828001', 285, 247, 'Z', '2018-08-28 09:00:44', 48, 1200, 26400, 0, 0),
	(495, '217AC', 'B20180828002', 286, 246, 'Z', '2018-08-28 14:11:34', 89, 2314, 42809, 0, 0),
	(496, '767G-A1', 'B20180828003', 298, 255, 'I', '2018-08-28 14:17:13', 47, 869.5, 18259.5, 0, 0),
	(497, '767G', 'B20180828004', 283, 250, 'Z', '2018-08-28 15:26:23', 45, 832.5, 14985, 0, 0),
	(498, '767GB', 'B20180828005', 297, 254, 'Z', '2018-08-28 16:50:08', 46, 1104, 35328, 0, 0),
	(499, '217BB', 'B20180829001', 285, 247, 'Z', '2018-08-29 08:31:09', 48, 1200, 26400, 0, 0),
	(500, '113', 'B20180829002', 24, 19, 'K', '2018-08-29 08:39:45', 10000, 10000, 160000, 0, 0),
	(501, '767F', 'B20180829003', 160, 111, 'K', '2018-08-29 11:15:53', 5000, 5000, 250000, 0, 0),
	(502, '217AC', 'B20180829004', 286, 246, 'Z', '2018-08-29 11:55:45', 42, 1092, 20202, 0, 0),
	(503, '217BB', 'B20180829005', 285, 247, 'Z', '2018-08-29 11:55:46', 45, 1125, 24750, 0, 0),
	(504, '767G-H4', 'B20180829006', 299, 256, 'I', '2018-08-29 11:55:52', 45, 1012.5, 23287.5, 0, 0),
	(505, '432', 'B20180829007', 81, 60, 'C', '2018-08-29 11:59:11', 3200, 3200, 44800, 0, 0),
	(506, '999M3', 'B20180829008', 193, 132, 'N', '2018-08-29 14:49:17', 300, 300, 11400, 0, 0),
	(507, '217BB', 'B20180829009', 285, 247, 'Z', '2018-08-29 16:02:06', 101, 2525, 55550, 0, 0),
	(508, '767GB', 'B20180829010', 297, 254, 'Z', '2018-08-29 16:02:06', 46, 1104, 35328, 0, 0),
	(509, '767GB', 'B20180829011', 297, 254, 'Z', '2018-08-29 16:17:37', 46, 1104, 35328, 0, 0),
	(510, '217BB', 'B20180830001', 285, 247, 'Z', '2018-08-30 07:56:48', 47, 1175, 25850, 0, 0),
	(511, '767G', 'B20180830002', 283, 250, 'Z', '2018-08-30 11:20:58', 46, 851, 15318, 0, 0),
	(512, '217BB', 'B20180830003', 285, 247, 'Z', '2018-08-30 13:26:12', 44, 1100, 24200, 0, 0),
	(513, '217AA', 'B20180830004', 284, 245, 'I', '2018-08-30 13:56:14', 62, 1147, 34410, 0, 0),
	(514, '767G', 'B20180830005', 283, 250, 'Z', '2018-08-30 15:30:55', 91, 1683.5, 30303, 0, 0),
	(515, '217AA', 'B20180830006', 284, 245, 'I', '2018-08-30 16:24:48', 70, 1295, 38850, 0, 0),
	(516, '767G', 'B20180830007', 283, 250, 'Z', '2018-08-30 16:24:49', 46, 851, 15318, 0, 0),
	(517, '014B', 'B20180830008', 9, 8, 'A', '2018-08-30 17:03:18', 2000, 2000, 23000, 0, 0),
	(518, '439A', 'B20180831001', 105, 72, 'E', '2018-08-31 08:30:41', 3200, 3200, 51200, 800, 12800),
	(519, '217AC', 'B20180831002', 286, 246, 'Z', '2018-08-31 08:30:41', 42, 1092, 20202, 0, 0),
	(520, '217BB', 'B20180831003', 285, 247, 'Z', '2018-08-31 08:30:42', 48, 1200, 26400, 0, 0),
	(521, '217BB', 'B20180831004', 285, 247, 'Z', '2018-08-31 10:26:05', 92, 2300, 50600, 0, 0),
	(522, '657B', 'B20180831005', 141, 97, 'Z', '2018-08-31 10:54:38', 6875, 6875, 55687.5, 0, 0),
	(523, '767G', 'B20180831006', 283, 250, 'Z', '2018-08-31 14:00:33', 46, 851, 15318, 0, 0),
	(524, '767G', 'B20180831007', 283, 250, 'Z', '2018-08-31 14:05:15', 46, 851, 15318, 0, 0),
	(525, '767GB', 'B20180831008', 297, 254, 'Z', '2018-08-31 14:05:16', 46, 1104, 35328, 0, 0),
	(526, '217BB', 'B20180831009', 285, 247, 'Z', '2018-08-31 14:32:09', 45, 1125, 24750, 0, 0),
	(527, '988C', 'B20180903001', 181, 124, 'M', '2018-09-03 08:59:34', 16200, 16200, 210600, 4500, 58500),
	(528, 'CFA', 'B20180903002', 277, 240, 'N', '2018-09-03 09:52:33', 12000, 12000, 336000, 4800, 134400),
	(529, '767GB', 'B20180903003', 297, 254, 'Z', '2018-09-03 11:20:55', 91, 2184, 69888, 0, 0),
	(530, '217BB', 'B20180903004', 285, 247, 'Z', '2018-09-03 11:20:55', 42, 1050, 23100, 0, 0),
	(531, '999MB', 'B20180903005', 194, 133, 'N', '2018-09-03 11:30:40', 11500, 11500, 327750, 6080, 173280),
	(532, '217AC', 'B20180903006', 286, 246, 'Z', '2018-09-03 14:49:01', 39, 1014, 18759, 0, 0),
	(533, '217BB', 'B20180903007', 285, 247, 'Z', '2018-09-03 14:49:02', 43, 1075, 23650, 0, 0),
	(534, '545', 'B20180903008', 117, 83, 'B', '2018-09-03 14:58:01', 3000, 3000, 60000, 1000, 20000),
	(535, '217BB', 'B20180903009', 285, 247, 'Z', '2018-09-03 16:24:18', 86, 2150, 47300, 0, 0),
	(536, '215', 'B20180904001', 48, 36, 'I', '2018-09-04 08:07:35', 5000, 5000, 20000, 0, 0),
	(537, '217', 'B20180904002', 53, 40, 'B', '2018-09-04 08:07:37', 5600, 5600, 240800, 0, 0),
	(538, '217BB', 'B20180904003', 285, 247, 'Z', '2018-09-04 10:04:52', 40, 1000, 22000, 0, 0),
	(539, '217AA', 'B20180904004', 284, 245, 'I', '2018-09-04 11:59:22', 61, 1128.5, 33855, 0, 0),
	(540, '767G-A1', 'B20180904005', 298, 255, 'I', '2018-09-04 14:17:19', 94, 1739, 36519, 0, 0),
	(541, '654B', 'B20180904006', 129, 91, 'C', '2018-09-04 14:29:35', 25000, 25000, 212500, 0, 0),
	(542, '217BB', 'B20180904007', 285, 247, 'Z', '2018-09-04 14:50:58', 80, 2000, 44000, 0, 0),
	(543, '435', 'B20180904008', 98, 68, 'C', '2018-09-04 15:31:54', 4000, 4000, 56000, 0, 0),
	(544, '217AC', 'B20180904009', 286, 246, 'Z', '2018-09-04 15:39:03', 38, 988, 18278, 0, 0),
	(545, '217BB', 'B20180904010', 285, 247, 'Z', '2018-09-04 16:50:53', 40, 1000, 22000, 0, 0),
	(546, '767G', 'B20180904011', 283, 250, 'Z', '2018-09-04 16:50:54', 92, 1702, 30636, 0, 0),
	(547, '767G', 'B20180905001', 283, 250, 'Z', '2018-09-05 07:43:47', 46, 851, 15318, 0, 0),
	(548, '217AC', 'B20180905002', 286, 246, 'Z', '2018-09-05 07:43:51', 78, 2028, 37518, 0, 0),
	(549, '767T', 'B20180905003', 162, 112, 'I', '2018-09-05 08:24:00', 6000, 6000, 324000, 0, 0),
	(550, '216C', 'B20180905004', 51, 39, 'A', '2018-09-05 08:24:30', 11000, 11000, 176000, 0, 0),
	(551, '217BB', 'B20180905005', 285, 247, 'Z', '2018-09-05 10:38:50', 40, 1000, 22000, 0, 0),
	(552, '217AC', 'B20180905006', 286, 246, 'Z', '2018-09-05 10:38:50', 38, 988, 18278, 0, 0),
	(553, '113', 'B20180905007', 24, 19, 'K', '2018-09-05 10:42:14', 10000, 10000, 160000, 0, 0),
	(554, '217AC', 'B20180905008', 286, 246, 'Z', '2018-09-05 11:39:10', 39, 1014, 18759, 0, 0),
	(555, '767G', 'B20180905009', 283, 250, 'Z', '2018-09-05 11:39:17', 91, 1683.5, 30303, 0, 0),
	(556, '013A', 'B20180905010', 6, 6, 'B', '2018-09-05 13:14:32', 5000, 5000, 20000, 3500, 14000),
	(557, '767G', 'B20180905011', 283, 250, 'Z', '2018-09-05 13:36:34', 46, 851, 15318, 0, 0),
	(558, '217AC', 'B20180905012', 286, 246, 'Z', '2018-09-05 13:58:37', 39, 1014, 18759, 0, 0),
	(559, '767GB', 'B20180905013', 297, 254, 'I', '2018-09-05 16:09:04', 46, 1104, 35328, 0, 0),
	(560, '217AC', 'B20180905014', 286, 246, 'Z', '2018-09-05 16:54:00', 42, 1092, 20202, 0, 0),
	(561, '767GB', 'B20180905015', 297, 254, 'Z', '2018-09-05 16:54:03', 46, 1104, 35328, 0, 0),
	(562, '217AC', 'B20180906001', 286, 236, 'Z', '2018-09-06 08:43:15', 77, 77, 1424.5, 0, 0),
	(563, '765', 'B20180906002', 152, 223, 'C', '2018-09-06 09:09:19', 700, 700, 2170, 0, 0),
	(564, '023', 'B20180906003', 15, 13, 'E', '2018-09-06 10:12:41', 17, 17, 10183, 17, 10183),
	(565, '767G', 'B20180906004', 283, 250, 'Z', '2018-09-06 10:40:52', 46, 851, 15318, 0, 0),
	(566, '767G', 'B20180906005', 283, 250, 'Z', '2018-09-06 11:59:44', 92, 1702, 30636, 0, 0),
	(567, '216', 'B20180906006', 305, 37, 'B', '2018-09-06 14:20:00', 4500, 4500, 20700, 0, 0),
	(568, '216C', 'B20180906007', 52, 39, 'A', '2018-09-06 14:20:01', 15000, 15000, 240000, 0, 0),
	(569, '217AC', 'B20180906008', 286, 246, 'Z', '2018-09-06 14:22:06', 81, 2106, 38961, 0, 0),
	(570, '767GB', 'B20180906009', 297, 254, 'Z', '2018-09-06 15:46:44', 45, 1080, 34560, 0, 0),
	(571, '217AC', 'B20180906010', 286, 246, 'Z', '2018-09-06 16:17:49', 38, 988, 18278, 0, 0),
	(572, '999M3', 'B20180907001', 193, 132, 'N', '2018-09-07 08:26:22', 900, 900, 34200, 0, 0),
	(573, '027', 'B20180907003', 16, 14, 'B', '2018-09-07 09:51:30', 100, 100, 16000, 0, 0),
	(574, '767F', 'B20180907004', 160, 111, 'K', '2018-09-07 10:39:09', 5000, 5000, 250000, 0, 0),
	(575, '710', 'B20180907005', 307, 260, 'K', '2018-09-07 10:45:40', 160, 160, 3200, 160, 3200),
	(576, '217AC', 'B20180907006', 286, 246, 'Z', '2018-09-07 11:12:50', 43, 1118, 20683, 0, 0),
	(577, '217AC', 'B20180907007', 286, 246, 'Z', '2018-09-07 13:11:49', 43, 1118, 20683, 0, 0),
	(578, '217BB', 'B20180907008', 285, 247, 'Z', '2018-09-07 13:11:52', 82, 2050, 45100, 0, 0),
	(579, '012A', 'B20180907009', 4, 4, 'B', '2018-09-07 14:15:05', 500, 500, 5500, 500, 5500),
	(580, '015A', 'B20180907010', 10, 9, 'B', '2018-09-07 14:15:05', 1500, 1500, 8250, 0, 0),
	(581, '017A', 'B20180907011', 12, 10, 'B', '2018-09-07 14:15:05', 500, 500, 22500, 500, 22500),
	(582, '994', 'B20180907002', 306, 127, 'K', '2018-09-07 14:33:02', 24994, 24994, 2174480, 0, 0),
	(583, '217BB', 'B20180907012', 285, 247, 'Z', '2018-09-07 14:43:56', 130, 3250, 71500, 0, 0),
	(584, '546B', 'B20180910001', 121, 85, 'I', '2018-09-10 10:25:36', 6000, 6000, 198000, 3000, 99000),
	(585, '767G', 'B20180910002', 283, 250, 'Z', '2018-09-10 10:41:04', 46, 851, 15318, 0, 0),
	(586, '217BB', 'B20180910003', 285, 247, 'Z', '2018-09-10 10:41:05', 43, 1075, 23650, 0, 0),
	(587, '217AC', 'B20180910004', 286, 246, 'Z', '2018-09-10 13:58:03', 42, 1092, 20202, 0, 0),
	(588, '767G', 'B20180910005', 283, 250, 'Z', '2018-09-10 13:58:16', 46, 851, 15318, 0, 0),
	(589, '217AC', 'B20180910006', 286, 246, 'Z', '2018-09-10 15:43:08', 38, 988, 18278, 0, 0),
	(590, '767GB', 'B20180910007', 297, 254, 'Z', '2018-09-10 15:43:08', 46, 1104, 35328, 0, 0),
	(591, '217BB', 'B20180910008', 285, 247, 'Z', '2018-09-10 16:34:46', 40, 1000, 22000, 0, 0),
	(592, '767GB', 'B20180910009', 297, 254, 'Z', '2018-09-10 16:51:13', 46, 1104, 35328, 0, 0),
	(593, '216', 'B20180911001', 49, 37, 'B', '2018-09-11 08:38:21', 10500, 10500, 47250, 0, 0),
	(594, '111', 'B20180911002', 20, 17, 'N', '2018-09-11 08:49:12', 4000, 4000, 60000, 4000, 60000),
	(595, '765', 'B20180911003', 152, 223, 'C', '2018-09-11 09:53:49', 24000, 24000, 74400, 6000, 18600),
	(596, '432', 'B20180911004', 81, 60, 'C', '2018-09-11 10:25:00', 3600, 3600, 50400, 1800, 25200),
	(597, '992', 'B20180911005', 311, 126, 'C', '2018-09-11 11:11:56', 50, 50, 4500, 4.3, 387),
	(598, '767C', 'B20180911006', 158, 109, 'K', '2018-09-11 11:22:27', 480, 480, 28800, 0, 0),
	(599, '767G', 'B20180911007', 283, 250, 'Z', '2018-09-11 11:57:53', 46, 851, 15318, 0, 0),
	(600, '217AC', 'B20180911008', 286, 246, 'Z', '2018-09-11 11:57:54', 39, 1014, 18759, 0, 0),
	(601, '217AC', 'B20180911009', 286, 246, 'Z', '2018-09-11 15:40:55', 39, 1014, 18759, 0, 0),
	(602, '767G', 'B20180911010', 283, 250, 'Z', '2018-09-11 15:40:55', 45, 832.5, 14985, 0, 0),
	(603, '217AC', 'B20180911011', 286, 246, 'Z', '2018-09-11 16:49:21', 38, 988, 18278, 0, 0),
	(604, '767G', 'B20180911012', 283, 250, 'Z', '2018-09-11 17:03:21', 46, 851, 15318, 0, 0),
	(605, '216C', 'B20180912001', 51, 39, 'A', '2018-09-12 08:09:38', 11000, 11000, 176000, 0, 0),
	(606, '217AA', 'B20180912002', 284, 245, 'I', '2018-09-12 08:25:23', 70, 1295, 38850, 0, 0),
	(607, '217AC', 'B20180912003', 286, 246, 'Z', '2018-09-12 08:25:25', 46, 1196, 22126, 0, 0),
	(608, '767G', 'B20180912004', 283, 250, 'Z', '2018-09-12 08:25:26', 46, 851, 15318, 46, 828),
	(609, '767GB', 'B20180912005', 297, 254, 'I', '2018-09-12 08:25:29', 46, 1104, 35328, 0, 0),
	(610, '019', 'B20180912006', 309, 12, 'C', '2018-09-12 09:00:14', 500, 500, 22000, 500, 22000),
	(611, '325B', 'B20180912007', 69, 53, 'A', '2018-09-12 09:00:15', 2000, 2000, 27000, 2000, 27000),
	(612, '540-3', 'B20180912008', 273, 78, 'I', '2018-09-12 09:15:59', 9000, 9000, 21600, 4500, 10800),
	(613, '767GB', 'B20180912010', 297, 254, 'Z', '2018-09-12 10:16:55', 46, 1104, 35328, 0, 0),
	(614, '503', 'B20180912011', 308, 261, 'N', '2018-09-12 10:53:45', 60, 60, 4320, 60, 4320),
	(615, '767F', 'B20180912009', 160, 111, 'K', '2018-09-12 11:13:31', 5000, 5000, 250000, 0, 0),
	(616, '765B', 'B20180912012', 153, 105, 'B', '2018-09-12 13:35:06', 9000, 9000, 30600, 0, 0),
	(617, '765', 'B20180912013', 152, 104, 'N', '2018-09-12 13:35:06', 3000, 3000, 9300, 1500, 4650),
	(618, '657B', 'B20180912014', 141, 97, 'Z', '2018-09-12 13:36:43', 6875, 6875, 55687.5, 4125, 33412.5),
	(619, '657', 'B20180912015', 138, 95, 'D', '2018-09-12 13:47:08', 5500, 5500, 44550, 2750, 22275),
	(620, '217AC', 'B20180912016', 286, 246, 'Z', '2018-09-12 13:59:36', 41, 1066, 19721, 0, 0),
	(621, '217AA', 'B20180912017', 284, 245, 'I', '2018-09-12 13:59:38', 68, 1258, 37740, 0, 0),
	(622, '217BB', 'B20180912018', 285, 247, 'I', '2018-09-12 14:26:00', 44, 1100, 24200, 0, 0),
	(623, '217AA', 'B20180912019', 284, 245, 'I', '2018-09-12 15:47:37', 68, 1258, 37740, 0, 0),
	(624, '217BB', 'B20180913001', 285, 247, 'Z', '2018-09-13 08:04:03', 86, 2150, 47300, 0, 0),
	(625, '217BB', 'B20180913002', 285, 247, 'I', '2018-09-13 08:47:00', 40, 1000, 22000, 0, 0),
	(626, '216C', 'B20180913003', 51, 39, 'A', '2018-09-13 08:47:03', 11000, 11000, 176000, 0, 0),
	(627, '217AC', 'B20180913004', 286, 246, 'Z', '2018-09-13 11:53:53', 38, 988, 18278, 0, 0),
	(628, '767G-A1', 'B20180913005', 298, 255, 'I', '2018-09-13 11:53:53', 48, 888, 18648, 0, 0),
	(629, '150', 'B20180913006', 36, 26, 'D', '2018-09-13 13:12:04', 6804, 6804, 367416, 4536, 244944),
	(630, '217AC', 'B20180913007', 286, 246, 'Z', '2018-09-13 15:42:45', 41, 1066, 19721, 0, 0),
	(631, '767G', 'B20180913008', 283, 250, 'Z', '2018-09-13 16:38:37', 46, 851, 15318, 46, 828),
	(632, '767G-A1', 'B20180913009', 298, 255, 'I', '2018-09-13 16:57:15', 47, 869.5, 18259.5, 0, 0),
	(633, '320', 'B20180914001', 62, 46, 'K', '2018-09-14 08:34:02', 176, 176, 9504, 0, 0),
	(634, '322A', 'B20180914002', 65, 49, 'E', '2018-09-14 08:34:03', 180, 180, 9000, 180, 9000),
	(635, '767GB', 'B20180914003', 297, 254, 'Z', '2018-09-14 10:59:33', 46, 1104, 35328, 0, 0),
	(636, '217AC', 'B20180914004', 286, 246, 'Z', '2018-09-14 10:59:34', 43, 1118, 20683, 0, 0),
	(637, '217BB', 'B20180914005', 285, 247, 'Z', '2018-09-14 11:16:21', 47, 1175, 25850, 0, 0),
	(638, '557', 'B20180914006', 312, 262, 'X', '2018-09-14 11:56:13', 25, 25, 4375, 25, 4375),
	(639, '217BB', 'B20180914007', 285, 247, 'Z', '2018-09-14 14:53:57', 44, 1100, 24200, 0, 0),
	(640, '767G-H4', 'B20180914008', 299, 256, 'I', '2018-09-14 15:17:44', 44, 990, 22770, 20, 460),
	(641, '114', 'B20180914009', 313, 21, 'K', '2018-09-14 15:56:12', 3200, 3200, 867200, 3200, 867200),
	(642, 'CFA', 'B20180914010', 277, 240, 'M', '2018-09-14 16:08:42', 12000, 12000, 336000, 12000, 336000),
	(643, '431A', 'B20180917001', 80, 59, 'E', '2018-09-17 08:37:29', 1500, 1500, 13500, 1500, 13500),
	(644, '215', 'B20180917002', 48, 36, 'I', '2018-09-17 08:37:30', 6000, 6000, 24000, 0, 0),
	(645, '217', 'B20180917003', 53, 40, 'B', '2018-09-17 08:37:31', 4800, 4800, 206400, 0, 0),
	(646, '217BB', 'B20180917004', 285, 247, 'I', '2018-09-17 08:47:51', 42, 1050, 23100, 0, 0),
	(647, '767GB', 'B20180917005', 297, 254, 'Z', '2018-09-17 09:04:00', 24, 576, 18432, 0, 0),
	(648, '217BB', 'B20180917006', 285, 247, 'I', '2018-09-17 09:06:52', 42, 1050, 23100, 0, 0),
	(649, '217AC', 'B20180917007', 286, 246, 'Z', '2018-09-17 10:14:38', 38, 988, 18278, 0, 0),
	(650, '877', 'B20180917008', 171, 118, 'E', '2018-09-17 10:31:44', 640, 640, 22400, 640, 22400),
	(651, '988', 'B20180917009', 176, 122, 'A', '2018-09-17 11:02:28', 2300, 2300, 16100, 2290, 16030),
	(652, '988C', 'B20180917010', 181, 124, 'M', '2018-09-17 11:02:28', 14400, 14400, 187200, 14400, 187200),
	(653, '654B', 'B20180917011', 129, 91, 'C', '2018-09-17 11:44:34', 25000, 25000, 212500, 18750, 159375),
	(654, '767G', 'B20180917012', 283, 250, 'Z', '2018-09-17 13:04:53', 92, 1702, 30636, 0, 0),
	(655, '217BB', 'B20180917013', 285, 247, 'Z', '2018-09-17 14:38:32', 43, 1075, 23650, 0, 0),
	(656, '767GB', 'B20180917014', 297, 254, 'I', '2018-09-17 14:38:32', 46, 1104, 35328, 0, 0),
	(657, '767GB', 'B20180917015', 297, 254, 'Z', '2018-09-17 15:45:37', 45, 1080, 34560, 0, 0),
	(658, '217AC', 'B20180917016', 286, 246, 'Z', '2018-09-17 16:59:05', 43, 1118, 20683, 0, 0),
	(659, '217A', 'B20180918001', 55, 41, 'I', '2018-09-18 08:27:03', 1000, 1000, 110000, 1000, 110000),
	(660, '217BB', 'B20180918002', 285, 247, 'Z', '2018-09-18 08:42:55', 45, 1125, 24750, 0, 0),
	(661, '767F', 'B20180918003', 160, 111, 'K', '2018-09-18 10:36:32', 5000, 5000, 250000, 0, 0),
	(662, '767G', 'B20180918004', 283, 250, 'Z', '2018-09-18 10:37:20', 45, 832.5, 14985, 0, 0),
	(663, '767G', 'B20180918005', 283, 250, 'Z', '2018-09-18 13:23:56', 46, 851, 15318, 0, 0),
	(664, '217BB', 'B20180918006', 285, 247, 'Z', '2018-09-18 13:23:56', 42, 1050, 23100, 42, 924),
	(665, '217AC', 'B20180918007', 286, 246, 'Z', '2018-09-18 15:17:44', 38, 988, 18278, 0, 0),
	(666, '768', 'B20180918008', 164, 113, 'E', '2018-09-18 15:32:01', 500, 500, 30000, 350, 21000),
	(667, '217AC', 'B20180918009', 286, 246, 'Z', '2018-09-18 15:53:03', 41, 1066, 19721, 41, 758.5),
	(668, '767G-A1', 'B20180919001', 298, 255, 'I', '2018-09-19 08:07:18', 94, 1739, 36519, 94, 1974),
	(669, '217AC', 'B20180919002', 286, 246, 'Z', '2018-09-19 08:07:20', 41, 1066, 19721, 0, 0),
	(670, '217BB', 'B20180919003', 285, 247, 'Z', '2018-09-19 08:07:22', 85, 2125, 46750, 41, 902),
	(671, '767T', 'B20180919004', 162, 112, 'I', '2018-09-19 08:42:36', 10000, 10000, 540000, 8000, 432000),
	(672, '217AA', 'B20180919005', 284, 245, 'I', '2018-09-19 08:54:50', 71, 1313.5, 39405, 35, 1050),
	(673, '999A2', 'B20180919006', 190, 129, 'N', '2018-09-19 09:47:22', 6000, 6000, 228000, 6000, 228000),
	(674, '113', 'B20180919007', 24, 19, 'K', '2018-09-19 09:47:53', 10000, 10000, 160000, 10000, 160000),
	(675, '217-1', 'B20180919008', 314, 263, 'B', '2018-09-19 10:30:11', 2474, 2474, 39584, 2474, 39584),
	(676, '217AC', 'B20180919009', 286, 246, 'Z', '2018-09-19 11:05:39', 84, 2184, 40404, 84, 1554),
	(677, '217BB', 'B20180919010', 285, 247, 'I', '2018-09-19 13:48:23', 91, 2275, 50050, 46, 1012),
	(678, '767GB', 'B20180919011', 297, 254, 'Z', '2018-09-19 14:39:28', 46, 1104, 35328, 24, 768),
	(679, '217AA', 'B20180919012', 284, 245, 'I', '2018-09-19 16:42:52', 70, 1295, 38850, 70, 2100),
	(680, '767G-H4', 'B20180919013', 299, 256, 'I', '2018-09-19 16:56:37', 44, 990, 22770, 44, 1012),
	(681, '767GB', 'B20180920001', 297, 254, 'Z', '2018-09-20 08:16:05', 46, 1104, 35328, 0, 0),
	(682, '217BB', 'B20180920002', 285, 247, 'Z', '2018-09-20 08:16:08', 42, 1050, 23100, 42, 924),
	(683, '217AC', 'B20180920003', 286, 246, 'Z', '2018-09-20 08:16:09', 39, 1014, 18759, 0, 0),
	(684, '767G', 'B20180920004', 283, 250, 'Z', '2018-09-20 10:49:58', 46, 851, 15318, 46, 828);
/*!40000 ALTER TABLE `materialinwarehouse` ENABLE KEYS */;

-- 傾印  表格 sf.materialoutwarehouse 結構
CREATE TABLE IF NOT EXISTS `materialoutwarehouse` (
  `tookOutMaterialID` int(16) unsigned NOT NULL AUTO_INCREMENT,
  `materialInWarehouseID` int(16) unsigned NOT NULL,
  `materialRequisition` varchar(256) NOT NULL,
  `outWarehouseArea` varchar(8) NOT NULL,
  `outWarehouseDate` datetime NOT NULL,
  `outWarehouseDepartment` varchar(256) NOT NULL,
  `outWarehouseMember` varchar(256) NOT NULL,
  `outWarehousePackageNumber` int(8) unsigned NOT NULL DEFAULT 0,
  PRIMARY KEY (`tookOutMaterialID`),
  KEY `outWarehouseMaterialRequisitionID` (`materialRequisition`),
  KEY `outWarehouseMaterialInWarehouseID` (`materialInWarehouseID`),
  CONSTRAINT `outWarehouseMaterialInWarehouseID` FOREIGN KEY (`materialInWarehouseID`) REFERENCES `materialinwarehouse` (`storedMaterialID`),
  CONSTRAINT `outWarehouseMaterialRequisitionID` FOREIGN KEY (`materialRequisition`) REFERENCES `materialrequisition` (`materialRequisitionID`)
) ENGINE=InnoDB DEFAULT CHARSET=utf8;

-- 正在傾印表格  sf.materialoutwarehouse 的資料：~0 rows (大約)
/*!40000 ALTER TABLE `materialoutwarehouse` DISABLE KEYS */;
/*!40000 ALTER TABLE `materialoutwarehouse` ENABLE KEYS */;

-- 傾印  表格 sf.materialrequisition 結構
CREATE TABLE IF NOT EXISTS `materialrequisition` (
  `materialRequisitionID` varchar(256) NOT NULL,
  `materialInWarehouseID` int(16) unsigned NOT NULL,
  `material` varchar(256) NOT NULL,
  `supplier` int(16) unsigned NOT NULL,
  `packaging` int(16) unsigned NOT NULL,
  `storedArea` varchar(8) NOT NULL,
  `requisitioningDate` datetime NOT NULL,
  `requisitioningDepartment` varchar(256) NOT NULL,
  `requisitioningMember` varchar(256) NOT NULL,
  `requisitionedPackageNumber` float unsigned NOT NULL DEFAULT 0,
  `remark` varchar(256) DEFAULT NULL,
  PRIMARY KEY (`materialRequisitionID`),
  KEY `requisitionMaterial` (`material`),
  KEY `requisitionSupplierID` (`supplier`),
  KEY `requisitionPackagingID` (`packaging`),
  KEY `requisitionMaterialInWarehouseId` (`materialInWarehouseID`),
  CONSTRAINT `requisitionMaterial` FOREIGN KEY (`material`) REFERENCES `material` (`materialID`),
  CONSTRAINT `requisitionMaterialInWarehouseId` FOREIGN KEY (`materialInWarehouseID`) REFERENCES `materialinwarehouse` (`storedMaterialID`),
  CONSTRAINT `requisitionPackagingID` FOREIGN KEY (`packaging`) REFERENCES `packaging` (`packagingID`),
  CONSTRAINT `requisitionSupplierID` FOREIGN KEY (`supplier`) REFERENCES `supplier` (`supplierID`)
) ENGINE=InnoDB DEFAULT CHARSET=utf8;

-- 正在傾印表格  sf.materialrequisition 的資料：~1,160 rows (大約)
/*!40000 ALTER TABLE `materialrequisition` DISABLE KEYS */;
REPLACE INTO `materialrequisition` (`materialRequisitionID`, `materialInWarehouseID`, `material`, `supplier`, `packaging`, `storedArea`, `requisitioningDate`, `requisitioningDepartment`, `requisitioningMember`, `requisitionedPackageNumber`, `remark`) VALUES
	('C20180724001', 239, '228A', 59, 44, 'N', '2018-07-24 08:49:50', '打料二區', '阿諾', 1200, '7'),
	('C20180724002', 236, '999M3', 193, 132, 'N', '2018-07-24 08:54:23', '打料二區', '阿諾', 600, '正常領料'),
	('C20180724003', 235, '657B', 141, 97, 'Z', '2018-07-24 09:01:34', '打料一區', '其他', 1375, '填充組- 賴玉英'),
	('C20180724004', 157, '216C', 52, 39, 'A', '2018-07-24 09:23:22', '混合區', '林坤榮', 6000, '正常領料'),
	('C20180724005', 166, '217', 53, 40, 'B', '2018-07-24 09:24:58', '混合區', '林坤榮', 1600, '正常領料'),
	('C20180724006', 209, '767T', 162, 112, 'I', '2018-07-24 09:26:31', '混合區', '林坤榮', 2000, '正常領料'),
	('C20180724007', 165, '545', 117, 83, 'B', '2018-07-24 09:28:06', '混合區', '林坤榮', 1000, '正常領料'),
	('C20180724008', 168, '216', 49, 37, 'B', '2018-07-24 09:29:17', '混合區', '林坤榮', 3000, '正常領料'),
	('C20180724009', 233, '546B', 121, 85, 'I', '2018-07-24 09:30:42', '混合區', '林坤榮', 1500, '正常領料'),
	('C20180724010', 234, '540-3', 273, 78, 'I', '2018-07-24 09:31:34', '混合區', '林坤榮', 1500, '正常領料'),
	('C20180724011', 228, '111', 20, 17, 'N', '2018-07-24 10:57:59', '打料一區', '林坤昇', 1000, '正常領料'),
	('C20180724012', 237, '999A2', 190, 129, 'M', '2018-07-24 11:18:21', '打料二區', '阿諾', 300, '正常領料'),
	('C20180724013', 250, '654B', 129, 91, 'C', '2018-07-24 11:58:17', '塗模劑區', '林景濤', 5000, '正常領料'),
	('C20180724014', 161, '654B', 129, 91, 'B', '2018-07-24 13:05:26', '品保', '其他', 70, '王怡鈞輸入錯規格'),
	('C20180724015', 201, '765', 152, 223, 'C', '2018-07-24 13:12:44', '塗模劑區', '林景濤', 2000, '正常領料'),
	('C20180724016', 177, '434A', 89, 65, 'C', '2018-07-24 13:13:42', '塗模劑區', '林景濤', 1000, '正常領料'),
	('C20180724017', 200, '439B', 106, 73, 'E', '2018-07-24 13:14:31', '塗模劑區', '林景濤', 600, '正常領料'),
	('C20180724018', 185, '202', 41, 30, 'H', '2018-07-24 13:15:10', '塗模劑區', '林景濤', 1000, '正常領料'),
	('C20180724019', 178, '434B', 92, 66, 'C', '2018-07-24 13:21:45', '塗模劑區', '林景濤', 1000, '正常領料'),
	('C20180724020', 179, '654C', 132, 92, 'C', '2018-07-24 13:24:08', '塗模劑區', '林景濤', 1250, '正常領料'),
	('C20180724021', 244, 'CFA', 277, 240, 'M', '2018-07-24 15:19:16', '打料一區', '林坤昇', 240, '正常領料'),
	('C20180724022', 240, '988C', 181, 124, 'M', '2018-07-24 15:20:27', '打料一區', '林坤昇', 900, '正常領料'),
	('C20180724023', 213, '217A', 55, 41, 'I', '2018-07-24 16:17:46', '打料二區', '阿諾', 25, '正常領料'),
	('C20180725001', 235, '657B', 141, 97, 'Z', '2018-07-25 08:24:19', '打料一區', '其他', 1375, '填充組—賴玉英'),
	('C20180725002', 244, 'CFA', 277, 240, 'M', '2018-07-25 08:58:45', '打料一區', '林坤昇', 480, '昨領料'),
	('C20180725003', 244, 'CFA', 277, 240, 'M', '2018-07-25 08:59:10', '打料一區', '林坤昇', 240, '正常領料'),
	('C20180725004', 237, '999A2', 190, 129, 'M', '2018-07-25 09:01:12', '打料二區', '阿諾', 300, '昨晚領料'),
	('C20180725005', 244, 'CFA', 277, 240, 'M', '2018-07-25 10:50:22', '打料一區', '林坤昇', 240, '正常領料'),
	('C20180725006', 260, '981', 174, 120, 'H', '2018-07-25 11:26:18', '塗模劑區', '林景濤', 1211.5, '正常領料'),
	('C20180725007', 252, '434B', 92, 66, 'C', '2018-07-25 11:28:30', '塗模劑區', '林景濤', 1000, '正常領料'),
	('C20180725008', 201, '765', 152, 223, 'C', '2018-07-25 11:30:04', '塗模劑區', '林景濤', 1000, '正常領料'),
	('C20180725009', 201, '765', 152, 223, 'C', '2018-07-25 11:30:41', '塗模劑區', '林景濤', 1000, '正常領料'),
	('C20180725010', 250, '654B', 129, 91, 'C', '2018-07-25 11:31:54', '塗模劑區', '林景濤', 2500, '正常領料'),
	('C20180725011', 181, '150', 36, 26, 'C', '2018-07-25 11:33:35', '塗模劑區', '林景濤', 1134, '正常領料'),
	('C20180725012', 245, '999MB', 194, 133, 'N', '2018-07-25 13:33:18', '打料一區', '林坤昇', 300, '正常領料'),
	('C20180725013', 245, '999MB', 194, 133, 'N', '2018-07-25 13:41:05', '打料一區', '林坤昇', 320, '正常領料'),
	('C20180725014', 244, 'CFA', 277, 240, 'M', '2018-07-25 13:44:24', '打料一區', '林坤昇', 240, '正常領料'),
	('C20180725015', 202, '765', 152, 104, 'N', '2018-07-25 13:58:58', '打料二區', '阿諾', 1500, '正常領料'),
	('C20180725016', 237, '999A2', 190, 129, 'M', '2018-07-25 14:03:12', '打料二區', '阿諾', 300, '正常領料'),
	('C20180725017', 168, '216', 49, 37, 'B', '2018-07-25 14:58:04', '混合區', '林坤榮', 3000, '正常領料'),
	('C20180725018', 157, '216C', 52, 39, 'A', '2018-07-25 14:59:33', '混合區', '林坤榮', 3000, '正常領料'),
	('C20180726001', 244, 'CFA', 277, 240, 'M', '2018-07-26 08:27:39', '打料一區', '林坤昇', 240, '正常領料'),
	('C20180726002', 240, '988C', 181, 124, 'M', '2018-07-26 08:28:49', '打料一區', '林坤昇', 900, '正常領料'),
	('C20180726003', 236, '999M3', 193, 132, 'N', '2018-07-26 08:39:26', '打料二區', '阿諾', 300, '正常領料'),
	('C20180726004', 229, '994', 185, 127, 'K', '2018-07-26 09:37:19', '樹脂區', '張建烽', 24935, '正常領料'),
	('C20180726005', 259, '767F', 160, 111, 'K', '2018-07-26 09:38:06', '樹脂區', '張建烽', 3000, '正常領料'),
	('C20180726006', 258, '113', 24, 19, 'K', '2018-07-26 10:01:00', '樹脂區', '張建烽', 5000, '正常領料'),
	('C20180726007', 196, '768', 164, 113, 'E', '2018-07-26 10:13:34', '塗模劑區', '林景濤', 25, '正常領料'),
	('C20180726008', 182, '435', 97, 68, 'C', '2018-07-26 10:14:52', '塗模劑區', '林景濤', 1000, '正常領料'),
	('C20180726009', 250, '654B', 129, 91, 'C', '2018-07-26 10:15:40', '塗模劑區', '林景濤', 5000, '正常領料'),
	('C20180726010', 232, '660', 146, 101, 'I', '2018-07-26 11:25:00', '混合區', '林坤榮', 55, '6'),
	('C20180726011', 244, 'CFA', 277, 240, 'M', '2018-07-26 11:28:21', '打料一區', '林坤昇', 240, '正常領料'),
	('C20180726012', 235, '657B', 141, 97, 'Z', '2018-07-26 11:50:54', '填充組', '賴玉英', 1375, '正常領料'),
	('C20180726013', 237, '999A2', 190, 129, 'M', '2018-07-26 13:11:50', '打料二區', '阿諾', 300, '正常領料'),
	('C20180726014', 183, '767B', 156, 108, 'D', '2018-07-26 13:39:07', '塗模劑區', '林景濤', 1300, '正常領料'),
	('C20180726015', 245, '999MB', 194, 133, 'N', '2018-07-26 13:43:06', '打料一區', '林坤昇', 320, '正常領料'),
	('C20180726016', 231, '114', 28, 21, 'K', '2018-07-26 14:46:03', '樹脂區', '張建烽', 390, '正常領料'),
	('C20180726017', 213, '217A', 55, 41, 'I', '2018-07-26 15:58:05', '打料二區', '阿諾', 75, '正常領料'),
	('C20180726018', 236, '999M3', 193, 132, 'N', '2018-07-26 15:59:14', '打料二區', '阿諾', 300, '正常領料'),
	('C20180726019', 237, '999A2', 190, 129, 'M', '2018-07-26 16:00:00', '打料二區', '阿諾', 300, '正常領料'),
	('C20180726020', 245, '999MB', 194, 133, 'N', '2018-07-26 16:06:35', '打料一區', '林坤昇', 320, '正常領料'),
	('C20180726021', 156, '216C', 51, 39, 'A', '2018-07-26 16:31:16', '混合區', '林坤榮', 5000, '正常領料'),
	('C20180727001', 244, 'CFA', 277, 240, 'M', '2018-07-27 08:25:42', '打料一區', '林坤昇', 240, '正常領料'),
	('C20180727002', 240, '988C', 181, 124, 'M', '2018-07-27 08:27:45', '打料一區', '林坤昇', 900, '正常領料'),
	('C20180727003', 168, '216', 49, 37, 'B', '2018-07-27 09:04:06', '混合區', '林坤榮', 1500, '正常領料'),
	('C20180727004', 262, '439A', 105, 72, 'E', '2018-07-27 09:17:42', '物管員', '王怡君', 800, '退貨'),
	('C20180727005', 198, '433D', 86, 64, 'E', '2018-07-27 11:14:07', '塗模劑區', '林景濤', 2000, '正常領料'),
	('C20180727006', 201, '765', 152, 223, 'C', '2018-07-27 11:15:06', '塗模劑區', '林景濤', 4000, '正常領料'),
	('C20180727007', 250, '654B', 129, 91, 'C', '2018-07-27 11:15:56', '塗模劑區', '林景濤', 5000, '正常領料'),
	('C20180727008', 180, '654H', 135, 93, 'C', '2018-07-27 11:17:18', '塗模劑區', '林景濤', 1250, '正常領料'),
	('C20180727009', 223, '874C', 169, 116, 'F', '2018-07-27 11:17:43', '塗模劑區', '林景濤', 25, '正常領料'),
	('C20180727010', 275, '217AC', 286, 246, 'Z', '2018-07-27 13:23:55', '打料二區', '林坤昇', 45, '正常領料'),
	('C20180727011', 273, '767G', 283, 250, 'Z', '2018-07-27 13:24:57', '打料一區', '林坤昇', 45, '正常領料'),
	('C20180727012', 264, '217BB', 285, 247, 'Z', '2018-07-27 13:28:14', '打料一區', '林坤昇', 53, '正常領料'),
	('C20180727013', 245, '999MB', 194, 133, 'N', '2018-07-27 13:29:20', '打料一區', '林坤昇', 320, '正常領料'),
	('C20180727014', 276, '217AC', 286, 246, 'Z', '2018-07-27 13:30:04', '打料一區', '林坤昇', 42, '正常領料'),
	('C20180727015', 170, '432A', 82, 61, 'C', '2018-07-27 14:05:40', '打料一區', '林坤昇', 300, '正常領料'),
	('C20180727016', 213, '217A', 55, 41, 'I', '2018-07-27 14:06:27', '打料一區', '林坤昇', 75, '正常領料'),
	('C20180730001', 244, 'CFA', 277, 240, 'M', '2018-07-30 08:13:02', '打料一區', '林坤昇', 240, '正常領料'),
	('C20180730002', 274, '767GB', 297, 254, 'Z', '2018-07-30 08:14:10', '打料一區', '林坤昇', 528, '正常領料'),
	('C20180730003', 156, '216C', 51, 39, 'A', '2018-07-30 08:20:46', '混合區', '林坤榮', 6000, '正常領料'),
	('C20180730004', 168, '216', 49, 37, 'B', '2018-07-30 08:22:44', '混合區', '林坤榮', 2250, '正常領料'),
	('C20180730005', 254, '216', 49, 37, 'B', '2018-07-30 08:23:21', '混合區', '林坤榮', 750, '正常領料'),
	('C20180730006', 166, '217', 53, 40, 'B', '2018-07-30 08:24:40', '混合區', '林坤榮', 1600, '正常領料'),
	('C20180730007', 277, '217BB', 285, 247, 'Z', '2018-07-30 09:17:38', '打料二區', '阿諾', 42, '正常領料'),
	('C20180730008', 236, '999M3', 193, 132, 'N', '2018-07-30 09:19:02', '打料二區', '阿諾', 300, '正常領料'),
	('C20180730009', 267, '767G', 283, 250, 'Z', '2018-07-30 09:37:32', '打料一區', '林坤昇', 46, '正常領料'),
	('C20180730010', 277, '217BB', 285, 247, 'Z', '2018-07-30 09:39:39', '打料一區', '林坤昇', 45, '正常領料'),
	('C20180730011', 280, '217', 53, 40, 'B', '2018-07-30 11:13:42', '混合區', '林坤榮', 1600, '正常領料'),
	('C20180730012', 265, '217AA', 284, 245, 'I', '2018-07-30 13:31:26', '打料二區', '阿諾', 35, '正常領料'),
	('C20180730013', 237, '999A2', 190, 129, 'M', '2018-07-30 13:32:01', '打料二區', '阿諾', 300, '正常領料'),
	('C20180730014', 244, 'CFA', 277, 240, 'M', '2018-07-30 13:37:15', '打料一區', '林坤昇', 240, '正常領料'),
	('C20180730015', 268, '767GB', 297, 254, 'Z', '2018-07-30 13:37:47', '打料一區', '林坤昇', 22, '正常領料'),
	('C20180730016', 180, '654H', 135, 93, 'C', '2018-07-30 14:58:22', '塗模劑區', '林景濤', 1250, '正常領料'),
	('C20180730017', 201, '765', 152, 223, 'C', '2018-07-30 15:01:24', '塗模劑區', '林景濤', 4000, '正常領料'),
	('C20180730018', 250, '654B', 129, 91, 'C', '2018-07-30 15:02:00', '塗模劑區', '林景濤', 2500, '正常領料'),
	('C20180730019', 184, '657', 138, 95, 'D', '2018-07-30 15:02:41', '塗模劑區', '林景濤', 2750, '正常領料'),
	('C20180730020', 252, '434B', 92, 66, 'C', '2018-07-30 15:03:32', '塗模劑區', '林景濤', 1000, '正常領料'),
	('C20180730021', 186, '877', 171, 118, 'E', '2018-07-30 15:04:08', '塗模劑區', '林景濤', 320, '正常領料'),
	('C20180730022', 285, '217BB', 285, 247, 'Z', '2018-07-30 15:34:22', '打料一區', '林坤昇', 40, '正常領料'),
	('C20180730023', 244, 'CFA', 277, 240, 'M', '2018-07-30 15:35:19', '打料一區', '林坤昇', 240, '正常領料'),
	('C20180730024', 253, '215', 48, 36, 'I', '2018-07-30 15:49:58', '混合區', '林坤榮', 1000, '正常領料'),
	('C20180730025', 209, '767T', 162, 112, 'I', '2018-07-30 15:51:05', '混合區', '林坤榮', 2000, '正常領料'),
	('C20180730026', 167, '765B', 153, 105, 'B', '2018-07-30 16:17:39', '打料二區', '阿諾', 1560, '正常領料'),
	('C20180730027', 237, '999A2', 190, 129, 'M', '2018-07-30 16:19:42', '打料二區', '阿諾', 300, '正常領料'),
	('C20180730028', 262, '439A', 105, 72, 'E', '2018-07-30 16:47:14', '混合區', '林坤榮', 850, '正常領料'),
	('C20180731001', 278, '434C', 95, 67, 'I', '2018-07-31 08:12:29', '混合區', '林坤榮', 1000, '正常領料'),
	('C20180731002', 254, '216', 49, 37, 'B', '2018-07-31 08:13:54', '混合區', '林坤榮', 3000, '正常領料'),
	('C20180731003', 158, '988', 176, 122, 'A', '2018-07-31 08:15:23', '混合區', '林坤榮', 583, '正常領料'),
	('C20180731004', 165, '545', 117, 83, 'B', '2018-07-31 08:16:01', '混合區', '林坤榮', 1000, '正常領料'),
	('C20180731005', 233, '546B', 121, 85, 'I', '2018-07-31 08:16:58', '混合區', '林坤榮', 1500, '正常領料'),
	('C20180731006', 234, '540-3', 273, 78, 'I', '2018-07-31 08:18:20', '混合區', '林坤榮', 1500, '正常領料'),
	('C20180731007', 253, '215', 48, 36, 'I', '2018-07-31 08:19:19', '混合區', '林坤榮', 2000, '正常領料'),
	('C20180731008', 276, '217AC', 286, 246, 'Z', '2018-07-31 08:52:03', '打料一區', '林坤昇', 42, '正常領料'),
	('C20180731009', 268, '767GB', 297, 254, 'Z', '2018-07-31 08:53:14', '打料一區', '林坤昇', 24, '正常領料'),
	('C20180731010', 244, 'CFA', 277, 240, 'M', '2018-07-31 08:53:51', '打料一區', '林坤昇', 240, '正常領料'),
	('C20180731011', 240, '988C', 181, 124, 'M', '2018-07-31 08:54:37', '打料一區', '林坤昇', 900, '正常領料'),
	('C20180731012', 245, '999MB', 194, 133, 'N', '2018-07-31 08:55:18', '打料一區', '林坤昇', 320, '正常領料'),
	('C20180731013', 263, '217BB', 285, 247, 'Z', '2018-07-31 08:56:24', '打料一區', '林坤昇', 48, '正常領料'),
	('C20180731014', 262, '439A', 105, 72, 'E', '2018-07-31 09:18:43', '混合區', '林坤榮', 850, '正常領料'),
	('C20180731015', 194, '439C', 107, 74, 'E', '2018-07-31 09:28:47', '塗模劑區', '林景濤', 25, '正常領料'),
	('C20180731016', 177, '434A', 89, 65, 'C', '2018-07-31 09:30:04', '塗模劑區', '林景濤', 1000, '正常領料'),
	('C20180731017', 262, '439A', 105, 72, 'E', '2018-07-31 09:30:38', '塗模劑區', '林景濤', 845, '正常領料'),
	('C20180731018', 193, '658', 142, 98, 'E', '2018-07-31 09:31:19', '塗模劑區', '林景濤', 30, '正常領料'),
	('C20180731019', 192, '766A', 154, 106, 'E', '2018-07-31 09:32:03', '塗模劑區', '林景濤', 30, '正常領料'),
	('C20180731020', 220, '224', 262, 231, 'E', '2018-07-31 09:33:07', '塗模劑區', '林景濤', 8, '正常領料'),
	('C20180731021', 257, '767T', 162, 112, 'I', '2018-07-31 09:53:39', '打料二區', '阿諾', 1000, '正常領料'),
	('C20180731022', 236, '999M3', 193, 132, 'N', '2018-07-31 09:54:23', '打料二區', '阿諾', 300, '正常領料'),
	('C20180731023', 245, '999MB', 194, 133, 'N', '2018-07-31 10:00:33', '打料一區', '林坤昇', 400, '正常領料'),
	('C20180731024', 225, '871', 167, 115, 'Z', '2018-07-31 10:01:42', '打料一區', '林坤昇', 400, '正常領料'),
	('C20180731025', 282, '657B', 141, 97, 'Z', '2018-07-31 11:15:57', '填充組', '賴玉英', 1375, '正常領料'),
	('C20180731026', 268, '767GB', 297, 254, 'Z', '2018-07-31 11:23:30', '打料一區', '林坤昇', 24, '正常領料'),
	('C20180731027', 244, 'CFA', 277, 240, 'M', '2018-07-31 11:27:52', '打料一區', '林坤昇', 240, '正常領料'),
	('C20180731028', 299, '217BB', 285, 247, 'Z', '2018-07-31 16:25:46', '打料一區', '林坤昇', 49, '正常領料'),
	('C20180801001', 167, '765B', 153, 105, 'B', '2018-08-01 08:27:01', '混合區', '林坤榮', 1440, '正常領料'),
	('C20180801002', 254, '216', 49, 37, 'B', '2018-08-01 08:27:57', '混合區', '林坤榮', 3750, '正常領料'),
	('C20180801003', 292, '216', 49, 37, 'B', '2018-08-01 08:29:06', '混合區', '林坤榮', 750, '正常領料'),
	('C20180801004', 291, '216C', 51, 39, 'A', '2018-08-01 08:30:02', '混合區', '林坤榮', 3000, '正常領料'),
	('C20180801005', 294, '767GB', 297, 254, 'I', '2018-08-01 08:32:38', '打料二區', '阿諾', 21, '正常領料'),
	('C20180801006', 244, 'CFA', 277, 240, 'M', '2018-08-01 08:36:15', '打料一區', '林坤昇', 240, '正常領料'),
	('C20180801007', 294, '767GB', 297, 254, 'I', '2018-08-01 08:36:58', '打料一區', '林坤昇', 24, '正常領料'),
	('C20180801008', 267, '767G', 283, 250, 'Z', '2018-08-01 08:37:59', '打料一區', '林坤昇', 46, '正常領料'),
	('C20180801009', 276, '217AC', 286, 246, 'Z', '2018-08-01 08:38:56', '打料一區', '林坤昇', 41, '正常領料'),
	('C20180801010', 245, '999MB', 194, 133, 'N', '2018-08-01 08:40:02', '打料一區', '林坤昇', 320, '正常領料'),
	('C20180801011', 177, '434A', 89, 65, 'C', '2018-08-01 09:18:11', '塗模劑區', '林景濤', 1000, '正常領料'),
	('C20180801012', 250, '654B', 129, 91, 'C', '2018-08-01 09:19:00', '塗模劑區', '林景濤', 1250, '正常領料'),
	('C20180801013', 194, '439C', 107, 74, 'E', '2018-08-01 09:20:06', '塗模劑區', '林景濤', 25, '正常領料'),
	('C20180801014', 284, '432', 81, 60, 'C', '2018-08-01 09:20:53', '塗模劑區', '林景濤', 1800, '正常領料'),
	('C20180801015', 182, '435', 97, 68, 'C', '2018-08-01 09:21:41', '塗模劑區', '林景濤', 1000, '正常領料'),
	('C20180801016', 186, '877', 171, 118, 'E', '2018-08-01 09:22:07', '塗模劑區', '林景濤', 160, '正常領料'),
	('C20180801017', 187, '219A', 57, 43, 'E', '2018-08-01 09:22:31', '塗模劑區', '林景濤', 172, '正常領料'),
	('C20180801018', 295, '435B', 101, 69, 'C', '2018-08-01 09:26:46', '物管員', '王怡君', 20000, '入錯料號'),
	('C20180801019', 303, '212', 45, 33, 'B', '2018-08-01 09:32:56', '樹脂區', '張建烽', 12, '正常領料'),
	('C20180801020', 304, '214', 47, 35, 'K', '2018-08-01 09:33:29', '樹脂區', '張建烽', 800, '正常領料'),
	('C20180801021', 305, '200', 40, 29, 'K', '2018-08-01 09:34:09', '樹脂區', '張建烽', 20, '正常領料'),
	('C20180801022', 228, '111', 20, 17, 'N', '2018-08-01 09:51:48', '打料二區', '阿諾', 1000, '正常領料'),
	('C20180801023', 249, '999A3', 280, 243, 'N', '2018-08-01 09:54:16', '打料二區', '阿諾', 640, '正常領料'),
	('C20180801024', 237, '999A2', 190, 129, 'M', '2018-08-01 09:55:09', '打料二區', '阿諾', 300, '正常領料'),
	('C20180801025', 236, '999M3', 193, 132, 'N', '2018-08-01 09:55:59', '打料二區', '阿諾', 300, '正常領料'),
	('C20180801026', 261, '988A', 178, 123, 'N', '2018-08-01 11:45:20', '打料二區', '阿諾', 500, '正常領料'),
	('C20180801027', 308, '217BB', 285, 247, 'Z', '2018-08-01 13:04:11', '物管員', '王怡君', 50, '重複輸入'),
	('C20180801028', 309, '217BB', 285, 247, 'Z', '2018-08-01 13:04:51', '打料二區', '阿諾', 50, '正常領料'),
	('C20180801029', 310, '217AC', 286, 246, 'I', '2018-08-01 13:09:55', '物管員', '王怡君', 44, '重複入'),
	('C20180801030', 268, '767GB', 297, 254, 'Z', '2018-08-01 14:38:36', '打料一區', '巴倫', 24, '正常領料'),
	('C20180801031', 244, 'CFA', 277, 240, 'M', '2018-08-01 14:39:45', '打料一區', '巴倫', 240, '正常領料'),
	('C20180801032', 311, '217BB', 285, 247, 'Z', '2018-08-01 14:40:22', '打料一區', '巴倫', 48, '正常領料'),
	('C20180801033', 280, '217', 53, 40, 'B', '2018-08-01 15:28:19', '混合區', '林坤榮', 800, '正常領料'),
	('C20180801034', 261, '988A', 178, 123, 'N', '2018-08-01 15:57:21', '打料二區', '阿諾', 500, '正常領料'),
	('C20180801035', 237, '999A2', 190, 129, 'M', '2018-08-01 15:58:01', '打料二區', '阿諾', 300, '正常領料'),
	('C20180802001', 167, '765B', 153, 105, 'B', '2018-08-02 08:08:50', '混合區', '林坤榮', 3000, '正常領料'),
	('C20180802002', 292, '216', 49, 37, 'B', '2018-08-02 08:10:30', '混合區', '林坤榮', 3000, '正常領料'),
	('C20180802003', 156, '216C', 51, 39, 'A', '2018-08-02 08:11:25', '混合區', '林坤榮', 6000, '正常領料'),
	('C20180802004', 280, '217', 53, 40, 'B', '2018-08-02 08:12:13', '混合區', '林坤榮', 1600, '正常領料'),
	('C20180802005', 196, '768', 164, 113, 'E', '2018-08-02 08:29:23', '塗模劑區', '林景濤', 125, '正常領料'),
	('C20180802006', 201, '765', 152, 223, 'C', '2018-08-02 08:30:31', '塗模劑區', '林景濤', 6000, '正常領料'),
	('C20180802007', 250, '654B', 129, 91, 'C', '2018-08-02 08:31:33', '塗模劑區', '林景濤', 3750, '正常領料'),
	('C20180802008', 302, '435', 98, 68, 'C', '2018-08-02 08:32:28', '塗模劑區', '林景濤', 1000, '正常領料'),
	('C20180802009', 266, '217AA', 284, 245, 'I', '2018-08-02 08:37:18', '打料二區', '阿諾', 30, '正常領料'),
	('C20180802010', 271, '767G-A1', 298, 255, 'I', '2018-08-02 08:37:53', '打料二區', '阿諾', 48, '正常領料'),
	('C20180802011', 245, '999MB', 194, 133, 'N', '2018-08-02 08:44:47', '打料一區', '林坤昇', 640, '正常領料'),
	('C20180802012', 268, '767GB', 297, 254, 'Z', '2018-08-02 08:46:19', '打料一區', '林坤昇', 24, '正常領料'),
	('C20180802013', 240, '988C', 181, 124, 'M', '2018-08-02 08:48:20', '打料一區', '林坤昇', 900, '正常領料'),
	('C20180802014', 312, '217BB', 285, 247, 'Z', '2018-08-02 08:54:01', '打料一區', '林坤昇', 45, '正常領料'),
	('C20180802015', 230, '117', 32, 23, 'K', '2018-08-02 09:31:28', '物管員', '王怡君', 16, '更改單位數'),
	('C20180802016', 280, '217', 53, 40, 'B', '2018-08-02 10:31:15', '混合區', '林坤榮', 800, '正常領料'),
	('C20180802017', 282, '657B', 141, 97, 'Z', '2018-08-02 11:14:04', '填充組', '賴玉英', 1375, '正常領料'),
	('C20180802018', 313, '432A', 82, 61, 'C', '2018-08-02 11:28:30', '打料一區', '林坤昇', 500, '正常領料'),
	('C20180802019', 213, '217A', 55, 41, 'I', '2018-08-02 11:29:08', '打料一區', '林坤昇', 125, '正常領料'),
	('C20180802020', 313, '432A', 82, 61, 'C', '2018-08-02 13:33:13', '混合區', '林坤榮', 500, '正常領料'),
	('C20180802021', 236, '999M3', 193, 132, 'N', '2018-08-02 13:56:44', '打料二區', '阿諾', 300, '正常領料'),
	('C20180802022', 237, '999A2', 190, 129, 'M', '2018-08-02 13:57:15', '打料二區', '阿諾', 300, '正常領料'),
	('C20180802023', 318, '217BB', 285, 247, 'Z', '2018-08-02 14:19:18', '打料一區', '林坤昇', 45, '正常領料'),
	('C20180802024', 319, '217BB', 285, 247, 'Z', '2018-08-02 14:20:00', '打料二區', '阿諾', 20, '正常領料'),
	('C20180802025', 298, '767GB', 297, 254, 'Z', '2018-08-02 14:30:39', '打料一區', '林坤昇', 22, '正常領料'),
	('C20180802026', 228, '111', 20, 17, 'N', '2018-08-02 15:16:28', '打料一區', '林坤昇', 1000, '正常領料'),
	('C20180802027', 245, '999MB', 194, 133, 'N', '2018-08-02 15:17:24', '打料一區', '林坤昇', 560, '正常領料'),
	('C20180802028', 156, '216C', 51, 39, 'A', '2018-08-02 15:19:06', '混合區', '林坤榮', 3000, '正常領料'),
	('C20180802029', 226, '092', 17, 15, 'Z', '2018-08-02 15:20:21', '打料一區', '胡展誌', 30, '正常領料'),
	('C20180802030', 226, '092', 17, 15, 'Z', '2018-08-02 15:23:29', '打料一區', '胡展誌', 40, '正常領料'),
	('C20180802031', 213, '217A', 55, 41, 'I', '2018-08-02 16:03:44', '混合區', '林坤榮', 150, '正常領料'),
	('C20180802032', 207, '217C', 56, 42, 'I', '2018-08-02 16:04:18', '混合區', '林坤榮', 100, '正常領料'),
	('C20180802033', 175, '019', 14, 12, 'C', '2018-08-02 16:05:08', '混合區', '林坤榮', 115, '正常領料'),
	('C20180802034', 267, '767G', 283, 250, 'Z', '2018-08-02 16:52:13', '打料一區', '林坤昇', 45, '正常領料'),
	('C20180802035', 276, '217AC', 286, 246, 'Z', '2018-08-02 16:52:45', '打料一區', '林坤昇', 41, '正常領料'),
	('C20180803001', 213, '217A', 55, 41, 'I', '2018-08-03 08:26:26', '打料二區', '阿諾', 150, '正常領料'),
	('C20180803002', 298, '767GB', 297, 254, 'Z', '2018-08-03 08:27:00', '打料二區', '阿諾', 24, '正常領料'),
	('C20180803003', 227, '999A', 189, 128, 'N', '2018-08-03 08:36:36', '打料一區', '林坤昇', 240, '正常領料'),
	('C20180803004', 236, '999M3', 193, 132, 'N', '2018-08-03 08:37:33', '打料一區', '林坤昇', 300, '正常領料'),
	('C20180803005', 245, '999MB', 194, 133, 'N', '2018-08-03 08:42:37', '打料一區', '林坤昇', 320, '正常領料'),
	('C20180803006', 276, '217AC', 286, 246, 'Z', '2018-08-03 08:45:13', '打料一區', '林坤昇', 42, '正常領料'),
	('C20180803007', 280, '217', 53, 40, 'B', '2018-08-03 09:30:10', '物管員', '王怡君', 800, '不良退料'),
	('C20180803008', 167, '765B', 153, 105, 'B', '2018-08-03 09:38:02', '打料一區', '林坤昇', 180, '正常領料'),
	('C20180803009', 319, '217BB', 285, 247, 'Z', '2018-08-03 10:29:24', '打料一區', '林坤昇', 25, '正常領料'),
	('C20180803010', 272, '767G-H4', 299, 256, 'I', '2018-08-03 10:33:18', '打料二區', '阿諾', 20, '正常領料'),
	('C20180803011', 236, '999M3', 193, 132, 'N', '2018-08-03 10:37:53', '打料二區', '阿諾', 300, '正常領料'),
	('C20180803012', 237, '999A2', 190, 129, 'M', '2018-08-03 10:42:01', '打料二區', '阿諾', 300, '正常領料'),
	('C20180803013', 326, '217BB', 285, 247, 'Z', '2018-08-03 10:43:35', '打料二區', '阿諾', 48, '正常領料'),
	('C20180803014', 208, '548', 123, 86, 'I', '2018-08-03 14:50:25', '混合區', '林坤榮', 2000, '正常領料'),
	('C20180803015', 257, '767T', 162, 112, 'I', '2018-08-03 14:51:47', '混合區', '林坤榮', 3000, '正常領料'),
	('C20180803016', 280, '217', 53, 40, 'B', '2018-08-03 14:52:21', '混合區', '林坤榮', 800, '正常領料'),
	('C20180803017', 317, '216C', 52, 39, 'A', '2018-08-03 14:53:02', '混合區', '林坤榮', 5000, '正常領料'),
	('C20180803018', 292, '216', 49, 37, 'B', '2018-08-03 14:54:02', '混合區', '林坤榮', 3000, '正常領料'),
	('C20180803019', 165, '545', 117, 83, 'B', '2018-08-03 14:54:36', '混合區', '林坤榮', 1000, '正常領料'),
	('C20180803020', 234, '540-3', 273, 78, 'I', '2018-08-03 15:37:48', '混合區', '林坤榮', 1500, '正常領料'),
	('C20180803021', 316, '767GB', 297, 254, 'Z', '2018-08-03 15:50:09', '打料一區', '林坤昇', 22, '正常領料'),
	('C20180803022', 323, '767G', 283, 250, 'Z', '2018-08-03 15:50:47', '打料一區', '林坤昇', 46, '正常領料'),
	('C20180803023', 329, '217BB', 285, 247, 'Z', '2018-08-03 15:51:59', '打料一區', '林坤昇', 45, '正常領料'),
	('C20180803024', 276, '217AC', 286, 246, 'Z', '2018-08-03 15:52:38', '打料一區', '林坤昇', 46, '正常領料'),
	('C20180803025', 240, '988C', 181, 124, 'M', '2018-08-03 15:53:05', '打料一區', '林坤昇', 900, '正常領料'),
	('C20180803026', 252, '434B', 92, 66, 'C', '2018-08-03 16:17:55', '塗模劑區', '林景濤', 1000, '正常領料'),
	('C20180806001', 322, '217AA', 284, 245, 'I', '2018-08-06 08:24:07', '打料二區', '阿諾', 30, '正常領料'),
	('C20180806002', 237, '999A2', 190, 129, 'M', '2018-08-06 08:24:38', '打料二區', '阿諾', 300, '正常領料'),
	('C20180806003', 194, '439C', 107, 74, 'E', '2018-08-06 08:25:57', '塗模劑區', '林景濤', 25, '正常領料'),
	('C20180806004', 177, '434A', 89, 65, 'C', '2018-08-06 08:27:18', '塗模劑區', '林景濤', 1000, '正常領料'),
	('C20180806005', 179, '654C', 132, 92, 'C', '2018-08-06 08:27:57', '塗模劑區', '林景濤', 1250, '正常領料'),
	('C20180806006', 181, '150', 36, 26, 'C', '2018-08-06 08:29:13', '塗模劑區', '林景濤', 1134, '正常領料'),
	('C20180806007', 325, '150', 36, 26, 'D', '2018-08-06 08:30:13', '塗模劑區', '林景濤', 1134, '正常領料'),
	('C20180806008', 183, '767B', 156, 108, 'D', '2018-08-06 08:32:53', '塗模劑區', '林景濤', 1300, '正常領料'),
	('C20180806009', 302, '435', 98, 68, 'C', '2018-08-06 08:33:59', '塗模劑區', '林景濤', 1000, '正常領料'),
	('C20180806010', 282, '657B', 141, 97, 'Z', '2018-08-06 08:47:28', '填充組', '賴玉英', 1375, '正常領料'),
	('C20180806011', 196, '768', 164, 113, 'E', '2018-08-06 08:48:28', '塗模劑區', '林景濤', 50, '正常領料'),
	('C20180806012', 280, '217', 53, 40, 'B', '2018-08-06 10:27:21', '混合區', '林坤榮', 1600, '正常領料'),
	('C20180806013', 245, '999MB', 194, 133, 'N', '2018-08-06 10:34:47', '打料一區', '林坤昇', 320, '正常領料'),
	('C20180806014', 237, '999A2', 190, 129, 'M', '2018-08-06 13:08:11', '打料二區', '阿諾', 300, '正常領料'),
	('C20180806015', 337, '767GB', 297, 254, 'Z', '2018-08-06 13:09:47', '打料一區', '林坤昇', 21, '正常領料'),
	('C20180806016', 276, '217AC', 286, 246, 'Z', '2018-08-06 13:20:52', '打料一區', '林坤昇', 47, '正常領料'),
	('C20180806017', 330, '767G', 283, 250, 'Z', '2018-08-06 13:22:11', '打料一區', '林坤昇', 46, '正常領料'),
	('C20180806018', 324, '999MB', 194, 133, 'N', '2018-08-06 13:23:41', '打料一區', '林坤昇', 320, '正常領料'),
	('C20180806019', 342, 'CFA', 277, 240, 'M', '2018-08-06 15:23:27', '打料一區', '林坤昇', 240, '正常領料'),
	('C20180806020', 340, '217BB', 285, 247, 'Z', '2018-08-06 15:24:27', '打料一區', '林坤昇', 50, '正常領料'),
	('C20180806021', 343, '216', 49, 37, 'B', '2018-08-06 16:55:59', '混合區', '林坤榮', 3000, '正常領料'),
	('C20180806022', 314, '117', 32, 258, 'K', '2018-08-06 16:59:27', '品保', '黃雅婷', 60, '正常領料'),
	('C20180807001', 239, '228A', 59, 44, 'N', '2018-08-07 08:04:15', '打料二區', '阿諾', 600, '正常領料'),
	('C20180807002', 236, '999M3', 193, 132, 'N', '2018-08-07 08:04:51', '打料二區', '阿諾', 300, '正常領料'),
	('C20180807003', 316, '767GB', 297, 254, 'Z', '2018-08-07 08:06:22', '打料二區', '阿諾', 24, '正常領料'),
	('C20180807004', 342, 'CFA', 277, 240, 'M', '2018-08-07 09:11:51', '打料一區', '林坤昇', 240, '正常領料'),
	('C20180807005', 240, '988C', 181, 124, 'M', '2018-08-07 09:13:37', '打料一區', '林坤昇', 900, '正常領料'),
	('C20180807006', 337, '767GB', 297, 254, 'Z', '2018-08-07 09:14:36', '打料一區', '林坤昇', 24, '正常領料'),
	('C20180807007', 276, '217AC', 286, 246, 'Z', '2018-08-07 09:15:35', '打料一區', '林坤昇', 38, '正常領料'),
	('C20180807008', 334, '654B', 129, 91, 'C', '2018-08-07 09:34:22', '物管員', '王怡君', 1250, '不良退料'),
	('C20180807009', 334, '654B', 129, 91, 'C', '2018-08-07 09:34:57', '物管員', '王怡君', 2500, '轉 C'),
	('C20180807010', 320, '765', 152, 223, 'C', '2018-08-07 09:37:09', '塗模劑區', '林景濤', 6000, '正常領料'),
	('C20180807011', 252, '434B', 92, 66, 'C', '2018-08-07 09:38:19', '塗模劑區', '林景濤', 1000, '正常領料'),
	('C20180807012', 177, '434A', 89, 65, 'C', '2018-08-07 09:38:44', '塗模劑區', '林景濤', 1000, '正常領料'),
	('C20180807013', 180, '654H', 135, 93, 'C', '2018-08-07 09:39:18', '塗模劑區', '林景濤', 1250, '正常領料'),
	('C20180807014', 301, '439A', 105, 72, 'E', '2018-08-07 09:39:43', '塗模劑區', '林景濤', 800, '正常領料'),
	('C20180807015', 325, '150', 36, 26, 'D', '2018-08-07 09:40:09', '塗模劑區', '林景濤', 1134, '正常領料'),
	('C20180807016', 183, '767B', 156, 108, 'D', '2018-08-07 09:40:45', '塗模劑區', '林景濤', 1300, '正常領料'),
	('C20180807017', 200, '439B', 106, 73, 'E', '2018-08-07 09:41:08', '塗模劑區', '林景濤', 600, '正常領料'),
	('C20180807018', 279, '215', 48, 36, 'I', '2018-08-07 10:15:18', '混合區', '林坤榮', 3000, '正常領料'),
	('C20180807019', 256, '325B', 69, 53, 'a', '2018-08-07 10:17:05', '混合區', '林坤榮', 1500, '正常領料'),
	('C20180807020', 233, '546B', 121, 85, 'I', '2018-08-07 10:17:30', '混合區', '林坤榮', 1500, '正常領料'),
	('C20180807021', 343, '216', 49, 37, 'B', '2018-08-07 10:18:10', '混合區', '林坤榮', 1500, '正常領料'),
	('C20180807022', 349, '988', 176, 122, 'A', '2018-08-07 10:52:38', '物管員', '王怡君', 2300, '數量有爭議'),
	('C20180807023', 352, '988', 176, 122, 'A', '2018-08-07 10:56:32', '混合區', '林坤榮', 566, '正常領料'),
	('C20180807024', 332, '767B', 156, 108, 'D', '2018-08-07 11:50:20', '物管員', '王怡君', 13000, '修改單價'),
	('C20180807025', 329, '217BB', 285, 247, 'Z', '2018-08-07 13:19:01', '打料一區', '林坤昇', 40, '正常領料'),
	('C20180807026', 348, '217BB', 285, 247, 'Z', '2018-08-07 13:20:05', '打料二區', '阿諾', 40, '正常領料'),
	('C20180807027', 237, '999A2', 190, 129, 'M', '2018-08-07 13:22:58', '打料二區', '阿諾', 300, '正常領料'),
	('C20180807028', 282, '657B', 141, 97, 'Z', '2018-08-07 13:26:48', '填充組', '賴玉英', 1375, '正常領料'),
	('C20180807029', 306, '113', 24, 19, 'K', '2018-08-07 13:33:03', '樹脂區', '張建烽', 10000, '正常領料'),
	('C20180807030', 341, '767F', 160, 111, 'K', '2018-08-07 13:33:33', '樹脂區', '張建烽', 5000, '正常領料'),
	('C20180807031', 356, '994', 184, 127, 'K', '2018-08-07 14:25:17', '物管員', '王怡君', 25038, 'Key錯數量'),
	('C20180807032', 338, '217AA', 284, 245, 'I', '2018-08-07 15:49:10', '打料二區', '阿諾', 30, '正常領料'),
	('C20180807033', 236, '999M3', 193, 132, 'N', '2018-08-07 15:49:47', '打料二區', '阿諾', 300, '正常領料'),
	('C20180807034', 342, 'CFA', 277, 240, 'M', '2018-08-07 15:58:38', '打料一區', '林坤昇', 240, '正常領料'),
	('C20180807035', 290, '217AC', 286, 246, 'Z', '2018-08-07 16:01:03', '打料一區', '林坤昇', 44, '正常領料'),
	('C20180807036', 336, '767G', 283, 250, 'Z', '2018-08-07 16:02:08', '打料一區', '林坤昇', 46, '正常領料'),
	('C20180807037', 245, '999MB', 194, 133, 'N', '2018-08-07 16:02:42', '打料一區', '林坤昇', 320, '正常領料'),
	('C20180807038', 355, '767GB', 297, 254, 'Z', '2018-08-07 16:18:47', '打料一區', '林坤昇', 22, '正常領料'),
	('C20180807039', 355, '767GB', 297, 254, 'Z', '2018-08-07 16:22:23', '打料一區', '林坤昇', 24, '正常領料'),
	('C20180807040', 342, 'CFA', 277, 240, 'M', '2018-08-07 16:22:59', '打料一區', '林坤昇', 240, '正常領料'),
	('C20180807041', 321, '217BB', 285, 247, 'Z', '2018-08-07 16:23:39', '打料一區', '林坤昇', 46, '正常領料'),
	('C20180807042', 237, '999A2', 190, 129, 'M', '2018-08-07 16:57:32', '打料二區', '阿諾', 300, '正常領料'),
	('C20180808001', 342, 'CFA', 277, 240, 'M', '2018-08-08 08:06:54', '打料二區', '阿諾', 240, '正常領料'),
	('C20180808002', 320, '765', 152, 223, 'C', '2018-08-08 08:07:25', '打料二區', '阿諾', 1000, '正常領料'),
	('C20180808003', 327, 'SLD-A2', 293, 252, 'I', '2018-08-08 08:24:37', '打料二區', '阿諾', 41, '正常領料'),
	('C20180808004', 343, '216', 49, 37, 'B', '2018-08-08 09:16:21', '混合區', '林坤榮', 6000, '正常領料'),
	('C20180808005', 317, '216C', 52, 39, 'A', '2018-08-08 09:16:57', '混合區', '林坤榮', 6000, '正常領料'),
	('C20180808006', 286, '217AC', 286, 246, 'Z', '2018-08-08 13:39:25', '打料一區', '林坤昇', 43, '正常領料'),
	('C20180808007', 364, '767G', 283, 250, 'Z', '2018-08-08 13:43:20', '打料一區', '林坤昇', 45, '正常領料'),
	('C20180808008', 245, '999MB', 194, 133, 'N', '2018-08-08 13:44:24', '打料一區', '林坤昇', 320, '正常領料'),
	('C20180808009', 240, '988C', 181, 124, 'M', '2018-08-08 13:45:11', '打料一區', '林坤昇', 900, '正常領料'),
	('C20180808010', 237, '999A2', 190, 129, 'M', '2018-08-08 13:53:25', '打料二區', '阿諾', 300, '正常領料'),
	('C20180808011', 167, '765B', 153, 105, 'B', '2018-08-08 14:17:15', '混合區', '林坤榮', 2820, '正常領料'),
	('C20180808012', 257, '767T', 162, 112, 'I', '2018-08-08 14:18:19', '混合區', '林坤榮', 2000, '正常領料'),
	('C20180808013', 342, 'CFA', 277, 240, 'M', '2018-08-08 16:49:53', '打料一區', '林坤昇', 240, '正常領料'),
	('C20180809001', 261, '988A', 178, 123, 'N', '2018-08-09 08:04:30', '打料二區', '阿諾', 1000, '正常領料'),
	('C20180809002', 237, '999A2', 190, 129, 'M', '2018-08-09 08:05:16', '打料二區', '阿諾', 20, '正常領料'),
	('C20180809003', 237, '999A2', 190, 129, 'M', '2018-08-09 08:07:11', '打料二區', '阿諾', 180, '正常領料'),
	('C20180809004', 237, '999A2', 190, 129, 'M', '2018-08-09 08:07:54', '打料二區', '阿諾', 100, '正常領料'),
	('C20180809005', 331, '767G-A1', 298, 255, 'I', '2018-08-09 08:09:01', '打料二區', '阿諾', 47, '正常領料'),
	('C20180809006', 338, '217AA', 284, 245, 'I', '2018-08-09 08:10:03', '打料二區', '阿諾', 30, '正常領料'),
	('C20180809007', 342, 'CFA', 277, 240, 'M', '2018-08-09 08:21:47', '打料一區', '林坤昇', 240, '正常領料'),
	('C20180809008', 360, '217BB', 285, 247, 'Z', '2018-08-09 08:22:31', '打料一區', '林坤昇', 50, '正常領料'),
	('C20180809009', 240, '988C', 181, 124, 'M', '2018-08-09 08:23:51', '打料一區', '林坤昇', 900, '正常領料'),
	('C20180809010', 237, '999A2', 190, 129, 'M', '2018-08-09 09:02:22', '打料二區', '阿諾', 300, '正常領料'),
	('C20180809011', 334, '654B', 129, 91, 'C', '2018-08-09 09:04:51', '塗模劑區', '林景濤', 7500, '正常領料'),
	('C20180809012', 334, '654B', 129, 91, 'C', '2018-08-09 09:11:36', '塗模劑區', '林景濤', 10000, '8'),
	('C20180809013', 320, '765', 152, 223, 'C', '2018-08-09 09:13:04', '塗模劑區', '林景濤', 4000, '正常領料'),
	('C20180809014', 178, '434B', 92, 66, 'C', '2018-08-09 09:14:46', '塗模劑區', '林景濤', 1000, '正常領料'),
	('C20180809015', 300, '877', 171, 118, 'E', '2018-08-09 09:15:40', '塗模劑區', '林景濤', 320, '正常領料'),
	('C20180809016', 325, '150', 36, 26, 'D', '2018-08-09 09:16:38', '塗模劑區', '林景濤', 1134, '正常領料'),
	('C20180809017', 283, '219A', 57, 43, 'E', '2018-08-09 09:17:27', '塗模劑區', '林景濤', 344, '正常領料'),
	('C20180809018', 276, '217AC', 286, 246, 'Z', '2018-08-09 09:24:23', '打料一區', '林坤昇', 38, '正常領料'),
	('C20180809019', 362, '767G', 283, 250, 'Z', '2018-08-09 09:25:15', '打料一區', '林坤昇', 46, '正常領料'),
	('C20180809020', 213, '217A', 55, 41, 'I', '2018-08-09 11:16:20', '打料二區', '阿諾', 50, '正常領料'),
	('C20180809021', 361, '767GB', 297, 254, 'Z', '2018-08-09 11:25:39', '打料一區', '林坤昇', 46, '正常領料'),
	('C20180809022', 342, 'CFA', 277, 240, 'M', '2018-08-09 11:28:02', '打料一區', '林坤昇', 240, '正常領料'),
	('C20180809023', 324, '999MB', 194, 133, 'N', '2018-08-09 11:29:14', '打料一區', '林坤昇', 320, '正常領料'),
	('C20180809024', 245, '999MB', 194, 133, 'N', '2018-08-09 11:30:42', '打料一區', '林坤昇', 320, '正常領料'),
	('C20180809025', 307, '217AC', 286, 246, 'Z', '2018-08-09 11:45:05', '混合區', '林坤榮', 44, '不良-領出修改'),
	('C20180809026', 342, 'CFA', 277, 240, 'M', '2018-08-09 14:01:40', '打料一區', '林坤昇', 240, '正常領料'),
	('C20180809027', 367, '217BB', 285, 247, 'Z', '2018-08-09 14:02:40', '打料一區', '林坤昇', 44, '正常領料'),
	('C20180809028', 282, '657B', 141, 97, 'Z', '2018-08-09 14:14:49', '填充組', '賴玉英', 1375, '正常領料'),
	('C20180809029', 381, '217BB', 285, 247, 'I', '2018-08-09 14:45:38', '混合區', '林坤昇', 44, '不良，領出修改'),
	('C20180809030', 257, '767T', 162, 112, 'I', '2018-08-09 16:35:55', '打料二區', '阿諾', 1000, '正常領料'),
	('C20180809031', 237, '999A2', 190, 129, 'M', '2018-08-09 16:36:56', '打料二區', '阿諾', 300, '正常領料'),
	('C20180809032', 249, '999A3', 280, 243, 'N', '2018-08-09 16:38:28', '打料二區', '阿諾', 400, '正常領料'),
	('C20180809033', 346, '767G-H4', 299, 256, 'I', '2018-08-09 16:39:19', '打料二區', '阿諾', 20, '正常領料'),
	('C20180810001', 322, '217AA', 284, 245, 'I', '2018-08-10 08:04:20', '打料二區', '阿諾', 31, '正常領料'),
	('C20180810002', 342, 'CFA', 277, 240, 'M', '2018-08-10 08:22:15', '打料一區', '林坤昇', 240, '正常領料'),
	('C20180810003', 387, '217BB', 285, 247, 'Z', '2018-08-10 08:23:08', '打料一區', '林坤昇', 48, '正常領料'),
	('C20180810004', 276, '217AC', 286, 246, 'Z', '2018-08-10 08:24:08', '打料一區', '林坤昇', 41, '正常領料'),
	('C20180810005', 334, '654B', 129, 91, 'C', '2018-08-10 09:17:19', '塗模劑區', '林景濤', 3750, '正常領料'),
	('C20180810006', 188, '112', 23, 18, 'E', '2018-08-10 09:18:23', '塗模劑區', '林景濤', 11.2, '正常領料'),
	('C20180810007', 193, '658', 142, 98, 'E', '2018-08-10 09:19:23', '塗模劑區', '林景濤', 48.2, '正常領料'),
	('C20180810008', 302, '435', 98, 68, 'C', '2018-08-10 09:20:30', '塗模劑區', '林景濤', 2000, '正常領料'),
	('C20180810009', 237, '999A2', 190, 129, 'M', '2018-08-10 09:53:48', '打料二區', '阿諾', 300, '正常領料'),
	('C20180810010', 369, '765B', 153, 105, 'B', '2018-08-10 11:24:52', '打料二區', '阿諾', 1560, '正常領料'),
	('C20180810011', 382, '540-3', 273, 78, 'I', '2018-08-10 11:25:43', '混合區', '林坤榮', 1500, '正常領料'),
	('C20180810012', 391, '217', 53, 40, 'B', '2018-08-10 13:30:25', '混合區', '林坤榮', 1600, '正常領料'),
	('C20180810013', 226, '092', 17, 15, 'Z', '2018-08-10 13:41:00', '塗模劑區', '林景濤', 35, '正常領料'),
	('C20180810014', 342, 'CFA', 277, 240, 'M', '2018-08-10 13:55:54', '打料一區', '林坤昇', 240, '正常領料'),
	('C20180810015', 378, '217A', 55, 41, 'I', '2018-08-10 16:57:07', '物管員', '王怡君', 10000, '入庫數為1000'),
	('C20180813001', 396, '217AA', 284, 245, 'I', '2018-08-13 08:06:36', '打料二區', '阿諾', 37, '正常領料'),
	('C20180813002', 237, '999A2', 190, 129, 'M', '2018-08-13 08:07:36', '打料二區', '阿諾', 300, '正常領料'),
	('C20180813003', 236, '999M3', 193, 132, 'N', '2018-08-13 08:08:32', '打料二區', '阿諾', 300, '正常領料'),
	('C20180813004', 342, 'CFA', 277, 240, 'M', '2018-08-13 08:20:02', '打料一區', '林坤昇', 240, '正常領料'),
	('C20180813005', 370, '767GB', 297, 254, 'Z', '2018-08-13 08:22:42', '打料一區', '林坤昇', 22, '正常領料'),
	('C20180813006', 354, '217BB', 285, 247, 'Z', '2018-08-13 08:23:33', '打料一區', '林坤昇', 48, '正常領料'),
	('C20180813007', 350, '988C', 181, 124, 'M', '2018-08-13 08:24:17', '打料一區', '林坤昇', 900, '正常領料'),
	('C20180813008', 391, '217', 53, 40, 'B', '2018-08-13 10:18:39', '混合區', '林坤榮', 1600, '正常領料'),
	('C20180813009', 317, '216C', 52, 39, 'A', '2018-08-13 10:19:09', '混合區', '林坤榮', 3000, '正常領料'),
	('C20180813010', 372, '545', 117, 83, 'B', '2018-08-13 10:19:56', '混合區', '林坤榮', 1000, '正常領料'),
	('C20180813011', 397, '216', 49, 37, 'B', '2018-08-13 10:21:30', '混合區', '林坤榮', 4500, '正常領料'),
	('C20180813012', 392, '215', 48, 36, 'I', '2018-08-13 10:22:02', '混合區', '林坤榮', 1000, '正常領料'),
	('C20180813013', 257, '767T', 162, 112, 'I', '2018-08-13 10:22:33', '混合區', '林坤榮', 3000, '正常領料'),
	('C20180813014', 233, '546B', 121, 85, 'I', '2018-08-13 10:23:03', '混合區', '林坤榮', 1500, '正常領料'),
	('C20180813015', 289, '548', 123, 86, 'I', '2018-08-13 10:23:30', '混合區', '林坤榮', 1000, '正常領料'),
	('C20180813016', 398, '767F', 160, 111, 'K', '2018-08-13 11:09:48', '樹脂區', '張建烽', 3000, '正常領料'),
	('C20180813017', 339, '994', 184, 127, 'K', '2018-08-13 11:10:23', '樹脂區', '張建烽', 25038, '正常領料'),
	('C20180813018', 164, '013A', 6, 6, 'B', '2018-08-13 11:35:45', '混合區', '林坤榮', 1500, '正常領料'),
	('C20180813019', 370, '767GB', 297, 254, 'Z', '2018-08-13 11:38:16', '打料二區', '阿諾', 24, '正常領料'),
	('C20180813020', 394, '767G-A1', 298, 255, 'I', '2018-08-13 11:39:42', '打料二區', '阿諾', 51, '正常領料'),
	('C20180813021', 400, '767G-A1', 298, 255, 'I', '2018-08-13 11:47:44', '打料二區', '阿諾', 48, '正常領料'),
	('C20180813022', 276, '217AC', 286, 246, 'Z', '2018-08-13 11:53:12', '打料一區', '林坤昇', 38, '正常領料'),
	('C20180813023', 342, 'CFA', 277, 240, 'M', '2018-08-13 11:54:04', '打料一區', '林坤昇', 240, '正常領料'),
	('C20180813024', 362, '767G', 283, 250, 'Z', '2018-08-13 11:54:53', '打料一區', '林坤昇', 46, '正常領料'),
	('C20180813025', 368, '767GB', 297, 254, 'Z', '2018-08-13 11:55:52', '打料一區', '林坤昇', 45, '正常領料'),
	('C20180813026', 287, '006', 1, 1, 'Z', '2018-08-13 11:56:50', '打料一區', '林坤昇', 1000, '正常領料'),
	('C20180813027', 342, 'CFA', 277, 240, 'M', '2018-08-13 12:01:43', '打料一區', '林坤昇', 240, '正常領料'),
	('C20180813028', 389, '657B', 141, 97, 'Z', '2018-08-13 15:02:53', '填充組', '賴玉英', 1375, '正常領料'),
	('C20180813029', 324, '999MB', 194, 133, 'N', '2018-08-13 15:32:26', '打料一區', '林坤昇', 320, '正常領料'),
	('C20180813030', 333, '217BB', 285, 247, 'Z', '2018-08-13 15:34:01', '打料一區', '林坤昇', 45, '正常領料'),
	('C20180813031', 276, '217AC', 286, 246, 'Z', '2018-08-13 15:35:13', '打料一區', '林坤昇', 38, '正常領料'),
	('C20180814001', 396, '217AA', 284, 245, 'I', '2018-08-14 08:09:30', '打料二區', '阿諾', 30, '正常領料'),
	('C20180814002', 403, '217BB', 285, 247, 'Z', '2018-08-14 08:10:10', '打料二區', '阿諾', 49, '正常領料'),
	('C20180814003', 383, '765', 152, 104, 'N', '2018-08-14 08:11:04', '打料二區', '阿諾', 1500, '正常領料'),
	('C20180814004', 237, '999A2', 190, 129, 'M', '2018-08-14 08:12:52', '打料二區', '阿諾', 300, '正常領料'),
	('C20180814005', 236, '999M3', 193, 132, 'N', '2018-08-14 08:13:31', '打料二區', '阿諾', 300, '正常領料'),
	('C20180814006', 276, '217AC', 286, 246, 'Z', '2018-08-14 08:29:47', '打料一區', '林坤昇', 38, '正常領料'),
	('C20180814007', 366, '767G', 283, 250, 'Z', '2018-08-14 08:31:13', '打料一區', '林坤昇', 46, '正常領料'),
	('C20180814008', 350, '988C', 181, 124, 'M', '2018-08-14 08:31:53', '打料一區', '林坤昇', 900, '正常領料'),
	('C20180814009', 342, 'CFA', 277, 240, 'M', '2018-08-14 08:40:45', '打料一區', '林坤昇', 240, '正常領料'),
	('C20180814010', 252, '434B', 92, 66, 'C', '2018-08-14 09:20:03', '塗模劑區', '林景濤', 2000, '正常領料'),
	('C20180814011', 320, '765', 152, 223, 'C', '2018-08-14 09:21:12', '塗模劑區', '林景濤', 4000, '正常領料'),
	('C20180814012', 183, '767B', 156, 108, 'D', '2018-08-14 09:21:54', '塗模劑區', '林景濤', 1300, '正常領料'),
	('C20180814013', 196, '768', 164, 113, 'E', '2018-08-14 09:22:22', '塗模劑區', '林景濤', 25, '正常領料'),
	('C20180814014', 177, '434A', 89, 65, 'C', '2018-08-14 09:22:52', '塗模劑區', '林景濤', 1000, '正常領料'),
	('C20180814015', 179, '654C', 132, 92, 'C', '2018-08-14 09:23:55', '塗模劑區', '林景濤', 1250, '正常領料'),
	('C20180814016', 194, '439C', 107, 74, 'E', '2018-08-14 11:04:20', '塗模劑區', '林景濤', 25, '正常領料'),
	('C20180814017', 335, '657', 138, 95, 'D', '2018-08-14 11:04:57', '塗模劑區', '林景濤', 1375, '正常領料'),
	('C20180814018', 317, '216C', 52, 39, 'A', '2018-08-14 11:06:25', '混合區', '林坤榮', 6000, '正常領料'),
	('C20180814019', 382, '540-3', 273, 78, 'I', '2018-08-14 11:08:34', '混合區', '林坤榮', 1500, '正常領料'),
	('C20180814020', 397, '216', 49, 37, 'B', '2018-08-14 11:09:46', '混合區', '林坤榮', 1500, '正常領料'),
	('C20180814021', 342, 'CFA', 277, 240, 'M', '2018-08-14 11:18:04', '打料二區', '阿諾', 240, '正常領料'),
	('C20180814022', 288, '217AC', 286, 246, 'Z', '2018-08-14 11:23:28', '打料一區', '林坤昇', 39, '正常領料'),
	('C20180814023', 363, '217AC', 286, 246, 'Z', '2018-08-14 11:24:01', '打料一區', '林坤昇', 33, '正常領料'),
	('C20180814024', 380, '767G', 283, 250, 'Z', '2018-08-14 11:25:17', '打料一區', '林坤昇', 46, '正常領料'),
	('C20180814025', 385, '767G', 283, 250, 'Z', '2018-08-14 11:25:45', '打料一區', '林坤昇', 46, '正常領料'),
	('C20180814026', 245, '999MB', 194, 133, 'N', '2018-08-14 13:18:37', '打料一區', '林坤昇', 320, '正常領料'),
	('C20180814027', 324, '999MB', 194, 133, 'N', '2018-08-14 13:23:52', '打料一區', '林坤昇', 160, '正常領料'),
	('C20180814028', 342, 'CFA', 277, 240, 'M', '2018-08-14 13:27:47', '打料一區', '林坤昇', 240, '正常領料'),
	('C20180814029', 391, '217', 53, 40, 'B', '2018-08-14 16:13:54', '混合區', '林坤昇', 1600, '正常領料'),
	('C20180814030', 335, '657', 138, 95, 'D', '2018-08-14 16:21:17', '塗模劑區', '林景濤', 1375, '正常領料'),
	('C20180814031', 203, '998', 257, 226, 'B', '2018-08-14 16:43:20', '混合區', '林坤榮', 0.3, '正常領料'),
	('C20180814032', 219, '987', 263, 232, 'E', '2018-08-14 16:45:00', '混合區', '林坤榮', 0.07, '正常領料'),
	('C20180814033', 222, '552', 268, 235, 'I', '2018-08-14 16:46:19', '混合區', '林坤榮', 6, '正常領料'),
	('C20180814034', 297, '438', 300, 257, 'B', '2018-08-14 16:47:39', '混合區', '林坤榮', 1.5, '正常領料'),
	('C20180814035', 191, '340', 73, 56, 'E', '2018-08-14 16:48:20', '混合區', '林坤榮', 2.25, '正常領料'),
	('C20180814036', 345, '217AC', 286, 246, 'Z', '2018-08-14 16:58:07', '打料一區', '林坤昇', 31, '正常領料'),
	('C20180814037', 350, '988C', 181, 124, 'M', '2018-08-14 16:58:38', '打料一區', '林坤昇', 900, '正常領料'),
	('C20180814038', 237, '999A2', 190, 129, 'M', '2018-08-14 16:59:49', '打料二區', '阿諾', 300, '正常領料'),
	('C20180814039', 236, '999M3', 193, 132, 'N', '2018-08-14 17:00:20', '打料二區', '阿諾', 300, '正常領料'),
	('C20180816001', 397, '216', 49, 37, 'B', '2018-08-16 08:01:34', '混合區', '林坤榮', 4500, '正常領料'),
	('C20180816002', 392, '215', 48, 36, 'I', '2018-08-16 08:02:50', '混合區', '林坤榮', 2000, '正常領料'),
	('C20180816003', 402, '217AA', 284, 245, 'I', '2018-08-16 08:08:47', '打料二區', '阿諾', 32, '正常領料'),
	('C20180816004', 237, '999A2', 190, 129, 'M', '2018-08-16 08:09:50', '打料二區', '阿諾', 300, '正常領料'),
	('C20180816005', 409, '767G-H4', 299, 256, 'I', '2018-08-16 08:10:41', '打料二區', '阿諾', 21, '正常領料'),
	('C20180816006', 236, '999M3', 193, 132, 'N', '2018-08-16 08:11:16', '打料二區', '阿諾', 300, '正常領料'),
	('C20180816007', 237, '999A2', 190, 129, 'M', '2018-08-16 08:12:36', '打料二區', '阿諾', 300, '正常領料'),
	('C20180816008', 377, '216C', 51, 39, 'A', '2018-08-16 08:24:41', '混合區', '林坤榮', 5000, '正常領料'),
	('C20180816009', 389, '657B', 141, 97, 'Z', '2018-08-16 09:02:48', '填充組', '賴玉英', 1375, '正常領料'),
	('C20180816010', 342, 'CFA', 277, 240, 'M', '2018-08-16 09:11:59', '打料一區', '林坤昇', 240, '正常領料'),
	('C20180816011', 373, '217AC', 286, 246, 'Z', '2018-08-16 09:12:43', '打料一區', '林坤昇', 44, '正常領料'),
	('C20180816012', 379, '217AC', 286, 246, 'Z', '2018-08-16 09:13:24', '打料一區', '林坤昇', 42, '正常領料'),
	('C20180816013', 408, '217AC', 286, 246, 'Z', '2018-08-16 09:13:42', '打料一區', '林坤昇', 41, '正常領料'),
	('C20180816014', 401, '767G', 283, 250, 'Z', '2018-08-16 09:14:14', '打料一區', '林坤昇', 45, '正常領料'),
	('C20180816015', 418, '767G', 283, 250, 'Z', '2018-08-16 09:14:27', '打料一區', '林坤昇', 46, '正常領料'),
	('C20180816016', 413, '217BB', 285, 247, 'Z', '2018-08-16 09:18:23', '打料一區', '林坤昇', 47, '正常領料'),
	('C20180816017', 228, '111', 20, 17, 'N', '2018-08-16 09:19:08', '打料一區', '林坤昇', 1000, '正常領料'),
	('C20180816018', 324, '999MB', 194, 133, 'N', '2018-08-16 09:24:54', '打料一區', '林坤昇', 320, '正常領料'),
	('C20180816019', 245, '999MB', 194, 133, 'N', '2018-08-16 09:25:21', '打料一區', '林坤昇', 640, '正常領料'),
	('C20180816020', 350, '988C', 181, 124, 'M', '2018-08-16 09:26:33', '打料一區', '林坤昇', 900, '正常領料'),
	('C20180816021', 417, '767GB', 297, 254, 'I', '2018-08-16 09:27:44', '打料一區', '林坤昇', 24, '正常領料'),
	('C20180816022', 414, '654B', 129, 91, 'C', '2018-08-16 09:35:49', '塗模劑區', '林景濤', 12500, '正常領料'),
	('C20180816023', 320, '765', 152, 223, 'C', '2018-08-16 09:36:27', '塗模劑區', '林景濤', 2000, '正常領料'),
	('C20180816024', 302, '435', 98, 68, 'C', '2018-08-16 09:37:07', '塗模劑區', '林景濤', 1000, '正常領料'),
	('C20180816025', 422, '320', 62, 46, 'E', '2018-08-16 09:37:34', '塗模劑區', '林景濤', 176, '正常領料'),
	('C20180816026', 421, '322A', 65, 49, 'E', '2018-08-16 09:38:00', '塗模劑區', '林景濤', 360, '正常領料'),
	('C20180816027', 180, '654H', 135, 93, 'C', '2018-08-16 09:38:24', '塗模劑區', '林景濤', 1250, '正常領料'),
	('C20180816028', 417, '767GB', 297, 254, 'I', '2018-08-16 09:39:09', '打料二區', '阿諾', 21, '正常領料'),
	('C20180816029', 369, '765B', 153, 105, 'B', '2018-08-16 09:40:10', '混合區', '林坤榮', 1440, '正常領料'),
	('C20180816030', 382, '540-3', 273, 78, 'I', '2018-08-16 09:41:12', '混合區', '林坤榮', 3000, '正常領料'),
	('C20180816031', 289, '548', 123, 86, 'I', '2018-08-16 09:41:48', '混合區', '林坤榮', 1000, '正常領料'),
	('C20180816032', 255, '215', 282, 36, 'I', '2018-08-16 09:42:17', '混合區', '林坤榮', 1180, '正常領料'),
	('C20180816033', 236, '999M3', 193, 132, 'N', '2018-08-16 10:20:45', '打料二區', '阿諾', 300, '正常領料'),
	('C20180816034', 402, '217AA', 284, 245, 'I', '2018-08-16 10:21:30', '打料二區', '阿諾', 35, '正常領料'),
	('C20180816035', 404, '767G-A1', 298, 255, 'I', '2018-08-16 10:23:03', '打料二區', '阿諾', 51, '正常領料'),
	('C20180816036', 413, '217BB', 285, 247, 'Z', '2018-08-16 10:23:32', '打料二區', '阿諾', 47, '正常領料'),
	('C20180816037', 325, '150', 36, 26, 'D', '2018-08-16 10:49:38', '塗模劑區', '林景濤', 1134, '正常領料'),
	('C20180816038', 245, '999MB', 194, 133, 'N', '2018-08-16 11:09:33', '打料一區', '林坤昇', 320, '正常領料'),
	('C20180816039', 374, '217AC', 286, 246, 'Z', '2018-08-16 11:10:41', '打料一區', '林坤昇', 320, '正常領料'),
	('C20180816040', 342, 'CFA', 277, 240, 'M', '2018-08-16 11:12:17', '打料一區', '林坤昇', 240, '正常領料'),
	('C20180816041', 426, '217BB', 285, 247, 'Z', '2018-08-16 11:15:19', '打料一區', '林坤昇', 46, '正常領料'),
	('C20180816042', 352, '988', 176, 122, 'A', '2018-08-16 13:21:25', '混合區', '林坤榮', 576, '正常領料'),
	('C20180816043', 162, '012A', 4, 4, 'B', '2018-08-16 13:31:58', '混合區', '林坤榮', 500, '正常領料'),
	('C20180816044', 424, '767GB', 297, 254, 'Z', '2018-08-16 13:34:02', '物管員', '王怡君', 45, '少入一包'),
	('C20180816045', 428, '015A', 10, 9, 'B', '2018-08-16 14:32:19', '混合區', '林坤榮', 1500, '正常領料'),
	('C20180816046', 236, '999M3', 193, 132, 'N', '2018-08-16 17:02:03', '打料二區', '阿諾', 300, '正常領料'),
	('C20180816047', 237, '999A2', 190, 129, 'M', '2018-08-16 17:02:33', '打料二區', '阿諾', 300, '正常領料'),
	('C20180816048', 342, 'CFA', 277, 240, 'M', '2018-08-16 17:03:36', '打料二區', '阿諾', 240, '正常領料'),
	('C20180817001', 393, '217AC', 286, 246, 'Z', '2018-08-17 08:20:07', '打料一區', '林坤昇', 42, '正常領料'),
	('C20180817002', 418, '767G', 283, 250, 'Z', '2018-08-17 08:20:49', '打料一區', '林坤昇', 46, '正常領料'),
	('C20180817003', 411, '217BB', 285, 247, 'Z', '2018-08-17 08:21:27', '打料一區', '林坤昇', 49, '正常領料'),
	('C20180817004', 386, '767GB', 297, 254, 'Z', '2018-08-17 08:22:11', '打料一區', '林坤昇', 22, '正常領料'),
	('C20180817005', 245, '999MB', 194, 133, 'N', '2018-08-17 08:22:57', '打料一區', '林坤昇', 16, '正常領料'),
	('C20180817006', 342, 'CFA', 277, 240, 'M', '2018-08-17 08:23:44', '打料一區', '林坤昇', 240, '正常領料'),
	('C20180817007', 245, '999MB', 194, 133, 'N', '2018-08-17 08:26:41', '打料一區', '林坤昇', 304, '正常領料'),
	('C20180817008', 284, '432', 81, 60, 'C', '2018-08-17 10:11:29', '塗模劑區', '林景濤', 1800, '正常領料'),
	('C20180817009', 347, '117', 32, 258, 'K', '2018-08-17 11:03:12', '品保', '黃雅婷', 1, '正常領料'),
	('C20180817010', 412, '767GB', 297, 254, 'I', '2018-08-17 13:19:13', '打料一區', '林坤昇', 46, '正常領料'),
	('C20180817011', 245, '999MB', 194, 133, 'N', '2018-08-17 13:20:21', '打料一區', '林坤昇', 320, '正常領料'),
	('C20180817012', 350, '988C', 181, 124, 'M', '2018-08-17 13:28:23', '打料一區', '林坤昇', 900, '正常領料'),
	('C20180817013', 405, '217AA', 284, 245, 'I', '2018-08-17 14:46:37', '打料二區', '阿諾', 32, '正常領料'),
	('C20180817014', 395, '217A', 55, 41, 'I', '2018-08-17 14:47:16', '打料二區', '阿諾', 100, '正常領料'),
	('C20180817015', 237, '999A2', 190, 129, 'M', '2018-08-17 14:49:14', '打料二區', '阿諾', 300, '正常領料'),
	('C20180817016', 261, '988A', 178, 123, 'N', '2018-08-17 14:51:58', '打料二區', '阿諾', 1000, '正常領料'),
	('C20180817017', 409, '767G-H4', 299, 256, 'I', '2018-08-17 14:53:45', '打料二區', '阿諾', 24, '正常領料'),
	('C20180817018', 389, '657B', 141, 97, 'Z', '2018-08-17 15:15:39', '填充組', '賴玉英', 1375, '正常領料'),
	('C20180817019', 435, '217BB', 285, 247, 'I', '2018-08-17 15:37:06', '打料一區', '林坤昇', 45, '正常領料'),
	('C20180820001', 237, '999A2', 190, 129, 'M', '2018-08-20 08:12:33', '打料二區', '阿諾', 300, '正常領料'),
	('C20180820002', 245, '999MB', 194, 133, 'N', '2018-08-20 08:18:53', '打料一區', '林坤昇', 320, '正常領料'),
	('C20180820003', 227, '999A', 189, 128, 'N', '2018-08-20 08:20:19', '打料一區', '林坤昇', 240, '正常領料'),
	('C20180820004', 342, 'CFA', 277, 240, 'M', '2018-08-20 08:23:11', '打料一區', '林坤昇', 240, '正常領料'),
	('C20180820005', 437, '217BB', 285, 247, 'Z', '2018-08-20 08:26:24', '打料一區', '林坤昇', 43, '正常領料'),
	('C20180820006', 177, '434A', 89, 65, 'C', '2018-08-20 09:01:59', '塗模劑區', '林景濤', 2000, '正常領料'),
	('C20180820007', 320, '765', 152, 223, 'C', '2018-08-20 09:02:30', '塗模劑區', '林景濤', 8000, '正常領料'),
	('C20180820008', 351, '654C', 132, 92, 'C', '2018-08-20 09:04:19', '塗模劑區', '林景濤', 2500, '正常領料'),
	('C20180820009', 427, '654B', 129, 91, 'C', '2018-08-20 09:05:24', '塗模劑區', '林景濤', 7500, '正常領料'),
	('C20180820010', 302, '435', 98, 68, 'C', '2018-08-20 09:06:33', '塗模劑區', '林景濤', 1000, '正常領料'),
	('C20180820011', 371, '439A', 105, 72, 'E', '2018-08-20 09:07:54', '塗模劑區', '林景濤', 800, '正常領料'),
	('C20180820012', 369, '765B', 153, 105, 'B', '2018-08-20 09:22:36', '打料一區', '林坤昇', 180, '正常領料'),
	('C20180820013', 245, '999MB', 194, 133, 'N', '2018-08-20 09:34:55', '打料一區', '林坤昇', 320, '正常領料'),
	('C20180820014', 406, '217AC', 286, 246, 'Z', '2018-08-20 09:36:07', '打料一區', '林坤昇', 43, '正常領料'),
	('C20180820015', 245, '999MB', 194, 133, 'N', '2018-08-20 09:40:02', '打料一區', '林坤昇', 320, '正常領料'),
	('C20180820016', 429, '546B', 121, 85, 'I', '2018-08-20 10:58:03', '混合區', '林坤榮', 1500, '正常領料'),
	('C20180820017', 369, '765B', 153, 105, 'B', '2018-08-20 11:00:29', '混合區', '林坤榮', 1320, '正常領料'),
	('C20180820018', 391, '217', 53, 40, 'B', '2018-08-20 11:01:10', '混合區', '林坤榮', 1600, '正常領料'),
	('C20180820019', 256, '325B', 69, 53, 'a', '2018-08-20 11:02:01', '混合區', '林坤榮', 1500, '正常領料'),
	('C20180820020', 443, '216', 49, 37, 'B', '2018-08-20 11:02:59', '混合區', '林坤榮', 3000, '正常領料'),
	('C20180820021', 163, '027', 16, 14, 'B', '2018-08-20 13:28:50', '混合區', '林坤榮', 50, '正常領料'),
	('C20180820022', 407, '027', 16, 14, 'B', '2018-08-20 13:29:18', '混合區', '林坤榮', 60, '正常領料'),
	('C20180820023', 449, '981', 173, 120, 'D', '2018-08-20 14:29:45', '塗模劑區', '林景濤', 2000, '正常領料'),
	('C20180820024', 239, '228A', 59, 44, 'N', '2018-08-20 14:41:28', '打料二區', '阿諾', 600, '正常領料'),
	('C20180820025', 377, '216C', 51, 39, 'A', '2018-08-20 14:50:39', '混合區', '林坤榮', 6000, '正常領料'),
	('C20180820026', 164, '013A', 6, 6, 'B', '2018-08-20 14:58:50', '混合區', '林坤榮', 1500, '正常領料'),
	('C20180820027', 423, '113', 24, 19, 'K', '2018-08-20 15:18:32', '樹脂區', '張建烽', 10000, '正常領料'),
	('C20180820028', 359, '994', 184, 127, 'K', '2018-08-20 15:20:02', '樹脂區', '張建烽', 25089, '正常領料'),
	('C20180820029', 448, '767F', 160, 111, 'K', '2018-08-20 15:21:26', '樹脂區', '張建烽', 5000, '正常領料'),
	('C20180820030', 231, '114', 28, 21, 'K', '2018-08-20 15:26:39', '樹脂區', '張建烽', 780, '正常領料'),
	('C20180820031', 236, '999M3', 193, 132, 'N', '2018-08-20 15:33:05', '打料二區', '阿諾', 300, '正常領料'),
	('C20180820032', 249, '999A3', 280, 243, 'N', '2018-08-20 15:36:22', '打料二區', '阿諾', 400, '正常領料'),
	('C20180820033', 376, '767T', 162, 112, 'I', '2018-08-20 15:37:00', '打料二區', '阿諾', 1000, '正常領料'),
	('C20180820034', 386, '767GB', 297, 254, 'Z', '2018-08-20 15:37:38', '打料二區', '阿諾', 24, '正常領料'),
	('C20180820035', 446, '767GB', 297, 254, 'z', '2018-08-20 15:41:59', '打料一區', '林坤昇', 22, '正常領料'),
	('C20180820036', 445, '544G', 115, 82, 'E', '2018-08-20 15:58:27', '物管員', '王怡君', 500, '入錯數量'),
	('C20180820037', 296, '209', 44, 32, 'F', '2018-08-20 16:58:28', '塗模劑區', '林景濤', 10, '正常領料'),
	('C20180821001', 342, 'CFA', 277, 240, 'M', '2018-08-21 08:04:38', '打料二區', '阿諾', 240, '正常領料'),
	('C20180821002', 237, '999A2', 190, 129, 'M', '2018-08-21 08:06:41', '打料二區', '阿諾', 300, '正常領料'),
	('C20180821003', 450, '217BB', 285, 247, 'Z', '2018-08-21 08:17:08', '打料一區', '林坤昇', 45, '正常領料'),
	('C20180821004', 431, '767G', 283, 250, 'Z', '2018-08-21 08:19:11', '打料一區', '林坤昇', 46, '正常領料'),
	('C20180821005', 245, '999MB', 194, 133, 'N', '2018-08-21 08:19:57', '打料一區', '林坤昇', 320, '正常領料'),
	('C20180821006', 342, 'CFA', 277, 240, 'M', '2018-08-21 08:21:08', '打料一區', '林坤昇', 240, '正常領料'),
	('C20180821007', 449, '981', 173, 120, 'D', '2018-08-21 09:00:42', '塗模劑區', '林景濤', 2000, '正常領料'),
	('C20180821008', 302, '435', 98, 68, 'C', '2018-08-21 09:01:17', '塗模劑區', '林景濤', 2000, '正常領料'),
	('C20180821009', 177, '434A', 89, 65, 'C', '2018-08-21 09:01:46', '塗模劑區', '林景濤', 1000, '正常領料'),
	('C20180821010', 427, '654B', 129, 91, 'C', '2018-08-21 09:02:38', '塗模劑區', '林景濤', 5000, '正常領料'),
	('C20180821011', 237, '999A2', 190, 129, 'M', '2018-08-21 11:16:14', '打料二區', '阿諾', 300, '正常領料'),
	('C20180821012', 446, '767GB', 297, 254, 'z', '2018-08-21 11:42:31', '打料一區', '林坤昇', 24, '正常領料'),
	('C20180821013', 342, 'CFA', 277, 240, 'M', '2018-08-21 11:43:32', '打料一區', '林坤昇', 240, '正常領料'),
	('C20180821014', 456, '217BB', 285, 247, 'Z', '2018-08-21 11:44:23', '打料一區', '林坤昇', 46, '正常領料'),
	('C20180821015', 388, '216C', 51, 39, 'A', '2018-08-21 11:58:57', '混合區', '林坤榮', 5000, '正常領料'),
	('C20180821016', 452, '544G', 115, 82, 'E', '2018-08-21 14:43:01', '混合區', '林坤榮', 453.6, '正常領料'),
	('C20180821017', 452, '544G', 115, 82, 'E', '2018-08-21 14:44:25', '混合區', '林坤榮', 0.00000610352, '正常領料'),
	('C20180821018', 281, '431A', 80, 59, 'E', '2018-08-21 14:45:17', '混合區', '林坤榮', 175, '正常領料'),
	('C20180821019', 281, '431A', 80, 59, 'E', '2018-08-21 15:14:06', '塗模劑區', '林景濤', 1325, '正常領料'),
	('C20180821020', 261, '988A', 178, 123, 'N', '2018-08-21 15:26:58', '打料二區', '阿諾', 1000, '正常領料'),
	('C20180821021', 434, '439A', 105, 72, 'E', '2018-08-21 15:53:03', '塗模劑區', '林景濤', 800, '正常領料'),
	('C20180821022', 451, '228A', 59, 44, 'N', '2018-08-21 16:16:26', '打料二區', '阿諾', 600, '正常領料'),
	('C20180821023', 439, '217AA', 284, 245, 'I', '2018-08-21 16:17:10', '打料二區', '阿諾', 33, '正常領料'),
	('C20180821024', 236, '999M3', 193, 132, 'N', '2018-08-21 16:17:53', '打料二區', '阿諾', 300, '正常領料'),
	('C20180821025', 430, '767GB', 297, 254, 'Z', '2018-08-21 16:32:32', '打料一區', '林坤昇', 22, '正常領料'),
	('C20180821026', 342, 'CFA', 277, 240, 'M', '2018-08-21 16:33:24', '打料一區', '林坤昇', 240, '正常領料'),
	('C20180821027', 427, '654B', 129, 91, 'C', '2018-08-21 16:37:01', '物管員', '王怡君', 2500, '不良退料'),
	('C20180822001', 455, '217BB', 285, 247, 'Z', '2018-08-22 08:07:11', '打料二區', '阿諾', 44, '正常領料'),
	('C20180822002', 342, 'CFA', 277, 240, 'M', '2018-08-22 08:19:27', '打料一區', '林坤昇', 240, '正常領料'),
	('C20180822003', 441, '217BB', 285, 247, 'I', '2018-08-22 08:20:33', '打料一區', '林坤昇', 44, '正常領料'),
	('C20180822004', 375, '217AC', 286, 246, 'Z', '2018-08-22 08:21:10', '打料一區', '林坤昇', 44, '正常領料'),
	('C20180822005', 350, '988C', 181, 124, 'M', '2018-08-22 08:22:20', '打料一區', '林坤昇', 900, '正常領料'),
	('C20180822006', 376, '767T', 162, 112, 'I', '2018-08-22 09:28:15', '混合區', '林坤榮', 3000, '正常領料'),
	('C20180822007', 194, '439C', 107, 74, 'E', '2018-08-22 09:33:07', '塗模劑區', '林景濤', 25, '正常領料'),
	('C20180822008', 434, '439A', 105, 72, 'E', '2018-08-22 09:36:02', '塗模劑區', '林景濤', 800, '正常領料'),
	('C20180822009', 335, '657', 138, 95, 'D', '2018-08-22 09:36:34', '塗模劑區', '林景濤', 1375, '正常領料'),
	('C20180822010', 427, '654B', 129, 91, 'C', '2018-08-22 09:37:14', '塗模劑區', '林景濤', 6250, '正常領料'),
	('C20180822011', 180, '654H', 135, 93, 'C', '2018-08-22 09:37:58', '塗模劑區', '林景濤', 1250, '正常領料'),
	('C20180822012', 245, '999MB', 194, 133, 'N', '2018-08-22 10:25:48', '打料二區', '阿諾', 320, '正常領料'),
	('C20180822013', 383, '765', 152, 104, 'N', '2018-08-22 10:27:17', '打料二區', '阿諾', 1500, '正常領料'),
	('C20180822014', 315, '999A2', 190, 129, 'M', '2018-08-22 11:00:45', '物管員', '王怡君', 4500, '入重複刪除'),
	('C20180822015', 237, '999A2', 190, 129, 'M', '2018-08-22 11:03:38', '打料二區', '阿諾', 300, '正常領料'),
	('C20180822016', 439, '217AA', 284, 245, 'I', '2018-08-22 11:07:34', '打料二區', '阿諾', 30, '正常領料'),
	('C20180822017', 443, '216', 49, 37, 'B', '2018-08-22 13:34:41', '混合區', '林坤榮', 1500, '正常領料'),
	('C20180822018', 465, '540-3', 273, 78, 'I', '2018-08-22 13:35:00', '混合區', '林坤榮', 1500, '正常領料'),
	('C20180822019', 430, '767GB', 297, 254, 'Z', '2018-08-22 13:35:55', '打料一區', '林坤昇', 24, '正常領料'),
	('C20180822020', 471, '217BB', 285, 247, 'Z', '2018-08-22 16:45:18', '打料一區', '林坤昇', 44, '正常領料'),
	('C20180822021', 342, 'CFA', 277, 240, 'M', '2018-08-22 16:46:04', '打料一區', '林坤昇', 240, '正常領料'),
	('C20180822022', 236, '999M3', 193, 132, 'N', '2018-08-22 16:46:37', '打料一區', '林坤昇', 300, '正常領料'),
	('C20180822023', 369, '765B', 153, 105, 'B', '2018-08-22 16:49:24', '打料一區', '林坤昇', 240, '正常領料'),
	('C20180822024', 237, '999A2', 190, 129, 'M', '2018-08-22 16:50:52', '打料二區', '阿諾', 300, '正常領料'),
	('C20180822025', 388, '216C', 51, 39, 'A', '2018-08-22 16:53:13', '混合區', '林坤榮', 6000, '正常領料'),
	('C20180822026', 391, '217', 53, 40, 'B', '2018-08-22 16:53:59', '混合區', '林坤榮', 1600, '正常領料'),
	('C20180822027', 443, '216', 49, 37, 'B', '2018-08-22 16:54:40', '混合區', '林坤榮', 1500, '正常領料'),
	('C20180822028', 369, '765B', 153, 105, 'B', '2018-08-22 17:02:00', '混合區', '林坤榮', 1500, '正常領料'),
	('C20180823001', 236, '999M3', 193, 132, 'N', '2018-08-23 08:21:40', '打料二區', '阿諾', 300, '正常領料'),
	('C20180823002', 473, '767GB', 297, 254, 'Z', '2018-08-23 08:47:03', '打料一區', '林坤昇', 21, '正常領料'),
	('C20180823003', 471, '217BB', 285, 247, 'Z', '2018-08-23 08:48:10', '打料一區', '林坤昇', 41, '正常領料'),
	('C20180823004', 245, '999MB', 194, 133, 'N', '2018-08-23 08:49:43', '打料一區', '林坤昇', 320, '正常領料'),
	('C20180823005', 427, '654B', 129, 91, 'C', '2018-08-23 09:06:13', '物管員', '王怡君', 3750, '不良退貨'),
	('C20180823006', 442, '215', 48, 36, 'I', '2018-08-23 09:14:40', '混合區', '林坤榮', 2000, '正常領料'),
	('C20180823007', 469, '217BB', 285, 247, 'Z', '2018-08-23 09:23:14', '物管員', '王怡君', 90, '重複入單'),
	('C20180823008', 347, '117', 32, 258, 'K', '2018-08-23 11:12:29', '品保', '黃雅婷', 1, '正常領料'),
	('C20180823009', 231, '114', 28, 21, 'K', '2018-08-23 11:34:18', '物管員', '王怡君', 390, '不良退料'),
	('C20180823010', 473, '767GB', 297, 254, 'Z', '2018-08-23 11:47:19', '打料一區', '林坤昇', 24, '正常領料'),
	('C20180823011', 425, '217AC', 286, 246, 'Z', '2018-08-23 11:50:35', '打料一區', '林坤昇', 43, '正常領料'),
	('C20180823012', 433, '767G', 283, 250, 'Z', '2018-08-23 11:51:14', '打料一區', '林坤昇', 46, '正常領料'),
	('C20180823013', 342, 'CFA', 277, 240, 'M', '2018-08-23 11:51:58', '打料一區', '林坤昇', 240, '正常領料'),
	('C20180823014', 479, '654B', 129, 91, 'C', '2018-08-23 13:25:06', '塗模劑區', '林景濤', 5000, '正常領料'),
	('C20180823015', 462, '217BB', 285, 247, 'Z', '2018-08-23 13:42:00', '打料一區', '林坤昇', 45, '正常領料'),
	('C20180823016', 245, '999MB', 194, 133, 'N', '2018-08-23 13:42:41', '打料一區', '林坤昇', 320, '正常領料'),
	('C20180823017', 440, '111', 20, 17, 'N', '2018-08-23 15:38:04', '打料一區', '林坤昇', 1000, '正常領料'),
	('C20180823018', 482, '217AA', 284, 245, 'I', '2018-08-23 15:46:27', '打料二區', '阿諾', 32, '正常領料'),
	('C20180823019', 482, '217AA', 284, 245, 'I', '2018-08-23 15:48:46', '打料二區', '阿諾', 15, '正常領料'),
	('C20180823020', 389, '657B', 141, 97, 'Z', '2018-08-23 15:59:37', '填充組', '賴玉英', 1375, '正常領料'),
	('C20180823021', 389, '657B', 141, 97, 'Z', '2018-08-23 16:02:32', '填充組', '賴玉英', 1375, '正常領料'),
	('C20180823022', 458, '767G-H4', 299, 256, 'I', '2018-08-23 17:02:30', '打料二區', '阿諾', 20, '正常領料'),
	('C20180827001', 485, '765', 152, 223, 'C', '2018-08-27 07:52:21', '物管員', '王怡君', 25000, '入錯數量'),
	('C20180827002', 369, '765B', 153, 105, 'B', '2018-08-27 08:08:43', '打料二區', '阿諾', 1320, '正常領料'),
	('C20180827003', 466, '999A2', 190, 129, 'M', '2018-08-27 08:09:22', '打料二區', '阿諾', 300, '正常領料'),
	('C20180827004', 438, '767G-A1', 298, 255, 'I', '2018-08-27 08:10:07', '打料二區', '阿諾', 47, '正常領料'),
	('C20180827005', 466, '999A2', 190, 129, 'M', '2018-08-27 08:11:42', '打料二區', '阿諾', 300, '正常領料8'),
	('C20180827006', 236, '999M3', 193, 132, 'N', '2018-08-27 08:12:21', '打料二區', '阿諾', 300, '正常領料8'),
	('C20180827007', 405, '217AA', 284, 245, 'I', '2018-08-27 08:13:53', '打料二區', '阿諾', 35, '正常領料'),
	('C20180827008', 395, '217A', 55, 41, 'I', '2018-08-27 08:15:10', '打料二區', '阿諾', 100, '正常領料8'),
	('C20180827009', 346, '767G-H4', 299, 256, 'I', '2018-08-27 08:15:45', '打料二區', '阿諾', 24, '正常領料8'),
	('C20180827010', 350, '988C', 181, 124, 'M', '2018-08-27 08:39:32', '打料一區', '林坤昇', 900, '正常領料'),
	('C20180827011', 342, 'CFA', 277, 240, 'M', '2018-08-27 08:40:56', '打料一區', '林坤昇', 240, '正常領料'),
	('C20180827012', 473, '767GB', 297, 254, 'Z', '2018-08-27 08:41:50', '打料一區', '林坤昇', 46, '正常領料'),
	('C20180827013', 245, '999MB', 194, 133, 'N', '2018-08-27 08:50:01', '打料一區', '林坤昇', 320, '正常領料'),
	('C20180827014', 471, '217BB', 285, 247, 'Z', '2018-08-27 08:52:03', '打料一區', '林坤昇', 45, '正常領料'),
	('C20180827015', 461, '216', 49, 37, 'B', '2018-08-27 11:15:33', '混合區', '林坤榮', 1500, '正常領料'),
	('C20180827016', 353, '767B', 301, 108, 'C', '2018-08-27 11:17:18', '塗模劑區', '林景濤', 1300, '正常領料'),
	('C20180827017', 325, '150', 36, 26, 'D', '2018-08-27 11:18:00', '塗模劑區', '林景濤', 1134, '正常領料'),
	('C20180827018', 479, '654B', 129, 91, 'C', '2018-08-27 11:18:53', '塗模劑區', '林景濤', 5000, '正常領料'),
	('C20180827019', 252, '434B', 92, 66, 'C', '2018-08-27 11:19:26', '塗模劑區', '林景濤', 4000, '正常領料'),
	('C20180827020', 328, '433D', 86, 64, 'E', '2018-08-27 11:20:09', '塗模劑區', '林景濤', 1000, '正常領料'),
	('C20180827021', 486, '765', 152, 223, 'C', '2018-08-27 11:20:37', '塗模劑區', '林景濤', 4000, '正常領料'),
	('C20180827022', 489, '434A', 88, 65, 'C', '2018-08-27 11:21:44', '塗模劑區', '林景濤', 700, '正常領料'),
	('C20180827023', 476, '217', 53, 40, 'C', '2018-08-27 13:10:09', '混合區', '林坤榮', 1600, '正常領料'),
	('C20180827024', 465, '540-3', 273, 78, 'I', '2018-08-27 13:10:34', '混合區', '林坤昇', 1500, '正常領料'),
	('C20180827025', 289, '548', 123, 86, 'I', '2018-08-27 13:11:07', '混合區', '林坤昇', 2000, '正常領料'),
	('C20180827026', 429, '546B', 121, 85, 'I', '2018-08-27 13:13:06', '混合區', '林坤榮', 1500, '正常領料'),
	('C20180827027', 261, '988A', 178, 123, 'N', '2018-08-27 13:24:50', '打料二區', '阿諾', 1000, '正常領料'),
	('C20180827028', 342, 'CFA', 277, 240, 'M', '2018-08-27 13:35:16', '打料一區', '林坤昇', 240, '正常領料'),
	('C20180827029', 245, '999MB', 194, 133, 'N', '2018-08-27 13:36:20', '打料一區', '林坤昇', 320, '正常領料'),
	('C20180827030', 491, '767G', 283, 250, 'Z', '2018-08-27 13:37:41', '打料一區', '林坤昇', 46, '正常領料'),
	('C20180827031', 483, '767G', 283, 250, 'Z', '2018-08-27 13:38:00', '打料一區', '林坤昇', 46, '正常領料'),
	('C20180827032', 472, '217AC', 286, 246, 'Z', '2018-08-27 13:40:08', '打料一區', '林坤昇', 45, '正常領料'),
	('C20180827033', 490, '217BB', 285, 247, 'I', '2018-08-27 15:59:16', '打料一區', '林坤昇', 40, '正常領料'),
	('C20180828001', 375, '217AC', 286, 246, 'Z', '2018-08-28 08:14:20', '打料一區', '巴倫', 41, '正常領料'),
	('C20180828002', 342, 'CFA', 277, 240, 'M', '2018-08-28 08:15:17', '打料一區', '巴倫', 240, '正常領料'),
	('C20180828003', 350, '988C', 181, 124, 'M', '2018-08-28 08:16:30', '打料一區', '巴倫', 900, '正常領料'),
	('C20180828004', 236, '999M3', 193, 132, 'N', '2018-08-28 08:18:04', '打料二區', '阿諾', 300, '正常領料'),
	('C20180828005', 466, '999A2', 190, 129, 'M', '2018-08-28 08:18:54', '打料二區', '阿諾', 300, '正常領料'),
	('C20180828006', 481, '767GB', 297, 254, 'Z', '2018-08-28 08:19:32', '打料二區', '阿諾', 22, '正常領料'),
	('C20180828007', 457, '332', 72, 55, 'B', '2018-08-28 08:59:43', '混合區', '林坤榮', 1000, '正常領料'),
	('C20180828008', 444, '657B', 141, 97, 'Z', '2018-08-28 09:59:08', '填充組', '賴玉英', 1375, '正常領料'),
	('C20180828009', 476, '217', 53, 40, 'C', '2018-08-28 10:00:00', '混合區', '林坤榮', 800, '正常領料'),
	('C20180828010', 227, '999A', 189, 128, 'N', '2018-08-28 10:19:24', '打料一區', '巴倫', 240, '正常領料'),
	('C20180828011', 342, 'CFA', 277, 240, 'M', '2018-08-28 10:20:13', '打料一區', '巴倫', 240, '正常領料'),
	('C20180828012', 461, '216', 49, 37, 'B', '2018-08-28 11:39:23', '混合區', '林坤榮', 3000, '正常領料'),
	('C20180828013', 493, '767G', 283, 250, 'Z', '2018-08-28 11:55:57', '打料一區', '巴倫', 46, '正常領料'),
	('C20180828014', 468, '217AC', 286, 246, 'Z', '2018-08-28 11:57:17', '打料一區', '巴倫', 42, '正常領料'),
	('C20180828015', 369, '765B', 153, 105, 'B', '2018-08-28 12:00:26', '打料一區', '巴倫', 240, '正常領料'),
	('C20180828016', 477, '216C', 51, 39, 'A', '2018-08-28 13:35:05', '混合區', '林坤榮', 6000, '正常領料'),
	('C20180828017', 376, '767T', 162, 112, 'I', '2018-08-28 13:36:57', '混合區', '林坤榮', 2000, '正常領料'),
	('C20180828018', 466, '999A2', 190, 129, 'M', '2018-08-28 13:59:40', '打料二區', '阿諾', 300, '正常領料'),
	('C20180828019', 236, '999M3', 193, 132, 'N', '2018-08-28 14:00:30', '打料二區', '阿諾', 300, '正常領料'),
	('C20180828020', 484, '217AA', 284, 245, 'I', '2018-08-28 14:05:01', '打料二區', '阿諾', 35, '正常領料'),
	('C20180828021', 494, '217BB', 285, 247, 'Z', '2018-08-28 14:06:00', '打料二區', '阿諾', 48, '正常領料'),
	('C20180828022', 481, '767GB', 297, 254, 'Z', '2018-08-28 14:17:48', '打料一區', '巴倫', 24, '正常領料'),
	('C20180828023', 453, '217BB', 285, 247, 'Z', '2018-08-28 14:18:26', '打料一區', '巴倫', 45, '正常領料'),
	('C20180828024', 460, '767G', 283, 250, 'Z', '2018-08-28 14:19:29', '打料一區', '巴倫', 45, '正常領料'),
	('C20180828025', 449, '981', 173, 120, 'D', '2018-08-28 15:13:51', '塗模劑區', '林景濤', 2000, '正常領料'),
	('C20180828026', 486, '765', 152, 223, 'C', '2018-08-28 15:14:43', '塗模劑區', '林景濤', 4000, '正常領料'),
	('C20180828027', 479, '654B', 129, 91, 'C', '2018-08-28 15:16:54', '塗模劑區', '林景濤', 5000, '正常領料'),
	('C20180828028', 194, '439C', 107, 74, 'E', '2018-08-28 15:17:37', '塗模劑區', '林景濤', 25, '正常領料'),
	('C20180828029', 185, '202', 41, 30, 'H', '2018-08-28 15:20:51', '塗模劑區', '林景濤', 1000, '正常領料'),
	('C20180828030', 342, 'CFA', 277, 240, 'M', '2018-08-28 16:47:31', '打料一區', '巴倫', 480, '正常領料'),
	('C20180828031', 459, '217AC', 286, 246, 'Z', '2018-08-28 16:48:03', '打料一區', '巴倫', 41, '正常領料'),
	('C20180828032', 493, '767G', 283, 250, 'Z', '2018-08-28 16:48:41', '打料一區', '巴倫', 45, '正常領料'),
	('C20180829001', 342, 'CFA', 277, 240, 'M', '2018-08-29 08:14:52', '打料一區', '巴倫', 240, '正常領料'),
	('C20180829002', 384, '217AC', 286, 246, 'Z', '2018-08-29 08:31:47', '打料一區', '巴倫', 48, '正常領料'),
	('C20180829003', 242, '988C', 275, 124, 'M', '2018-08-29 08:34:28', '打料一區', '巴倫', 900, '正常領料'),
	('C20180829004', 342, 'CFA', 277, 240, 'M', '2018-08-29 08:35:41', '打料一區', '巴倫', 240, '正常領料'),
	('C20180829005', 292, '216', 49, 37, 'B', '2018-08-29 08:40:38', '混合區', '林坤榮', 750, '正常領料'),
	('C20180829006', 442, '215', 48, 36, 'I', '2018-08-29 08:41:13', '混合區', '林坤榮', 3000, '正常領料'),
	('C20180829007', 256, '325B', 69, 53, 'a', '2018-08-29 08:41:38', '混合區', '林坤榮', 1500, '正常領料'),
	('C20180829008', 352, '988', 176, 122, 'A', '2018-08-29 08:42:29', '混合區', '林坤榮', 576, '正常領料'),
	('C20180829009', 429, '546B', 121, 85, 'I', '2018-08-29 08:45:31', '混合區', '林坤榮', 1500, '正常領料'),
	('C20180829010', 342, 'CFA', 277, 240, 'M', '2018-08-29 11:05:40', '打料一區', '巴倫', 240, '正常領料'),
	('C20180829011', 415, '217AC', 286, 246, 'z', '2018-08-29 11:06:56', '打料一區', '巴倫', 43, '正常領料'),
	('C20180829012', 497, '767G', 283, 250, 'Z', '2018-08-29 11:12:45', '打料一區', '巴倫', 45, '正常領料'),
	('C20180829013', 249, '999A3', 280, 243, 'N', '2018-08-29 11:17:26', '打料二區', '阿諾', 400, '正常領料'),
	('C20180829014', 466, '999A2', 190, 129, 'M', '2018-08-29 11:21:35', '打料二區', '阿諾', 300, '正常領料'),
	('C20180829015', 236, '999M3', 193, 132, 'N', '2018-08-29 11:23:10', '打料二區', '阿諾', 300, '正常領料'),
	('C20180829016', 466, '999A2', 190, 129, 'M', '2018-08-29 11:52:56', '打料二區', '阿諾', 300, '正常領料'),
	('C20180829017', 498, '767GB', 297, 254, 'Z', '2018-08-29 14:00:58', '打料一區', '巴倫', 22, '正常領料'),
	('C20180829018', 503, '217BB', 285, 247, 'Z', '2018-08-29 14:02:32', '打料一區', '巴倫', 45, '正常領料'),
	('C20180829019', 342, 'CFA', 277, 240, 'M', '2018-08-29 14:10:14', '打料一區', '巴倫', 240, '正常領料'),
	('C20180829020', 369, '765B', 153, 105, 'B', '2018-08-29 14:19:46', '混合區', '林坤榮', 1200, '正常領料'),
	('C20180829021', 474, '765B', 153, 105, 'B', '2018-08-29 14:20:38', '混合區', '林坤榮', 240, '正常領料'),
	('C20180829022', 470, '217AC', 286, 246, 'Z', '2018-08-29 16:04:04', '打料一區', '巴倫', 42, '正常領料'),
	('C20180829023', 464, '767G', 283, 250, 'Z', '2018-08-29 16:04:48', '打料一區', '巴倫', 46, '正常領料'),
	('C20180829024', 342, 'CFA', 277, 240, 'M', '2018-08-29 16:24:08', '打料一區', '巴倫', 240, '正常領料'),
	('C20180830001', 508, '767GB', 297, 254, 'Z', '2018-08-30 07:57:56', '打料二區', '阿諾', 22, '正常領料'),
	('C20180830002', 487, '217AA', 284, 245, 'I', '2018-08-30 07:58:30', '打料二區', '阿諾', 35, '正常領料'),
	('C20180830003', 496, '767G-A1', 298, 255, 'I', '2018-08-30 07:59:02', '打料二區', '阿諾', 47, '正常領料'),
	('C20180830004', 506, '999M3', 193, 132, 'N', '2018-08-30 07:59:43', '打料二區', '阿諾', 300, '正常領料'),
	('C20180830005', 342, 'CFA', 277, 240, 'M', '2018-08-30 08:00:24', '打料一區', '巴倫', 240, '正常領料'),
	('C20180830006', 479, '654B', 129, 91, 'C', '2018-08-30 08:41:56', '塗模劑區', '林景濤', 3750, '正常領料'),
	('C20180830007', 302, '435', 98, 68, 'C', '2018-08-30 08:42:27', '塗模劑區', '林景濤', 2000, '正常領料'),
	('C20180830008', 302, '435', 98, 68, 'C', '2018-08-30 08:43:34', '塗模劑區', '林景濤', 4000, '正常領料'),
	('C20180830009', 180, '654H', 135, 93, 'C', '2018-08-30 08:44:27', '塗模劑區', '林景濤', 1250, '正常領料'),
	('C20180830010', 296, '209', 44, 32, 'F', '2018-08-30 08:45:09', '塗模劑區', '林景濤', 10, '正常領料'),
	('C20180830011', 489, '434A', 88, 65, 'C', '2018-08-30 08:45:36', '塗模劑區', '林景濤', 700, '正常領料'),
	('C20180830012', 505, '432', 81, 60, 'C', '2018-08-30 08:46:21', '塗模劑區', '林景濤', 1800, '正常領料'),
	('C20180830013', 365, '439B', 106, 73, 'E', '2018-08-30 08:49:37', '塗模劑區', '林景濤', 600, '正常領料'),
	('C20180830014', 500, '113', 24, 19, 'K', '2018-08-30 09:01:43', '樹脂區', '張建烽', 10000, '正常領料'),
	('C20180830015', 501, '767F', 160, 111, 'K', '2018-08-30 09:02:19', '樹脂區', '張建烽', 5000, '正常領料'),
	('C20180830016', 399, '994', 186, 127, 'K', '2018-08-30 09:08:02', '樹脂區', '張建烽', 25075, '正常領料'),
	('C20180830017', 432, '216C', 52, 39, 'A', '2018-08-30 09:13:18', '混合區', '林坤榮', 5000, '正常領料'),
	('C20180830018', 476, '217', 53, 40, 'C', '2018-08-30 09:13:43', '混合區', '林坤榮', 2400, '正常領料'),
	('C20180830019', 447, '767G', 283, 250, 'Z', '2018-08-30 09:30:16', '打料一區', '巴倫', 46, '正常領料'),
	('C20180830020', 492, '217AC', 286, 246, 'Z', '2018-08-30 09:30:46', '打料一區', '巴倫', 42, '正常領料'),
	('C20180830021', 474, '765B', 153, 105, 'B', '2018-08-30 10:10:32', '混合區', '林坤榮', 2760, '正常領料'),
	('C20180830022', 444, '657B', 141, 97, 'Z', '2018-08-30 10:45:13', '填充組', '賴玉英', 1375, '正常領料'),
	('C20180830023', 372, '545', 117, 83, 'B', '2018-08-30 11:18:06', '混合區', '林坤榮', 1000, '正常領料'),
	('C20180830024', 278, '434C', 95, 67, 'I', '2018-08-30 11:18:39', '混合區', '林坤榮', 1000, '正常領料'),
	('C20180830025', 342, 'CFA', 277, 240, 'M', '2018-08-30 13:13:12', '打料一區', '巴倫', 480, '正常領料'),
	('C20180830026', 416, '217AC', 286, 246, 'z', '2018-08-30 13:14:23', '打料一區', '巴倫', 45, '正常領料'),
	('C20180830027', 510, '217BB', 285, 247, 'Z', '2018-08-30 15:31:32', '打料一區', '巴倫', 47, '正常領料'),
	('C20180830028', 509, '767GB', 297, 254, 'Z', '2018-08-30 15:32:05', '打料一區', '巴倫', 46, '正常領料'),
	('C20180830029', 507, '217BB', 285, 247, 'Z', '2018-08-30 15:36:49', '打料二區', '阿諾', 50, '正常領料'),
	('C20180830030', 513, '217AA', 284, 245, 'I', '2018-08-30 15:37:50', '打料二區', '阿諾', 32, '正常領料'),
	('C20180830031', 466, '999A2', 190, 129, 'M', '2018-08-30 15:39:29', '打料二區', '阿諾', 300, '正常領料'),
	('C20180830032', 511, '767G', 283, 250, 'Z', '2018-08-30 15:45:56', '打料一區', '巴倫', 46, '正常領料'),
	('C20180830033', 495, '217AC', 286, 246, 'Z', '2018-08-30 15:47:06', '打料一區', '巴倫', 46, '正常領料'),
	('C20180830034', 342, 'CFA', 277, 240, 'M', '2018-08-30 15:47:47', '打料一區', '巴倫', 240, '正常領料'),
	('C20180830035', 242, '988C', 275, 124, 'M', '2018-08-30 15:54:29', '打料一區', '巴倫', 900, '正常領料'),
	('C20180831001', 466, '999A2', 190, 129, 'M', '2018-08-31 08:09:06', '打料二區', '阿諾', 300, '正常領料'),
	('C20180831002', 236, '999M3', 193, 132, 'N', '2018-08-31 08:09:48', '打料二區', '阿諾', 300, '正常領料'),
	('C20180831003', 342, 'CFA', 277, 240, 'M', '2018-08-31 08:10:30', '打料二區', '阿諾', 240, '正常領料'),
	('C20180831004', 245, '999MB', 194, 133, 'N', '2018-08-31 08:23:29', '打料一區', '巴倫', 320, '正常領料'),
	('C20180831005', 342, 'CFA', 277, 240, 'M', '2018-08-31 08:25:58', '打料一區', '巴倫', 240, '正常領料'),
	('C20180831006', 432, '216C', 52, 39, 'A', '2018-08-31 08:36:23', '混合區', '林坤榮', 6000, '正常領料'),
	('C20180831007', 461, '216', 49, 37, 'B', '2018-08-31 08:36:49', '混合區', '林坤榮', 3000, '正常領料'),
	('C20180831008', 376, '767T', 162, 112, 'I', '2018-08-31 08:37:22', '混合區', '林坤榮', 2000, '正常領料'),
	('C20180831009', 179, '654C', 132, 92, 'C', '2018-08-31 10:41:09', '塗模劑區', '林景濤', 2500, '正常領料'),
	('C20180831010', 502, '217AC', 286, 246, 'Z', '2018-08-31 13:33:00', '打料一區', '巴倫', 42, '正常領料'),
	('C20180831011', 516, '767G', 283, 250, 'Z', '2018-08-31 13:34:16', '打料一區', '巴倫', 46, '正常領料'),
	('C20180831012', 498, '767GB', 297, 254, 'Z', '2018-08-31 13:40:00', '打料二區', '阿諾', 24, '正常領料'),
	('C20180831013', 376, '767T', 162, 112, 'I', '2018-08-31 13:43:39', '打料二區', '阿諾', 1000, '正常領料'),
	('C20180831014', 504, '767G-H4', 299, 256, 'I', '2018-08-31 13:53:33', '打料二區', '阿諾', 21, '正常領料'),
	('C20180831015', 249, '999A3', 280, 243, 'N', '2018-08-31 13:56:48', '打料二區', '阿諾', 400, '正常領料'),
	('C20180831016', 466, '999A2', 190, 129, 'M', '2018-08-31 13:58:18', '打料二區', '阿諾', 300, '正常領料'),
	('C20180903001', 236, '999M3', 193, 132, 'N', '2018-09-03 08:09:17', '打料二區', '阿諾', 300, '正常領料'),
	('C20180903002', 342, 'CFA', 277, 240, 'M', '2018-09-03 08:10:00', '打料一區', '巴倫', 240, '正常領料'),
	('C20180903003', 261, '988A', 178, 123, 'N', '2018-09-03 08:10:37', '打料一區', '巴倫', 1000, '正常領料'),
	('C20180903004', 245, '999MB', 194, 133, 'N', '2018-09-03 08:11:19', '打料一區', '巴倫', 320, '正常領料'),
	('C20180903005', 487, '217AA', 284, 245, 'I', '2018-09-03 08:12:42', '打料二區', '阿諾', 35, '正常領料'),
	('C20180903006', 466, '999A2', 190, 129, 'M', '2018-09-03 08:13:23', '打料二區', '阿諾', 300, '正常領料'),
	('C20180903007', 495, '217AC', 286, 246, 'Z', '2018-09-03 08:21:24', '打料一區', '林坤昇', 43, '正常領料'),
	('C20180903008', 517, '014B', 9, 8, 'A', '2018-09-03 08:28:42', '混合區', '林坤榮', 2000, '正常領料'),
	('C20180903009', 507, '217BB', 285, 247, 'Z', '2018-09-03 08:31:11', '打料一區', '巴倫', 51, '正常領料'),
	('C20180903010', 524, '767G', 283, 250, 'Z', '2018-09-03 08:51:20', '打料一區', '巴倫', 46, '正常領料'),
	('C20180903011', 479, '654B', 129, 91, 'C', '2018-09-03 09:18:01', '塗模劑區', '涂仕森', 3750, '正常領料'),
	('C20180903012', 328, '433D', 86, 64, 'E', '2018-09-03 09:19:44', '塗模劑區', '涂仕森', 1000, '正常領料'),
	('C20180903013', 440, '111', 20, 17, 'N', '2018-09-03 13:31:17', '打料二區', '阿諾', 1000, '正常領料'),
	('C20180903014', 236, '999M3', 193, 132, 'N', '2018-09-03 13:32:05', '打料二區', '阿諾', 300, '正常領料'),
	('C20180903015', 525, '767GB', 297, 254, 'Z', '2018-09-03 13:32:48', '打料一區', '巴倫', 22, '正常領料'),
	('C20180903016', 342, 'CFA', 277, 240, 'M', '2018-09-03 13:33:17', '打料一區', '巴倫', 480, '正常領料'),
	('C20180903017', 523, '767G', 283, 250, 'Z', '2018-09-03 13:33:56', '打料一區', '巴倫', 46, '正常領料'),
	('C20180903018', 480, '217AC', 286, 246, 'Z', '2018-09-03 13:35:11', '打料一區', '巴倫', 43, '正常領料'),
	('C20180903019', 488, '767G-A1', 298, 255, 'I', '2018-09-03 14:43:05', '打料二區', '阿諾', 47, '正常領料'),
	('C20180903020', 395, '217A', 55, 41, 'I', '2018-09-03 14:44:38', '打料二區', '阿諾', 75, '正常領料'),
	('C20180903021', 526, '217BB', 285, 247, 'Z', '2018-09-03 14:46:24', '打料二區', '阿諾', 45, '正常領料'),
	('C20180903022', 521, '217BB', 285, 247, 'Z', '2018-09-03 14:52:01', '打料一區', '巴倫', 45, '正常領料'),
	('C20180903023', 245, '999MB', 194, 133, 'N', '2018-09-03 14:54:11', '打料一區', '巴倫', 320, '正常領料'),
	('C20180903024', 432, '216C', 52, 39, 'A', '2018-09-03 15:11:11', '混合區', '林坤榮', 3000, '正常領料'),
	('C20180903025', 479, '654B', 129, 91, 'C', '2018-09-03 16:17:35', '塗模劑區', '涂仕森', 2500, '正常領料'),
	('C20180903026', 347, '117', 32, 258, 'K', '2018-09-03 16:20:33', '品保', '黃雅婷', 1, '正常領料'),
	('C20180904001', 531, '999MB', 194, 133, 'N', '2018-09-04 08:13:54', '打料一區', '林坤昇', 300, '正常領料'),
	('C20180904002', 463, '217AC', 286, 246, 'Z', '2018-09-04 08:15:54', '打料一區', '林坤昇', 43, '正常領料'),
	('C20180904003', 519, '217AC', 286, 246, 'Z', '2018-09-04 08:16:12', '打料一區', '林坤昇', 42, '正常領料'),
	('C20180904004', 532, '217AC', 286, 246, 'Z', '2018-09-04 08:16:26', '打料一區', '林坤昇', 39, '正常領料'),
	('C20180904005', 342, 'CFA', 277, 240, 'M', '2018-09-04 08:17:38', '打料一區', '林坤昇', 240, '正常領料'),
	('C20180904006', 514, '767G', 283, 250, 'Z', '2018-09-04 08:20:17', '打料一區', '林坤昇', 46, '正常領料'),
	('C20180904007', 527, '988C', 181, 124, 'M', '2018-09-04 08:21:30', '打料一區', '巴倫', 900, '正常領料昨晚'),
	('C20180904008', 508, '767GB', 297, 254, 'Z', '2018-09-04 08:24:25', '打料一區', '巴倫', 24, '正常領料昨晚'),
	('C20180904009', 525, '767GB', 297, 254, 'Z', '2018-09-04 08:24:47', '打料二區', '阿諾', 24, '正常領料'),
	('C20180904010', 261, '988A', 178, 123, 'N', '2018-09-04 08:26:51', '打料二區', '阿諾', 1000, '正常領料'),
	('C20180904011', 515, '217AA', 284, 245, 'I', '2018-09-04 08:27:20', '打料二區', '阿諾', 35, '正常領料'),
	('C20180904012', 236, '999M3', 193, 132, 'N', '2018-09-04 08:28:41', '打料二區', '阿諾', 600, '正常領料'),
	('C20180904013', 466, '999A2', 190, 129, 'M', '2018-09-04 08:30:22', '打料二區', '阿諾', 300, '正常領料'),
	('C20180904014', 376, '767T', 162, 112, 'I', '2018-09-04 09:11:06', '混合區', '林坤榮', 1000, '正常領料'),
	('C20180904015', 432, '216C', 52, 39, 'A', '2018-09-04 09:11:41', '混合區', '林坤榮', 6000, '正常領料'),
	('C20180904016', 194, '439C', 107, 74, 'E', '2018-09-04 09:13:18', '塗模劑區', '林景濤', 50, '正常領料'),
	('C20180904017', 522, '657B', 141, 97, 'Z', '2018-09-04 09:19:06', '填充組', '賴玉英', 1375, '正常領料'),
	('C20180904018', 536, '215', 48, 36, 'I', '2018-09-04 11:30:11', '混合區', '林坤榮', 2000, '正常領料'),
	('C20180904019', 499, '217BB', 285, 247, 'Z', '2018-09-04 11:39:53', '打料一區', '林坤昇', 48, '正常領料'),
	('C20180904020', 489, '434A', 88, 65, 'C', '2018-09-04 14:19:38', '塗模劑區', '林景濤', 1400, '正常領料'),
	('C20180904021', 486, '765', 152, 223, 'C', '2018-09-04 14:33:58', '塗模劑區', '林景濤', 6000, '正常領料'),
	('C20180904022', 486, '765', 152, 223, 'C', '2018-09-04 14:39:40', '塗模劑區', '林景濤', 2000, '正常領料'),
	('C20180904023', 528, 'CFA', 277, 240, 'N', '2018-09-04 14:49:43', '打料一區', '林坤昇', 240, '正常領料'),
	('C20180904024', 245, '999MB', 194, 133, 'N', '2018-09-04 14:53:40', '打料一區', '林坤昇', 320, '正常領料'),
	('C20180904025', 474, '765B', 153, 105, 'B', '2018-09-04 15:10:56', '混合區', '林坤榮', 3000, '正常領料'),
	('C20180904026', 537, '217', 53, 40, 'B', '2018-09-04 15:11:38', '混合區', '林坤榮', 2400, '正常領料'),
	('C20180904027', 461, '216', 49, 37, 'B', '2018-09-04 15:12:06', '混合區', '林坤榮', 3000, '正常領料'),
	('C20180904028', 429, '546B', 121, 85, 'I', '2018-09-04 15:12:33', '混合區', '林坤榮', 1500, '正常領料'),
	('C20180904029', 358, '548', 123, 86, 'I', '2018-09-04 15:18:20', '混合區', '林坤榮', 2000, '正常領料'),
	('C20180904030', 465, '540-3', 273, 78, 'I', '2018-09-04 15:18:58', '混合區', '林坤榮', 1500, '正常領料'),
	('C20180904031', 261, '988A', 178, 123, 'N', '2018-09-04 16:01:09', '打料二區', '阿諾', 1000, '正常領料-過篩'),
	('C20180904032', 236, '999M3', 193, 132, 'N', '2018-09-04 16:19:24', '打料二區', '阿諾', 300, '正常領料'),
	('C20180904033', 512, '217BB', 285, 247, 'Z', '2018-09-04 16:20:03', '打料二區', '阿諾', 44, '正常領料'),
	('C20180905001', 466, '999A2', 190, 129, 'M', '2018-09-05 07:49:10', '打料二區', '阿諾', 300, '正常領料'),
	('C20180905002', 245, '999MB', 194, 133, 'N', '2018-09-05 07:50:49', '打料一區', '林坤昇', 320, '正常領料'),
	('C20180905003', 529, '767GB', 297, 254, 'Z', '2018-09-05 07:58:42', '打料一區', '林坤昇', 21, '正常領料'),
	('C20180905004', 520, '217BB', 285, 247, 'Z', '2018-09-05 07:59:29', '打料一區', '林坤昇', 48, '正常領料'),
	('C20180905005', 548, '217AC', 286, 246, 'Z', '2018-09-05 08:00:17', '打料一區', '林坤昇', 39, '正常領料'),
	('C20180905006', 514, '767G', 283, 250, 'Z', '2018-09-05 08:01:02', '打料一區', '林坤昇', 45, '正常領料'),
	('C20180905007', 528, 'CFA', 277, 240, 'N', '2018-09-05 08:07:01', '打料一區', '林坤昇', 240, '正常領料'),
	('C20180905008', 475, '767T', 162, 112, 'I', '2018-09-05 08:21:42', '混合區', '林坤榮', 8000, '正常領料'),
	('C20180905009', 550, '216C', 51, 39, 'A', '2018-09-05 09:15:06', '混合區', '張建烽', 6000, '正常領料'),
	('C20180905010', 527, '988C', 181, 124, 'M', '2018-09-05 10:48:13', '打料一區', '林坤昇', 900, '正常領料'),
	('C20180905011', 440, '111', 20, 17, 'N', '2018-09-05 11:04:58', '打料一區', '林坤昇', 1000, '正常領料'),
	('C20180905012', 552, '217AC', 286, 246, 'Z', '2018-09-05 11:05:42', '打料一區', '林坤昇', 38, '正常領料'),
	('C20180905013', 547, '767G', 283, 250, 'Z', '2018-09-05 11:06:57', '打料一區', '林坤昇', 46, '正常領料'),
	('C20180905014', 245, '999MB', 194, 133, 'N', '2018-09-05 11:07:57', '打料一區', '林坤昇', 320, '正常領料'),
	('C20180905015', 194, '439C', 107, 74, 'E', '2018-09-05 11:35:28', '塗模劑區', '林景濤', 25, '正常領料'),
	('C20180905016', 543, '435', 98, 68, 'C', '2018-09-05 11:36:12', '塗模劑區', '林景濤', 1000, '正常領料'),
	('C20180905017', 335, '657', 138, 95, 'D', '2018-09-05 11:36:58', '塗模劑區', '林景濤', 2750, '正常領料'),
	('C20180905018', 543, '435', 98, 68, 'C', '2018-09-05 11:53:45', '塗模劑區', '林景濤', 1000, '正常領料'),
	('C20180905019', 486, '765', 152, 223, 'C', '2018-09-05 13:19:57', '打料二區', '阿諾', 1000, '正常領料'),
	('C20180905020', 236, '999M3', 193, 132, 'N', '2018-09-05 13:22:01', '打料二區', '阿諾', 300, '正常領料'),
	('C20180905021', 529, '767GB', 297, 254, 'Z', '2018-09-05 13:30:32', '打料二區', '阿諾', 22, '正常領料'),
	('C20180905022', 515, '217AA', 284, 245, 'I', '2018-09-05 13:31:04', '打料二區', '阿諾', 35, '正常領料'),
	('C20180905023', 528, 'CFA', 277, 240, 'N', '2018-09-05 13:48:07', '打料一區', '林坤昇', 240, '正常領料'),
	('C20180905024', 529, '767GB', 297, 254, 'Z', '2018-09-05 13:48:40', '打料一區', '林坤昇', 24, '正常領料'),
	('C20180905025', 449, '981', 173, 120, 'D', '2018-09-05 14:49:50', '塗模劑區', '林景濤', 950, '正常領料'),
	('C20180905026', 489, '434A', 88, 65, 'C', '2018-09-05 14:51:06', '塗模劑區', '林景濤', 700, '正常領料'),
	('C20180905027', 191, '340', 73, 56, 'E', '2018-09-05 15:00:19', '混合區', '林坤榮', 122.75, '正常領料'),
	('C20180905028', 395, '217A', 55, 41, 'I', '2018-09-05 15:32:38', '研發', '其他', 25, '領料'),
	('C20180905029', 522, '657B', 141, 97, 'Z', '2018-09-05 16:10:34', '填充組', '賴玉英', 1375, '正常領料'),
	('C20180905030', 521, '217BB', 285, 247, 'Z', '2018-09-05 16:48:25', '打料一區', '林坤昇', 47, '正常領料'),
	('C20180905031', 548, '217AC', 286, 246, 'Z', '2018-09-05 16:49:14', '打料一區', '林坤昇', 39, '正常領料'),
	('C20180905032', 527, '988C', 181, 124, 'M', '2018-09-05 16:50:24', '打料一區', '林坤昇', 900, '正常領料'),
	('C20180905033', 245, '999MB', 194, 133, 'N', '2018-09-05 16:51:03', '打料一區', '林坤昇', 320, '正常領料'),
	('C20180906001', 245, '999MB', 194, 133, 'N', '2018-09-06 08:09:10', '打料一區', '林坤昇', 320, '正常領料'),
	('C20180906002', 466, '999A2', 190, 129, 'M', '2018-09-06 08:11:22', '打料二區', '阿諾', 300, '正常領料'),
	('C20180906003', 545, '217BB', 285, 247, 'Z', '2018-09-06 08:15:23', '打料二區', '阿諾', 40, '正常領料'),
	('C20180906004', 287, '006', 1, 1, 'Z', '2018-09-06 08:21:44', '打料一區', '林坤昇', 1000, '正常領料'),
	('C20180906005', 529, '767GB', 297, 254, 'Z', '2018-09-06 08:26:19', '打料一區', '林坤昇', 24, '正常領料'),
	('C20180906006', 550, '216C', 51, 39, 'A', '2018-09-06 08:51:10', '混合區', '林坤榮', 5000, '正常領料'),
	('C20180906007', 465, '540-3', 273, 78, 'I', '2018-09-06 08:51:37', '混合區', '林坤榮', 1500, '正常領料'),
	('C20180906008', 505, '432', 81, 60, 'C', '2018-09-06 09:05:00', '塗模劑區', '林景濤', 1800, '正常領料'),
	('C20180906009', 486, '765', 152, 223, 'C', '2018-09-06 09:05:35', '塗模劑區', '林景濤', 3000, '正常領料'),
	('C20180906010', 486, '765', 152, 223, 'C', '2018-09-06 09:06:27', '塗模劑區', '林景濤', 700, '正常領料'),
	('C20180906011', 489, '434A', 88, 65, 'C', '2018-09-06 09:07:43', '塗模劑區', '林景濤', 700, '正常領料'),
	('C20180906012', 518, '439A', 105, 72, 'E', '2018-09-06 09:10:10', '塗模劑區', '林景濤', 800, '正常領料'),
	('C20180906013', 179, '654C', 132, 92, 'C', '2018-09-06 09:10:54', '塗模劑區', '林景濤', 2500, '正常領料'),
	('C20180906014', 449, '981', 173, 120, 'D', '2018-09-06 09:12:24', '塗模劑區', '林景濤', 1000, '正常領料'),
	('C20180906015', 185, '202', 41, 30, 'H', '2018-09-06 09:20:22', '塗模劑區', '林景濤', 1000, '正常領料'),
	('C20180906016', 220, '224', 262, 231, 'E', '2018-09-06 09:56:03', '塗模劑區', '林景濤', 10, '補領'),
	('C20180906017', 538, '217BB', 285, 247, 'Z', '2018-09-06 10:22:17', '打料一區', '林坤昇', 40, '正常領料'),
	('C20180906018', 528, 'CFA', 277, 240, 'N', '2018-09-06 10:22:58', '打料一區', '林坤昇', 240, '正常領料'),
	('C20180906019', 407, '027', 16, 14, 'B', '2018-09-06 13:09:46', '混合區', '林坤榮', 40, '正常領料'),
	('C20180906020', 191, '340', 73, 56, 'E', '2018-09-06 13:10:14', '混合區', '林坤榮', 105, '正常領料'),
	('C20180906021', 236, '999M3', 193, 132, 'N', '2018-09-06 13:24:51', '打料二區', '阿諾', 20, '正常領料'),
	('C20180906022', 236, '999M3', 193, 132, 'N', '2018-09-06 13:27:00', '打料二區', '阿諾', 280, '正常領料'),
	('C20180906023', 454, '331A', 303, 259, 'N', '2018-09-06 13:27:35', '打料二區', '阿諾', 400, '正常領料'),
	('C20180906024', 466, '999A2', 190, 129, 'M', '2018-09-06 13:28:00', '打料二區', '阿諾', 300, '正常領料'),
	('C20180906025', 559, '767GB', 297, 254, 'I', '2018-09-06 13:28:49', '打料二區', '阿諾', 22, '正常領料'),
	('C20180906026', 542, '217BB', 285, 247, 'Z', '2018-09-06 13:30:20', '打料二區', '阿諾', 40, '正常領料'),
	('C20180906027', 542, '217BB', 285, 247, 'Z', '2018-09-06 13:36:21', '打料一區', '林坤昇', 40, '正常領料'),
	('C20180906028', 207, '217C', 56, 42, 'I', '2018-09-06 14:02:42', '研發', '其他', 20, '領料'),
	('C20180906029', 193, '658', 142, 98, 'E', '2018-09-06 14:03:11', '研發', '其他', 2, '領料'),
	('C20180906030', 353, '767B', 301, 108, 'C', '2018-09-06 15:13:44', '塗模劑區', '林景濤', 2600, '正常領料'),
	('C20180906031', 325, '150', 36, 26, 'D', '2018-09-06 15:14:20', '塗模劑區', '林景濤', 1134, '正常領料'),
	('C20180906032', 569, '217AC', 286, 246, 'Z', '2018-09-06 15:26:27', '打料一區', '林坤昇', 42, '正常領料'),
	('C20180906033', 535, '217BB', 285, 247, 'Z', '2018-09-06 16:51:40', '打料一區', '林坤昇', 42, '正常領料'),
	('C20180906034', 561, '767GB', 297, 254, 'Z', '2018-09-06 16:52:28', '打料一區', '林坤昇', 22, '正常領料'),
	('C20180906035', 544, '217AC', 286, 246, 'Z', '2018-09-06 16:56:01', '打料一區', '林坤昇', 38, '正常領料'),
	('C20180906036', 546, '767G', 283, 250, 'Z', '2018-09-06 16:57:02', '打料一區', '林坤昇', 92, '正常領料'),
	('C20180906037', 245, '999MB', 194, 133, 'N', '2018-09-06 16:57:55', '打料一區', '林坤昇', 320, '正常領料'),
	('C20180907001', 572, '999M3', 193, 132, 'N', '2018-09-07 08:28:44', '打料二區', '阿諾', 600, '領料'),
	('C20180907002', 559, '767GB', 297, 254, 'I', '2018-09-07 08:29:58', '打料二區', '阿諾', 24, '領料'),
	('C20180907003', 533, '217BB', 285, 247, 'Z', '2018-09-07 08:31:23', '打料二區', '阿諾', 43, '領料'),
	('C20180907004', 528, 'CFA', 277, 240, 'N', '2018-09-07 08:31:48', '打料二區', '巴倫', 240, '正常領料'),
	('C20180907005', 551, '217BB', 285, 247, 'Z', '2018-09-07 08:33:27', '打料一區', '林坤昇', 40, '正常領料'),
	('C20180907006', 561, '767GB', 297, 254, 'Z', '2018-09-07 08:34:08', '打料一區', '林坤昇', 24, '正常領料'),
	('C20180907007', 528, 'CFA', 277, 240, 'N', '2018-09-07 08:34:49', '打料一區', '林坤昇', 240, '正常領料'),
	('C20180907008', 522, '657B', 141, 97, 'Z', '2018-09-07 08:37:26', '填充組', '賴玉英', 1375, '正常領料'),
	('C20180907009', 568, '216C', 52, 39, 'A', '2018-09-07 09:44:14', '混合區', '林坤榮', 6000, '正常領料'),
	('C20180907010', 531, '999MB', 194, 133, 'N', '2018-09-07 10:52:37', '打料一區', '林坤昇', 320, '正常領料'),
	('C20180907011', 528, 'CFA', 277, 240, 'N', '2018-09-07 10:53:47', '打料一區', '林坤昇', 240, '正常領料'),
	('C20180907012', 567, '216', 305, 37, 'B', '2018-09-07 11:13:33', '混合區', '林坤榮', 1500, '正常領料'),
	('C20180907013', 474, '765B', 153, 105, 'B', '2018-09-07 11:14:10', '混合區', '林坤榮', 3000, '正常領料'),
	('C20180907014', 475, '767T', 162, 112, 'I', '2018-09-07 11:14:42', '混合區', '林坤榮', 2000, '正常領料'),
	('C20180907015', 540, '767G-A1', 298, 255, 'I', '2018-09-07 13:06:24', '打料二區', '巴倫', 47, '正常領料'),
	('C20180907016', 504, '767G-H4', 299, 256, 'I', '2018-09-07 13:07:23', '打料二區', '巴倫', 24, '正常領料'),
	('C20180907017', 466, '999A2', 190, 129, 'M', '2018-09-07 15:18:23', '打料二區', '巴倫', 300, '正常領料'),
	('C20180907018', 572, '999M3', 193, 132, 'N', '2018-09-07 15:19:47', '打料二區', '巴倫', 300, '正常領料'),
	('C20180907019', 236, '999M3', 193, 132, 'N', '2018-09-07 15:35:10', '打料二區', '巴倫', 300, '正常領料'),
	('C20180907020', 527, '988C', 181, 124, 'M', '2018-09-07 16:13:26', '打料一區', '林坤昇', 900, '正常領料'),
	('C20180907021', 570, '767GB', 297, 254, 'Z', '2018-09-07 16:16:30', '打料一區', '林坤昇', 21, '正常領料'),
	('C20180907022', 578, '217BB', 285, 247, 'Z', '2018-09-07 16:19:26', '打料一區', '林坤昇', 40, '正常領料'),
	('C20180907023', 528, 'CFA', 277, 240, 'N', '2018-09-07 16:20:51', '打料一區', '林坤昇', 240, '正常領料'),
	('C20180910001', 513, '217AA', 284, 245, 'I', '2018-09-10 08:14:05', '打料二區', '阿諾', 30, '正常領料'),
	('C20180910002', 562, '217AC', 286, 236, 'Z', '2018-09-10 08:23:02', '打料一區', '林坤昇', 39, '正常領料'),
	('C20180910003', 555, '767G', 283, 250, 'Z', '2018-09-10 08:25:50', '打料一區', '林坤昇', 46, '正常領料'),
	('C20180910004', 582, '994', 306, 127, 'K', '2018-09-10 08:27:18', '樹脂區', '張建烽', 24994, '正常領料'),
	('C20180910005', 553, '113', 24, 19, 'K', '2018-09-10 08:27:58', '樹脂區', '張建烽', 10000, '正常領料'),
	('C20180910006', 574, '767F', 160, 111, 'K', '2018-09-10 08:28:55', '樹脂區', '張建烽', 5000, '正常領料'),
	('C20180910007', 577, '217AC', 286, 246, 'Z', '2018-09-10 08:58:57', '打料一區', '林坤昇', 43, '正常領料'),
	('C20180910008', 562, '217AC', 286, 236, 'Z', '2018-09-10 10:26:55', '打料一區', '林坤昇', 38, '正常領料'),
	('C20180910009', 236, '999M3', 193, 132, 'N', '2018-09-10 10:32:45', '打料一區', '林坤昇', 300, '正常領料'),
	('C20180910010', 567, '216', 305, 37, 'B', '2018-09-10 11:13:59', '混合區', '林坤榮', 3000, '正常領料'),
	('C20180910011', 568, '216C', 52, 39, 'A', '2018-09-10 11:14:47', '混合區', '林坤榮', 6000, '正常領料'),
	('C20180910012', 534, '545', 117, 83, 'B', '2018-09-10 11:15:29', '混合區', '林坤榮', 1000, '正常領料'),
	('C20180910013', 536, '215', 48, 36, 'I', '2018-09-10 11:16:43', '混合區', '林坤榮', 3000, '正常領料'),
	('C20180910014', 541, '654B', 129, 91, 'C', '2018-09-10 13:42:05', '塗模劑區', '林景濤', 7500, '正常領料'),
	('C20180910015', 449, '981', 173, 120, 'D', '2018-09-10 13:42:49', '塗模劑區', '林景濤', 4000, '正常領料'),
	('C20180910016', 194, '439C', 107, 74, 'E', '2018-09-10 13:43:44', '塗模劑區', '林景濤', 25, '正常領料'),
	('C20180910017', 563, '765', 152, 223, 'C', '2018-09-10 13:44:40', '塗模劑區', '林景濤', 700, '正常領料'),
	('C20180910018', 486, '765', 152, 223, 'C', '2018-09-10 13:44:57', '塗模劑區', '林景濤', 3300, '正常領料'),
	('C20180910019', 528, 'CFA', 277, 240, 'N', '2018-09-10 13:48:03', '打料一區', '林坤昇', 240, '正常領料'),
	('C20180910020', 467, '999A2', 190, 129, 'M', '2018-09-10 13:49:52', '打料二區', '阿諾', 300, '正常領料'),
	('C20180910021', 236, '999M3', 193, 132, 'N', '2018-09-10 13:50:48', '打料二區', '阿諾', 300, '正常領料'),
	('C20180910022', 569, '217AC', 286, 246, 'Z', '2018-09-10 14:32:12', '打料一區', '林坤昇', 39, '正常領料'),
	('C20180910023', 531, '999MB', 194, 133, 'N', '2018-09-10 14:33:12', '打料一區', '林坤昇', 320, '正常領料'),
	('C20180910024', 557, '767G', 283, 250, 'Z', '2018-09-10 14:34:46', '打料一區', '林坤昇', 46, '正常領料'),
	('C20180910025', 570, '767GB', 297, 254, 'Z', '2018-09-10 14:35:26', '打料一區', '林坤昇', 24, '正常領料'),
	('C20180910026', 583, '217BB', 285, 247, 'Z', '2018-09-10 14:36:46', '打料一區', '林坤昇', 40, '正常領料'),
	('C20180910027', 395, '217A', 55, 41, 'I', '2018-09-10 14:47:39', '打料二區', '阿諾', 25, '正常領料'),
	('C20180910028', 584, '546B', 121, 85, 'I', '2018-09-10 15:43:48', '混合區', '林坤榮', 1500, '正常領料'),
	('C20180910029', 219, '987', 263, 232, 'E', '2018-09-10 16:00:22', '研發', '其他', 0.23, '正常領料'),
	('C20180910030', 522, '657B', 141, 97, 'Z', '2018-09-10 16:11:13', '填充組', '賴玉英', 1375, '正常領料'),
	('C20180910031', 531, '999MB', 194, 133, 'N', '2018-09-10 16:21:53', '打料一區', '林坤昇', 320, '正常領料'),
	('C20180910032', 527, '988C', 181, 124, 'M', '2018-09-10 16:22:55', '打料一區', '林坤昇', 900, '正常領料'),
	('C20180910033', 539, '217AA', 284, 245, 'I', '2018-09-10 16:42:05', '打料二區', '阿諾', 31, '正常領料'),
	('C20180911001', 549, '767T', 162, 112, 'I', '2018-09-11 08:15:50', '打料二區', '阿諾', 1000, '正常領料'),
	('C20180911002', 249, '999A3', 280, 243, 'N', '2018-09-11 08:16:32', '打料二區', '阿諾', 400, '正常領料'),
	('C20180911003', 467, '999A2', 190, 129, 'M', '2018-09-11 08:17:24', '打料二區', '阿諾', 300, '正常領料'),
	('C20180911004', 571, '217AC', 286, 246, 'Z', '2018-09-11 08:25:40', '打料一區', '林坤昇', 38, '正常領料'),
	('C20180911005', 565, '767G', 283, 250, 'Z', '2018-09-11 08:27:17', '打料一區', '林坤昇', 46, '正常領料'),
	('C20180911006', 591, '217BB', 285, 247, 'Z', '2018-09-11 08:27:53', '打料一區', '林坤昇', 40, '正常領料'),
	('C20180911007', 539, '217AA', 284, 245, 'I', '2018-09-11 09:57:01', '打料二區', '阿諾', 30, '正常領料'),
	('C20180911008', 395, '217A', 55, 41, 'I', '2018-09-11 09:58:17', '打料二區', '阿諾', 150, '正常領料'),
	('C20180911009', 590, '767GB', 297, 254, 'Z', '2018-09-11 10:29:05', '打料一區', '林坤昇', 22, '正常領料'),
	('C20180911010', 528, 'CFA', 277, 240, 'N', '2018-09-11 10:30:17', '打料一區', '林坤昇', 240, '正常領料'),
	('C20180911011', 528, 'CFA', 277, 240, 'N', '2018-09-11 10:36:20', '打料一區', '林坤昇', 240, '領料'),
	('C20180911012', 554, '217AC', 286, 246, 'Z', '2018-09-11 13:16:00', '打料一區', '林坤昇', 320, '正常領料'),
	('C20180911013', 531, '999MB', 194, 133, 'N', '2018-09-11 13:16:53', '打料一區', '林坤昇', 320, '正常領料'),
	('C20180911014', 568, '216C', 52, 39, 'A', '2018-09-11 13:45:09', '混合區', '林坤榮', 3000, '正常領料'),
	('C20180911015', 593, '216', 49, 37, 'B', '2018-09-11 15:19:29', '混合區', '林坤榮', 3000, '正常領料'),
	('C20180911016', 489, '434A', 88, 65, 'C', '2018-09-11 16:28:07', '塗模劑區', '林景濤', 1400, '正常領料'),
	('C20180911017', 541, '654B', 129, 91, 'C', '2018-09-11 16:30:05', '塗模劑區', '林景濤', 6250, '正常領料'),
	('C20180911018', 518, '439A', 105, 72, 'E', '2018-09-11 16:31:09', '塗模劑區', '林景濤', 800, '正常領料'),
	('C20180911019', 180, '654H', 135, 93, 'C', '2018-09-11 16:31:53', '塗模劑區', '林景濤', 1250, '正常領料'),
	('C20180911020', 543, '435', 98, 68, 'C', '2018-09-11 16:32:38', '塗模劑區', '林景濤', 2000, '正常領料'),
	('C20180911021', 596, '432', 81, 60, 'C', '2018-09-11 16:33:12', '塗模劑區', '林景濤', 1800, '正常領料'),
	('C20180911022', 540, '767G-A1', 298, 255, 'I', '2018-09-11 16:35:29', '打料二區', '阿諾', 47, '正常領料'),
	('C20180911023', 467, '999A2', 190, 129, 'M', '2018-09-11 16:36:19', '打料二區', '阿諾', 300, '正常領料'),
	('C20180911024', 601, '217AC', 286, 246, 'Z', '2018-09-11 16:50:24', '打料一區', '林坤昇', 39, '正常領料'),
	('C20180911025', 588, '767G', 283, 250, 'Z', '2018-09-11 16:50:57', '打料一區', '林坤昇', 46, '正常領料'),
	('C20180911026', 586, '217BB', 285, 247, 'Z', '2018-09-11 16:51:37', '打料一區', '林坤昇', 43, '正常領料'),
	('C20180912001', 600, '217AC', 286, 246, 'Z', '2018-09-12 08:14:10', '打料一區', '林坤昇', 39, '正常領料'),
	('C20180912002', 531, '999MB', 194, 133, 'N', '2018-09-12 08:15:20', '打料一區', '林坤昇', 320, '正常領料'),
	('C20180912003', 590, '767GB', 297, 254, 'Z', '2018-09-12 08:16:14', '打料一區', '林坤昇', 24, '正常領料'),
	('C20180912004', 528, 'CFA', 277, 240, 'N', '2018-09-12 08:17:51', '打料一區', '林坤昇', 240, '正常領料'),
	('C20180912005', 324, '999MB', 194, 133, 'N', '2018-09-12 08:19:17', '打料一區', '林坤昇', 320, '正常領料'),
	('C20180912006', 249, '999A3', 280, 243, 'N', '2018-09-12 08:30:31', '打料二區', '阿諾', 400, '正常領料'),
	('C20180912007', 606, '217AA', 284, 245, 'I', '2018-09-12 08:31:47', '打料二區', '阿諾', 40, '正常領料'),
	('C20180912008', 597, '992', 311, 126, 'C', '2018-09-12 09:02:24', '樹脂區', '張建烽', 45.7, '正常領料'),
	('C20180912009', 204, '016A', 259, 228, 'B', '2018-09-12 09:04:33', '樹脂區', '張建烽', 24.6, '正常領料'),
	('C20180912010', 598, '767C', 158, 109, 'K', '2018-09-12 09:05:06', '樹脂區', '張建烽', 480, '正常領料'),
	('C20180912011', 573, '027', 16, 14, 'B', '2018-09-12 09:51:14', '混合區', '林坤榮', 100, '正常領料'),
	('C20180912012', 537, '217', 53, 40, 'B', '2018-09-12 09:52:40', '混合區', '林坤榮', 1600, '正常領料'),
	('C20180912013', 605, '216C', 51, 39, 'A', '2018-09-12 09:53:30', '混合區', '林坤榮', 3000, '正常領料'),
	('C20180912014', 528, 'CFA', 277, 240, 'N', '2018-09-12 11:21:26', '打料一區', '林坤昇', 240, '正常領料'),
	('C20180912015', 530, '217BB', 285, 247, 'Z', '2018-09-12 11:23:18', '打料一區', '林坤昇', 42, '正常領料'),
	('C20180912016', 612, '540-3', 273, 78, 'I', '2018-09-12 11:49:34', '混合區', '林坤榮', 1500, '正常領料'),
	('C20180912017', 352, '988', 176, 122, 'A', '2018-09-12 11:50:29', '混合區', '林坤榮', 584, '正常領料'),
	('C20180912018', 549, '767T', 162, 112, 'I', '2018-09-12 11:54:38', '混合區', '林坤榮', 1000, '正常領料'),
	('C20180912019', 615, '767F', 160, 111, 'K', '2018-09-12 14:59:47', '樹脂區', '張建烽', 5000, '正常領料'),
	('C20180912020', 231, '114', 28, 21, 'K', '2018-09-12 15:01:09', '樹脂區', '張建烽', 780, '正常領料'),
	('C20180912021', 458, '767G-H4', 299, 256, 'I', '2018-09-12 15:28:29', '打料二區', '阿諾', 24, '正常領料'),
	('C20180912022', 527, '988C', 181, 124, 'M', '2018-09-12 15:31:40', '打料一區', '林坤昇', 900, '正常領料'),
	('C20180912023', 609, '767GB', 297, 254, 'I', '2018-09-12 15:32:21', '打料一區', '林坤昇', 22, '正常領料'),
	('C20180912024', 528, 'CFA', 277, 240, 'N', '2018-09-12 15:33:02', '打料一區', '林坤昇', 240, '正常領料'),
	('C20180912025', 620, '217AC', 286, 246, 'Z', '2018-09-12 15:49:04', '打料一區', '林坤昇', 41, '正常領料'),
	('C20180912026', 602, '767G', 283, 250, 'Z', '2018-09-12 15:49:41', '打料一區', '林坤昇', 45, '正常領料'),
	('C20180912027', 616, '765B', 153, 105, 'B', '2018-09-12 15:51:16', '混合區', '林坤榮', 3000, '正常領料'),
	('C20180913001', 454, '331A', 303, 259, 'N', '2018-09-13 08:01:43', '打料二區', '阿諾', 400, '正常領料'),
	('C20180913002', 528, 'CFA', 277, 240, 'N', '2018-09-13 08:12:39', '打料二區', '阿諾', 240, '正常領料'),
	('C20180913003', 621, '217AA', 284, 245, 'I', '2018-09-13 08:13:54', '打料二區', '阿諾', 33, '正常領料'),
	('C20180913004', 467, '999A2', 190, 129, 'M', '2018-09-13 08:14:26', '打料二區', '阿諾', 300, '正常領料'),
	('C20180913005', 522, '657B', 141, 97, 'Z', '2018-09-13 08:17:55', '填充組', '賴玉英', 1375, '正常領料'),
	('C20180913006', 527, '988C', 181, 124, 'M', '2018-09-13 08:20:23', '打料一區', '林坤昇', 900, '領料'),
	('C20180913007', 531, '999MB', 194, 133, 'N', '2018-09-13 08:25:40', '打料一區', '林坤昇', 320, '正常領料'),
	('C20180913008', 528, 'CFA', 277, 240, 'N', '2018-09-13 08:27:34', '打料一區', '林坤昇', 240, '正常領料'),
	('C20180913009', 560, '217AC', 286, 246, 'Z', '2018-09-13 08:30:54', '打料一區', '林坤昇', 42, '正常領料'),
	('C20180913010', 585, '767G', 283, 250, 'Z', '2018-09-13 08:31:45', '打料一區', '林坤昇', 46, '正常領料'),
	('C20180913011', 535, '217BB', 285, 247, 'Z', '2018-09-13 08:34:52', '打料一區', '林坤昇', 44, '正常領料'),
	('C20180913012', 440, '111', 20, 17, 'N', '2018-09-13 09:32:48', '打料一區', '林坤昇', 1000, '正常領料'),
	('C20180913013', 617, '765', 152, 104, 'N', '2018-09-13 10:18:17', '打料二區', '阿諾', 1500, '正常領料'),
	('C20180913014', 605, '216C', 51, 39, 'A', '2018-09-13 10:25:30', '混合區', '林坤榮', 5000, '正常領料'),
	('C20180913015', 595, '765', 152, 223, 'C', '2018-09-13 13:33:36', '塗模劑區', '林景濤', 4000, '正常領料'),
	('C20180913016', 541, '654B', 129, 91, 'C', '2018-09-13 13:34:34', '塗模劑區', '林景濤', 7500, '正常領料'),
	('C20180913017', 489, '434A', 88, 65, 'C', '2018-09-13 13:35:32', '塗模劑區', '林景濤', 700, '正常領料'),
	('C20180913018', 196, '768', 164, 113, 'E', '2018-09-13 13:38:43', '塗模劑區', '林景濤', 125, '領料'),
	('C20180913019', 613, '767GB', 297, 254, 'Z', '2018-09-13 14:42:45', '打料一區', '林坤昇', 22, '正常領料'),
	('C20180913020', 528, 'CFA', 277, 240, 'N', '2018-09-13 14:43:40', '打料一區', '林坤昇', 240, '正常領料'),
	('C20180913021', 627, '217AC', 286, 246, 'Z', '2018-09-13 15:37:45', '打料一區', '林坤昇', 38, '正常領料'),
	('C20180913022', 527, '988C', 181, 124, 'M', '2018-09-13 15:38:38', '打料一區', '林坤昇', 900, '正常領料'),
	('C20180913023', 593, '216', 49, 37, 'B', '2018-09-13 16:02:47', '混合區', '林坤榮', 4500, '正常領料'),
	('C20180913024', 261, '988A', 178, 123, 'N', '2018-09-13 16:39:02', '打料二區', '阿諾', 1000, '正常領料'),
	('C20180913025', 249, '999A3', 280, 243, 'N', '2018-09-13 16:44:35', '打料二區', '阿諾', 400, '正常領料'),
	('C20180913026', 467, '999A2', 190, 129, 'M', '2018-09-13 16:50:19', '打料二區', '阿諾', 600, '正常領料'),
	('C20180913027', 621, '217AA', 284, 245, 'I', '2018-09-13 16:55:27', '打料二區', '阿諾', 35, '正常領料'),
	('C20180913028', 628, '767G-A1', 298, 255, 'I', '2018-09-13 16:56:04', '打料二區', '阿諾', 48, '正常領料'),
	('C20180914001', 603, '217AC', 286, 246, 'Z', '2018-09-14 08:19:10', '打料一區', '林坤昇', 38, '正常領料'),
	('C20180914002', 555, '767G', 283, 250, 'Z', '2018-09-14 08:20:17', '打料一區', '林坤昇', 45, '正常領料'),
	('C20180914003', 583, '217BB', 285, 247, 'Z', '2018-09-14 08:22:09', '打料一區', '林坤昇', 44, '正常領料'),
	('C20180914004', 624, '217BB', 285, 247, 'Z', '2018-09-14 08:23:01', '打料二區', '阿諾', 42, '正常領料'),
	('C20180914005', 531, '999MB', 194, 133, 'N', '2018-09-14 08:24:30', '打料一區', '林坤昇', 320, '正常領料'),
	('C20180914006', 467, '999A2', 190, 129, 'M', '2018-09-14 08:25:14', '打料二區', '阿諾', 300, '正常領料'),
	('C20180914007', 236, '999M3', 193, 132, 'N', '2018-09-14 08:25:38', '打料二區', '阿諾', 300, '正常領料'),
	('C20180914008', 633, '320', 62, 46, 'K', '2018-09-14 08:41:33', '樹脂區', '張建烽', 176, '正常領料'),
	('C20180914009', 629, '150', 36, 26, 'D', '2018-09-14 08:45:39', '塗模劑區', '涂仕森', 1134, '正常領料'),
	('C20180914010', 595, '765', 152, 223, 'C', '2018-09-14 08:46:34', '塗模劑區', '涂仕森', 2000, '正常領料'),
	('C20180914011', 592, '767GB', 297, 254, 'Z', '2018-09-14 10:36:16', '打料一區', '林坤昇', 22, '正常領料'),
	('C20180914012', 528, 'CFA', 277, 240, 'N', '2018-09-14 10:37:10', '打料一區', '林坤昇', 240, '正常領料'),
	('C20180914013', 587, '217AC', 286, 246, 'Z', '2018-09-14 10:39:27', '打料一區', '林坤昇', 42, '正常領料'),
	('C20180914014', 635, '767GB', 297, 254, 'Z', '2018-09-14 11:14:40', '打料二區', '阿諾', 22, '正常領料'),
	('C20180914015', 599, '767G', 283, 250, 'Z', '2018-09-14 11:26:31', '打料一區', '林坤昇', 46, '正常領料'),
	('C20180914016', 531, '999MB', 194, 133, 'N', '2018-09-14 14:04:38', '打料一區', '林坤昇', 320, '正常領料'),
	('C20180914017', 467, '999A2', 190, 129, 'M', '2018-09-14 14:17:46', '打料二區', '阿諾', 300, '正常領料'),
	('C20180914018', 467, '999A2', 190, 129, 'M', '2018-09-14 14:18:10', '打料二區', '阿諾', 300, '正常領料'),
	('C20180914019', 623, '217AA', 284, 245, 'I', '2018-09-14 14:18:57', '打料二區', '阿諾', 33, '正常領料'),
	('C20180914020', 436, '114', 29, 21, 'K', '2018-09-14 15:55:17', '物管員', '王怡君', 3200, '修改單價'),
	('C20180914021', 639, '217BB', 285, 247, 'Z', '2018-09-14 16:09:11', '打料一區', '林坤昇', 44, '正常領料'),
	('C20180914022', 618, '657B', 141, 97, 'Z', '2018-09-14 16:21:37', '填充組', '賴玉英', 1375, '正常領料'),
	('C20180917001', 576, '217AC', 286, 246, 'Z', '2018-09-17 08:03:39', '打料一區', '林坤昇', 43, '領料'),
	('C20180917002', 607, '217AC', 286, 246, 'Z', '2018-09-17 08:04:22', '打料一區', '林坤昇', 46, '領料'),
	('C20180917003', 630, '217AC', 286, 246, 'Z', '2018-09-17 08:04:40', '打料一區', '林坤昇', 41, '正常領料'),
	('C20180917004', 566, '767G', 283, 250, 'Z', '2018-09-17 08:07:15', '打料一區', '林坤昇', 92, '正常領料'),
	('C20180917005', 528, 'CFA', 277, 240, 'N', '2018-09-17 08:09:08', '打料一區', '林坤昇', 720, '正常領料'),
	('C20180917006', 592, '767GB', 297, 254, 'Z', '2018-09-17 08:10:19', '打料一區', '林坤昇', 24, '領料'),
	('C20180917007', 609, '767GB', 297, 254, 'I', '2018-09-17 08:11:40', '打料一區', '林坤昇', 24, '正常領料'),
	('C20180917008', 637, '217BB', 285, 247, 'Z', '2018-09-17 08:13:33', '打料一區', '林坤昇', 47, '正常領料'),
	('C20180917009', 531, '999MB', 194, 133, 'N', '2018-09-17 08:14:21', '打料一區', '林坤昇', 320, '正常領料'),
	('C20180917010', 640, '767G-H4', 299, 256, 'I', '2018-09-17 08:15:28', '打料二區', '阿諾', 24, '領料'),
	('C20180917011', 236, '999M3', 193, 132, 'N', '2018-09-17 08:16:06', '打料二區', '阿諾', 600, '正常領料'),
	('C20180917012', 467, '999A2', 190, 129, 'M', '2018-09-17 08:16:48', '打料二區', '阿諾', 300, '正常領料'),
	('C20180917013', 527, '988C', 181, 124, 'M', '2018-09-17 08:17:26', '打料一區', '林坤昇', 900, '領料'),
	('C20180917014', 613, '767GB', 297, 254, 'Z', '2018-09-17 08:18:47', '打料二區', '阿諾', 24, '正常領料'),
	('C20180917015', 622, '217BB', 285, 247, 'I', '2018-09-17 08:20:03', '打料二區', '阿諾', 44, '正常領料'),
	('C20180917016', 605, '216C', 51, 39, 'A', '2018-09-17 08:23:21', '混合區', '林坤榮', 3000, '正常領料'),
	('C20180917017', 626, '216C', 51, 39, 'A', '2018-09-17 08:23:39', '混合區', '林坤榮', 2000, '正常領料'),
	('C20180917018', 593, '216', 49, 37, 'B', '2018-09-17 08:24:13', '混合區', '林坤榮', 3000, '正常領料'),
	('C20180917019', 256, '325B', 69, 53, 'a', '2018-09-17 08:25:12', '混合區', '林坤榮', 1500, '正常領料'),
	('C20180917020', 612, '540-3', 273, 78, 'I', '2018-09-17 08:26:22', '混合區', '林坤榮', 1500, '正常領料'),
	('C20180917021', 549, '767T', 162, 112, 'I', '2018-09-17 08:27:16', '混合區', '林坤榮', 2000, '正常領料'),
	('C20180917022', 358, '548', 123, 86, 'I', '2018-09-17 08:28:03', '混合區', '林坤榮', 2000, '正常領料'),
	('C20180917023', 584, '546B', 121, 85, 'I', '2018-09-17 08:29:06', '混合區', '林坤榮', 1500, '正常領料'),
	('C20180917024', 434, '439A', 105, 72, 'E', '2018-09-17 08:29:53', '混合區', '林坤榮', 800, '正常領料'),
	('C20180917025', 578, '217BB', 285, 247, 'Z', '2018-09-17 08:48:54', '打料一區', '林坤昇', 42, '領料'),
	('C20180917026', 616, '765B', 153, 105, 'B', '2018-09-17 09:14:41', '混合區', '林坤昇', 3000, '正常領料'),
	('C20180917027', 644, '215', 48, 36, 'I', '2018-09-17 09:15:31', '混合區', '林坤榮', 3000, '正常領料'),
	('C20180917028', 537, '217', 53, 40, 'B', '2018-09-17 09:16:09', '打料一區', '林坤昇', 1600, '正常領料'),
	('C20180917029', 645, '217', 53, 40, 'B', '2018-09-17 09:59:13', '混合區', '林坤榮', 1800, '正常領料'),
	('C20180917030', 556, '013A', 6, 6, 'B', '2018-09-17 10:00:42', '混合區', '林坤榮', 1500, '正常領料'),
	('C20180917031', 580, '015A', 10, 9, 'B', '2018-09-17 10:13:18', '混合區', '林坤榮', 1500, '正常領料'),
	('C20180917032', 419, '874C', 169, 116, 'H', '2018-09-17 11:06:30', '塗模劑區', '林景濤', 25, '正常領料'),
	('C20180917033', 196, '768', 164, 113, 'E', '2018-09-17 11:07:29', '塗模劑區', '林景濤', 150, '正常領料'),
	('C20180917034', 595, '765', 152, 223, 'C', '2018-09-17 11:20:55', '塗模劑區', '林景濤', 4000, '正常領料'),
	('C20180917035', 489, '434A', 88, 65, 'C', '2018-09-17 11:21:42', '塗模劑區', '林景濤', 2100, '正常領料'),
	('C20180917036', 302, '435', 98, 68, 'C', '2018-09-17 11:22:21', '塗模劑區', '林景濤', 1000, '正常領料'),
	('C20180917037', 178, '434B', 92, 66, 'C', '2018-09-17 11:22:50', '塗模劑區', '林景濤', 1000, '正常領料'),
	('C20180917038', 629, '150', 36, 26, 'D', '2018-09-17 11:23:33', '塗模劑區', '林景濤', 1134, '正常領料'),
	('C20180917039', 541, '654B', 129, 91, 'C', '2018-09-17 11:24:10', '塗模劑區', '林景濤', 3750, '正常領料'),
	('C20180917040', 619, '657', 138, 95, 'D', '2018-09-17 11:24:49', '塗模劑區', '林景濤', 2750, '正常領料'),
	('C20180917041', 197, '433C', 84, 63, 'E', '2018-09-17 12:00:23', '塗模劑區', '林景濤', 1000, '正常領料'),
	('C20180917042', 531, '999MB', 194, 133, 'N', '2018-09-17 13:20:00', '打料一區', '林坤昇', 320, '正常領料'),
	('C20180917043', 528, 'CFA', 277, 240, 'N', '2018-09-17 14:20:41', '打料一區', '林坤昇', 240, '正常領料'),
	('C20180917044', 647, '767GB', 297, 254, 'Z', '2018-09-17 14:21:43', '打料一區', '林坤昇', 24, '正常領料'),
	('C20180917045', 527, '988C', 181, 124, 'M', '2018-09-17 14:22:17', '打料一區', '林坤昇', 900, '正常領料'),
	('C20180917046', 649, '217AC', 286, 246, 'Z', '2018-09-17 14:23:04', '打料一區', '林坤昇', 38, '正常領料'),
	('C20180917047', 654, '767G', 283, 250, 'Z', '2018-09-17 14:24:35', '打料一區', '林坤昇', 46, '正常領料'),
	('C20180917048', 531, '999MB', 194, 133, 'N', '2018-09-17 14:25:15', '打料一區', '林坤昇', 320, '正常領料'),
	('C20180917049', 657, '767GB', 297, 254, 'Z', '2018-09-17 15:46:03', '打料二區', '阿諾', 21, '正常領料'),
	('C20180917050', 625, '217BB', 285, 247, 'I', '2018-09-17 16:23:46', '打料二區', '阿諾', 40, '正常領料'),
	('C20180917051', 236, '999M3', 193, 132, 'N', '2018-09-17 16:24:13', '打料二區', '阿諾', 300, '正常領料'),
	('C20180917052', 624, '217BB', 285, 247, 'Z', '2018-09-17 16:24:54', '打料一區', '林坤昇', 44, '正常領料'),
	('C20180918001', 623, '217AA', 284, 245, 'I', '2018-09-18 08:04:19', '打料二區', '阿諾', 35, '正常領料'),
	('C20180918002', 236, '999M3', 193, 132, 'N', '2018-09-18 08:05:02', '打料二區', '阿諾', 300, '正常領料'),
	('C20180918003', 632, '767G-A1', 298, 255, 'I', '2018-09-18 08:06:11', '打料二區', '阿諾', 47, '正常領料'),
	('C20180918004', 531, '999MB', 194, 133, 'N', '2018-09-18 08:16:37', '打料一區', '林坤昇', 640, '正常領料'),
	('C20180918005', 657, '767GB', 297, 254, 'Z', '2018-09-18 08:17:40', '打料一區', '林坤昇', 24, '正常領料'),
	('C20180918006', 658, '217AC', 286, 246, 'Z', '2018-09-18 08:18:40', '打料一區', '林坤昇', 43, '正常領料'),
	('C20180918007', 654, '767G', 283, 250, 'Z', '2018-09-18 08:19:31', '打料一區', '林坤昇', 46, '正常領料'),
	('C20180918008', 528, 'CFA', 277, 240, 'N', '2018-09-18 08:20:36', '打料一區', '林坤昇', 240, '正常領料'),
	('C20180918009', 655, '217BB', 285, 247, 'Z', '2018-09-18 08:21:45', '打料一區', '林坤昇', 43, '正常領料'),
	('C20180918010', 651, '988', 176, 122, 'A', '2018-09-18 09:14:54', '物管員', '王怡君', 10, '實際重量不足'),
	('C20180918011', 527, '988C', 181, 124, 'M', '2018-09-18 09:24:38', '打料一區', '林坤昇', 900, '正常領料'),
	('C20180918012', 549, '767T', 162, 112, 'I', '2018-09-18 09:55:32', '混合區', '林坤榮', 2000, '正常領料'),
	('C20180918013', 467, '999A2', 190, 129, 'M', '2018-09-18 11:41:27', '打料二區', '阿諾', 300, '正常領料'),
	('C20180918014', 236, '999M3', 193, 132, 'N', '2018-09-18 11:41:59', '打料二區', '阿諾', 300, '正常領料'),
	('C20180918015', 646, '217BB', 285, 247, 'I', '2018-09-18 11:43:30', '打料二區', '阿諾', 42, '正常領料'),
	('C20180918016', 636, '217AC', 286, 246, 'Z', '2018-09-18 13:22:26', '打料一區', '林坤昇', 43, '正常領料'),
	('C20180918017', 528, 'CFA', 277, 240, 'N', '2018-09-18 14:19:50', '打料一區', '林坤昇', 240, '正常領料'),
	('C20180918018', 656, '767GB', 297, 254, 'I', '2018-09-18 14:20:39', '打料一區', '林坤昇', 22, '正常領料'),
	('C20180918019', 531, '999MB', 194, 133, 'N', '2018-09-18 15:18:31', '打料一區', '林坤昇', 320, '正常領料'),
	('C20180918020', 660, '217BB', 285, 247, 'Z', '2018-09-18 15:19:33', '打料一區', '林坤昇', 45, '正常領料'),
	('C20180918021', 663, '767G', 283, 250, 'Z', '2018-09-18 15:20:18', '打料一區', '林坤昇', 46, '正常領料'),
	('C20180918022', 665, '217AC', 286, 246, 'Z', '2018-09-18 15:22:06', '打料一區', '林坤昇', 38, '正常領料'),
	('C20180918023', 626, '216C', 51, 39, 'A', '2018-09-18 15:30:02', '混合區', '林坤榮', 3000, '正常領料'),
	('C20180918024', 531, '999MB', 194, 133, 'N', '2018-09-18 16:27:03', '打料一區', '林坤昇', 320, '正常領料'),
	('C20180918025', 347, '117', 32, 258, 'K', '2018-09-18 16:29:58', '品保', '黃雅婷', 1, '正常領料'),
	('C20180918026', 236, '999M3', 193, 132, 'N', '2018-09-18 16:33:07', '打料二區', '阿諾', 300, '正常領料'),
	('C20180919001', 583, '217BB', 285, 247, 'Z', '2018-09-19 08:08:42', '打料二區', '阿諾', 46, '正常領料'),
	('C20180919002', 236, '999M3', 193, 132, 'N', '2018-09-19 08:09:22', '打料二區', '阿諾', 300, '正常領料'),
	('C20180919003', 606, '217AA', 284, 245, 'I', '2018-09-19 08:10:52', '打料二區', '阿諾', 30, '正常領料'),
	('C20180919004', 635, '767GB', 297, 254, 'Z', '2018-09-19 08:11:17', '打料二區', '阿諾', 24, '正常領料'),
	('C20180919005', 467, '999A2', 190, 129, 'M', '2018-09-19 08:12:34', '打料二區', '阿諾', 300, '正常領料'),
	('C20180919006', 669, '217AC', 286, 246, 'Z', '2018-09-19 08:24:28', '打料一區', '林坤昇', 41, '正常領料'),
	('C20180919007', 648, '217BB', 285, 247, 'I', '2018-09-19 08:25:14', '打料一區', '林坤昇', 42, '正常領料'),
	('C20180919008', 656, '767GB', 297, 254, 'I', '2018-09-19 08:27:03', '打料一區', '林坤昇', 24, '正常領料'),
	('C20180919009', 626, '216C', 51, 39, 'A', '2018-09-19 08:49:30', '混合區', '林坤榮', 6000, '正常領料'),
	('C20180919010', 410, '994', 186, 127, 'K', '2018-09-19 08:50:41', '樹脂區', '張建烽', 25101, '正常領料'),
	('C20180919011', 661, '767F', 160, 111, 'K', '2018-09-19 08:51:35', '樹脂區', '張建烽', 5000, '正常領料'),
	('C20180919012', 604, '767G', 283, 250, 'Z', '2018-09-19 09:22:59', '打料一區', '林坤昇', 46, '正常領料'),
	('C20180919013', 528, 'CFA', 277, 240, 'N', '2018-09-19 09:23:35', '打料一區', '林坤昇', 480, '正常領料'),
	('C20180919014', 527, '988C', 181, 124, 'M', '2018-09-19 09:25:02', '打料一區', '林坤昇', 900, '正常領料'),
	('C20180919015', 618, '657B', 141, 97, 'Z', '2018-09-19 10:42:21', '填充組', '賴玉英', 1375, '正常領料'),
	('C20180919016', 645, '217', 53, 40, 'B', '2018-09-19 13:03:55', '混合區', '林坤榮', 3000, '正常領料'),
	('C20180919017', 589, '217AC', 286, 246, 'Z', '2018-09-19 14:38:02', '打料一區', '林坤昇', 38, '正常領料'),
	('C20180919018', 678, '767GB', 297, 254, 'Z', '2018-09-19 14:40:06', '打料一區', '林坤昇', 22, '正常領料'),
	('C20180919019', 528, 'CFA', 277, 240, 'N', '2018-09-19 14:40:29', '打料一區', '林坤昇', 240, '正常領料'),
	('C20180919020', 677, '217BB', 285, 247, 'I', '2018-09-19 15:12:09', '打料一區', '林坤昇', 45, '正常領料'),
	('C20180919021', 347, '117', 32, 258, 'K', '2018-09-19 16:02:54', '品保', '黃雅婷', 1, '正常領料'),
	('C20180919022', 454, '331A', 303, 259, 'N', '2018-09-19 16:27:26', '打料二區', '阿諾', 400, '正常領料'),
	('C20180919023', 616, '765B', 153, 105, 'B', '2018-09-19 16:28:07', '打料二區', '阿諾', 1560, '正常領料'),
	('C20180919024', 478, '871', 168, 115, 'Z', '2018-09-19 16:35:31', '打料一區', '林坤昇', 400, '領料'),
	('C20180919025', 467, '999A2', 190, 129, 'M', '2018-09-19 16:36:39', '打料二區', '阿諾', 300, '正常領料'),
	('C20180920001', 670, '217BB', 285, 247, 'Z', '2018-09-20 08:05:40', '打料二區', '阿諾', 44, '正常領料'),
	('C20180920002', 672, '217AA', 284, 245, 'I', '2018-09-20 08:07:17', '打料二區', '阿諾', 36, '正常領料'),
	('C20180920003', 236, '999M3', 193, 132, 'N', '2018-09-20 08:08:06', '打料二區', '阿諾', 600, '正常領料'),
	('C20180920004', 681, '767GB', 297, 254, 'Z', '2018-09-20 08:17:04', '打料二區', '阿諾', 22, '正常領料'),
	('C20180920005', 558, '217AC', 286, 246, 'Z', '2018-09-20 08:26:35', '打料一區', '林坤昇', 39, '正常領料'),
	('C20180920006', 662, '767G', 283, 250, 'Z', '2018-09-20 08:27:31', '打料一區', '林坤昇', 45, '正常領料'),
	('C20180920007', 528, 'CFA', 277, 240, 'N', '2018-09-20 08:28:00', '打料一區', '林坤昇', 240, '正常領料'),
	('C20180920008', 616, '765B', 153, 105, 'B', '2018-09-20 08:55:00', '混合區', '林坤榮', 1440, '正常領料'),
	('C20180920009', 671, '767T', 162, 112, 'I', '2018-09-20 08:55:35', '混合區', '林坤榮', 2000, '正常領料'),
	('C20180920010', 644, '215', 48, 36, 'I', '2018-09-20 08:56:12', '混合區', '林坤榮', 3000, '正常領料'),
	('C20180920011', 534, '545', 117, 83, 'B', '2018-09-20 08:58:54', '混合區', '林坤榮', 1000, '正常領料'),
	('C20180920012', 595, '765', 152, 223, 'C', '2018-09-20 09:52:19', '塗模劑區', '林景濤', 8000, '正常領料'),
	('C20180920013', 653, '654B', 129, 91, 'C', '2018-09-20 09:56:53', '塗模劑區', '林景濤', 6250, '正常領料'),
	('C20180920014', 518, '439A', 105, 72, 'E', '2018-09-20 09:58:32', '塗模劑區', '林景濤', 800, '正常領料'),
	('C20180920015', 666, '768', 164, 113, 'E', '2018-09-20 09:59:07', '塗模劑區', '林景濤', 150, '正常領料'),
	('C20180920016', 302, '435', 98, 68, 'C', '2018-09-20 10:14:49', '塗模劑區', '林景濤', 1000, '正常領料'),
	('C20180920017', 353, '767B', 301, 108, 'C', '2018-09-20 10:16:01', '塗模劑區', '林景濤', 1300, '正常領料'),
	('C20180920018', 683, '217AC', 286, 246, 'Z', '2018-09-20 10:24:45', '打料一區', '林坤昇', 39, '正常領料'),
	('C20180920019', 681, '767GB', 297, 254, 'Z', '2018-09-20 10:27:27', '打料一區', '林坤昇', 24, '正常領料'),
	('C20180920020', 531, '999MB', 194, 133, 'N', '2018-09-20 10:28:21', '打料一區', '林坤昇', 320, '正常領料'),
	('C20180920021', 528, 'CFA', 277, 240, 'N', '2018-09-20 10:30:58', '打料一區', '林坤昇', 480, '正常領料'),
	('C20180920022', 527, '988C', 181, 124, 'M', '2018-09-20 10:32:21', '打料一區', '林坤昇', 900, '正常領料'),
	('C20180920023', 612, '540-3', 273, 78, 'I', '2018-09-20 14:15:02', '混合區', '林坤榮', 1500, '正常領料'),
	('C20180924001', 169, '012B', 5, 5, 'C', '2018-09-24 20:53:04', '打料一區', '胡展誌', 25, ' ');
/*!40000 ALTER TABLE `materialrequisition` ENABLE KEYS */;

-- 傾印  表格 sf.materialusage 結構
CREATE TABLE IF NOT EXISTS `materialusage` (
  `materialUsageID` int(16) unsigned NOT NULL AUTO_INCREMENT,
  `material` varchar(256) NOT NULL,
  `usingDepartment` varchar(256) NOT NULL,
  PRIMARY KEY (`materialUsageID`),
  KEY `materialUsageMaterialID` (`material`),
  CONSTRAINT `materialUsageMaterialID` FOREIGN KEY (`material`) REFERENCES `material` (`materialID`)
) ENGINE=InnoDB AUTO_INCREMENT=240 DEFAULT CHARSET=utf8;

-- 正在傾印表格  sf.materialusage 的資料：~238 rows (大約)
/*!40000 ALTER TABLE `materialusage` DISABLE KEYS */;
REPLACE INTO `materialusage` (`materialUsageID`, `material`, `usingDepartment`) VALUES
	(1, '006', '打料區'),
	(2, '007', '研發部'),
	(3, '011', '填充組'),
	(4, '012A', '混合組'),
	(5, '012B', '混合組'),
	(6, '013A', '混合組'),
	(7, '014A', '混合組'),
	(8, '014B', '混合組'),
	(9, '015A', '混合組'),
	(10, '017A', '混合組'),
	(11, '018', '混合組'),
	(12, '019', '混合組'),
	(13, '023', '塗模劑'),
	(14, '027', '混合組'),
	(15, '092', '塗模劑'),
	(16, '092', '打料區'),
	(17, '092', '品保'),
	(18, '097', '樹脂區'),
	(19, '111', '打料區'),
	(20, '112', '塗模劑'),
	(21, '113', '樹脂區'),
	(22, '113A', '樹脂區'),
	(23, '114', '樹脂區'),
	(24, '115', '樹脂區'),
	(25, '117', '樹脂區'),
	(26, '128', '塗模劑'),
	(27, '129', '研發部'),
	(28, '150', '塗模劑'),
	(29, '153A', '塗模劑'),
	(30, '168', '塗模劑'),
	(31, '200', '塗模劑'),
	(32, '202', '塗模劑'),
	(33, '202', '混合組'),
	(34, '208', '研發部'),
	(35, '209', '塗模劑'),
	(36, '212', '塗模劑'),
	(37, '213', '塗模劑'),
	(38, '214', '塗模劑'),
	(39, '215', '混合組'),
	(40, '216', '混合組'),
	(41, '216A', '混合組'),
	(42, '216C', '混合組'),
	(43, '217', '混合組'),
	(44, '217A', '混合組'),
	(45, '217A', '打料區'),
	(46, '217C', '混合組'),
	(47, '219A', '塗模劑'),
	(48, '228A', '混合組'),
	(49, '228A', '打料區'),
	(50, '228B', '混合組'),
	(51, '320', '塗模劑'),
	(52, '321', '混合組'),
	(53, '321A', '混合組'),
	(54, '322A', '塗模劑'),
	(55, '322B', '塗模劑'),
	(56, '323', '混合組'),
	(57, '324', '混合組'),
	(58, '325B', '混合組'),
	(59, '331', '混合組'),
	(60, '332', '混合組'),
	(61, '340', '混合組'),
	(62, '340', '塗模劑'),
	(63, '340', '填充組'),
	(64, '420', '研發部'),
	(65, '430', '混合組'),
	(66, '431A', '混合組'),
	(67, '432', '塗模劑'),
	(68, '432A', '混合組'),
	(69, '432B', '研發部'),
	(70, '433C', '塗模劑'),
	(71, '433D', '塗模劑'),
	(72, '434A', '塗模劑'),
	(73, '434B', '塗模劑'),
	(74, '434C', '塗模劑'),
	(75, '435', '塗模劑'),
	(76, '435B', '填充組'),
	(77, '436', '混合組'),
	(78, '437A', '混合組'),
	(79, '439A', '混合組'),
	(80, '439A', '塗模劑'),
	(81, '439B', '混合組'),
	(82, '439C', '塗模劑'),
	(83, '439D', '混合組'),
	(84, '507', '研發部'),
	(85, '508', '研發部'),
	(86, '540-3', '混合組'),
	(87, '540-4', '混合組'),
	(88, '542', '混合組'),
	(89, '543', '混合組'),
	(90, '544G', '塗模劑'),
	(91, '544G', '混合組'),
	(92, '545', '混合組'),
	(93, '546', '混合組'),
	(94, '546B', '混合組'),
	(95, '548', '混合組'),
	(96, '551', '混合組'),
	(97, '650', '混合組'),
	(98, '654A', '混合組'),
	(99, '654AB', '混合組'),
	(100, '654B', '塗模劑'),
	(101, '654C', '塗模劑'),
	(102, '654H', '塗模劑'),
	(103, '655', '塗模劑'),
	(104, '657', '塗模劑'),
	(105, '657A', '填充組'),
	(106, '657B', '填充組'),
	(107, '658', '塗模劑'),
	(108, '659', '混合組'),
	(109, '659C', '混合組'),
	(110, '660', '混合組'),
	(111, '760A', '塗模劑'),
	(112, '760B', '塗模劑'),
	(113, '765', '塗模劑'),
	(114, '765', '打料區'),
	(115, '765B', '混合組'),
	(116, '766A', '混合組'),
	(117, '767A', '塗模劑'),
	(118, '767B', '塗模劑'),
	(119, '767C', '塗模劑'),
	(120, '767D', '樹脂區'),
	(121, '767F', '樹脂區'),
	(122, '767T', '混合組'),
	(123, '768', '塗模劑'),
	(124, '769', '塗模劑'),
	(125, '871', '打料區'),
	(126, '874C', '塗模劑'),
	(127, '874F', '研發部'),
	(128, '877', '塗模劑'),
	(129, '980', '塗模劑'),
	(130, '981', '混合組'),
	(131, '986', '研發部'),
	(132, '988', '混合組'),
	(133, '988A', '打料區'),
	(134, '988C', '打料區'),
	(135, '990', '打料區'),
	(136, '992', '塗模劑'),
	(137, '994', '樹脂區'),
	(138, '999A', '打料區'),
	(139, '999A2', '打料區'),
	(140, '999A6', '研發部'),
	(141, '999M', '打料區'),
	(142, '999M3', '打料區'),
	(143, '999MB', '打料區'),
	(144, 'A04', '填充組'),
	(145, 'A05', '包裝組'),
	(146, 'A06', '包裝組'),
	(147, 'A10', '包裝組'),
	(148, 'A11', '包裝組'),
	(149, 'A19', '包裝組'),
	(150, 'A45-2', '包裝組'),
	(151, 'A60', '包裝組'),
	(152, 'A71', '包裝組'),
	(153, 'A71-1', '包裝組'),
	(154, 'A72', '包裝組'),
	(155, 'A72-1', '包裝組'),
	(156, 'B01', '混合組'),
	(157, 'B03', '混合組'),
	(158, 'B04', '填充組'),
	(159, 'B05', '包裝組'),
	(160, 'B05C', '包裝組'),
	(161, 'B05S', '包裝組'),
	(162, 'B16', '包裝組'),
	(163, 'B16N', '包裝組'),
	(164, 'B16S', '包裝組'),
	(165, 'B30S', '包裝組'),
	(166, 'B35S', '包裝組'),
	(167, 'B60', '包裝組'),
	(168, 'F00', '塗模劑'),
	(169, 'F02', '塗模劑'),
	(170, 'F03', '塗模劑'),
	(171, 'F04', '塗模劑'),
	(172, 'F04A', '塗模劑'),
	(173, 'F04A', '樹脂區'),
	(174, 'F07', '塗模劑'),
	(175, 'F08', '塗模劑'),
	(176, 'F09', '樹脂區'),
	(177, 'H01', '混合組'),
	(178, 'H02', '混合組'),
	(179, 'H04', '填充組'),
	(180, 'H05', '包裝組'),
	(181, 'H05A', '包裝組'),
	(182, 'H05C', '包裝組'),
	(183, 'H05D', '包裝組'),
	(184, 'H06', '包裝組'),
	(185, 'H10', '包裝組'),
	(186, 'H16', '包裝組'),
	(187, 'H18', '包裝組'),
	(188, 'H23', '包裝組'),
	(189, 'H25', '包裝組'),
	(190, 'H28', '包裝組'),
	(191, 'H35', '包裝組'),
	(192, 'H45', '包裝組'),
	(193, 'H71', '包裝組'),
	(194, 'H72', '包裝組'),
	(195, 'HT99', '包裝組'),
	(196, 'O03', '填充組'),
	(197, 'P01-1', '塗模劑'),
	(198, 'P02', '塗模劑'),
	(199, 'P04', '塗模劑'),
	(200, '998', '塗模劑'),
	(201, '998', '混合組'),
	(203, '016A', '混合組'),
	(204, '016A', '塗膜劑'),
	(205, '026', '塗膜劑'),
	(206, '982', '塗膜劑'),
	(207, '224', '塗膜劑'),
	(208, '987', '塗膜劑'),
	(209, '326', '混合組'),
	(210, '210B', '混合組'),
	(211, '210B', '塗模劑'),
	(212, '552', '混合組'),
	(213, '552', '樹脂區'),
	(214, '217AC', '生產一課'),
	(215, '217BB', '生產一課'),
	(216, '217AA', '生產一課'),
	(217, '547', '塗膜劑'),
	(218, '547', '混合組'),
	(219, 'CFA', '打料一區'),
	(220, 'CFA', '打料二區'),
	(221, '874A', '塗模劑'),
	(222, '874D', '塗模劑'),
	(223, '999A3', '打料一區'),
	(224, '999A3', '打料二區'),
	(225, '764B', '混合組'),
	(226, '764B', '塗膜劑'),
	(227, '217ACH', '生產一課'),
	(228, '217BH', '生產一課'),
	(229, '767G', '生產一課'),
	(230, '767G-A1', '生產一課'),
	(231, '767G-H4', '生產一課'),
	(232, '767GB', '生產一課'),
	(233, 'SLD-A', '生產一課'),
	(234, 'SLD-A2', '生產一課'),
	(235, 'SLD-A3', '生產一課'),
	(236, '438', '混合組'),
	(237, '331A', '混合組'),
	(238, '557', '研發'),
	(239, '217-1', '混合組');
/*!40000 ALTER TABLE `materialusage` ENABLE KEYS */;

-- 傾印  表格 sf.packaging 結構
CREATE TABLE IF NOT EXISTS `packaging` (
  `packagingID` int(16) unsigned NOT NULL AUTO_INCREMENT,
  `material` varchar(256) NOT NULL,
  `packaging` varchar(256) NOT NULL,
  `unitWeight` float unsigned NOT NULL DEFAULT 0,
  PRIMARY KEY (`packagingID`),
  KEY `packagingMaterialID` (`material`),
  CONSTRAINT `packagingMaterialID` FOREIGN KEY (`material`) REFERENCES `material` (`materialID`)
) ENGINE=InnoDB AUTO_INCREMENT=264 DEFAULT CHARSET=utf8;

-- 正在傾印表格  sf.packaging 的資料：~226 rows (大約)
/*!40000 ALTER TABLE `packaging` DISABLE KEYS */;
REPLACE INTO `packaging` (`packagingID`, `material`, `packaging`, `unitWeight`) VALUES
	(1, '006', '包', 1),
	(2, '007', '包', 1),
	(3, '011', '包', 1),
	(4, '012A', '包', 1),
	(5, '012B', '包', 1),
	(6, '013A', '包', 1),
	(7, '014A', '包', 1),
	(8, '014B', '包', 1),
	(9, '015A', '包', 1),
	(10, '017A', '包', 1),
	(11, '018', '包', 1),
	(12, '019', '包', 1),
	(13, '023', '包', 1),
	(14, '027', '包', 1),
	(15, '092', '包', 1),
	(16, '097', '包', 1),
	(17, '111', '包', 1),
	(18, '112', '包', 1),
	(19, '113', '包', 1),
	(20, '113A', '包', 1),
	(21, '114', '包', 1),
	(22, '115', '包', 1),
	(23, '117', '包', 1),
	(24, '128', '包', 1),
	(25, '129', '包', 1),
	(26, '150', '包', 1),
	(27, '153A', '包', 1),
	(28, '168', '包', 1),
	(29, '200', '包', 1),
	(30, '202', '包', 1),
	(31, '208', '包', 1),
	(32, '209', '包', 1),
	(33, '212', '包', 1),
	(34, '213', '包', 1),
	(35, '214', '包', 1),
	(36, '215', '包', 1),
	(37, '216', '包', 1),
	(38, '216A', '包', 1),
	(39, '216C', '包', 1),
	(40, '217', '包', 1),
	(41, '217A', '包', 1),
	(42, '217C', '包', 1),
	(43, '219A', '包', 1),
	(44, '228A', '包', 1),
	(45, '228B', '包', 1),
	(46, '320', '包', 1),
	(47, '321', '包', 1),
	(48, '321A', '包', 1),
	(49, '322A', '包', 1),
	(50, '322B', '包', 1),
	(51, '323', '包', 1),
	(52, '324', '包', 1),
	(53, '325B', '包', 1),
	(54, '331', '包', 1),
	(55, '332', '包', 1),
	(56, '340', '包', 1),
	(57, '420', '包', 1),
	(58, '430', '包', 1),
	(59, '431A', '包', 1),
	(60, '432', '包', 1),
	(61, '432A', '包', 1),
	(62, '432B', '包', 1),
	(63, '433C', '包', 1),
	(64, '433D', '包', 1),
	(65, '434A', '包', 1),
	(66, '434B', '包', 1),
	(67, '434C', '包', 1),
	(68, '435', '包', 1),
	(69, '435B', '包', 1),
	(70, '436', '包', 1),
	(71, '437A', '包', 1),
	(72, '439A', '包', 1),
	(73, '439B', '包', 1),
	(74, '439C', '包', 1),
	(75, '439D', '包', 1),
	(76, '507', '包', 1),
	(77, '508', '包', 1),
	(78, '540-3', '包', 1),
	(79, '540-4', '包', 1),
	(80, '542', '包', 1),
	(81, '543', '包', 1),
	(82, '544G', '包', 1),
	(83, '545', '包', 1),
	(84, '546', '包', 1),
	(85, '546B', '包', 1),
	(86, '548', '包', 1),
	(87, '551', '包', 1),
	(88, '650', '包', 1),
	(89, '654A', '包', 1),
	(90, '654AB', '包', 1),
	(91, '654B', '包', 1),
	(92, '654C', '包', 1),
	(93, '654H', '包', 1),
	(94, '655', '包', 1),
	(95, '657', '包', 1),
	(96, '657A', '包', 1),
	(97, '657B', '包', 1),
	(98, '658', '包', 1),
	(99, '659', '包', 1),
	(100, '659C', '包', 1),
	(101, '660', '包', 1),
	(102, '760A', '包', 1),
	(103, '760B', '包', 1),
	(104, '765', '包', 1),
	(105, '765B', '包', 1),
	(106, '766A', '包', 1),
	(107, '767A', '包', 1),
	(108, '767B', '包', 1),
	(109, '767C', '包', 1),
	(110, '767D', '包', 1),
	(111, '767F', '包', 1),
	(112, '767T', '包', 1),
	(113, '768', '包', 1),
	(114, '769', '包', 1),
	(115, '871', '包', 1),
	(116, '874C', '包', 1),
	(117, '874F', '包', 1),
	(118, '877', '包', 1),
	(119, '980', '包', 1),
	(120, '981', '包', 1),
	(121, '986', '包', 1),
	(122, '988', '包', 1),
	(123, '988A', '包', 1),
	(124, '988C', '包', 1),
	(125, '990', '包', 1),
	(126, '992', '包', 1),
	(127, '994', '包', 1),
	(128, '999A', '包', 1),
	(129, '999A2', '包', 1),
	(130, '999A6', '包', 1),
	(131, '999M', '包', 1),
	(132, '999M3', '包', 1),
	(133, '999MB', '包', 1),
	(134, 'A04', '個', 1),
	(135, 'A05', '個', 1),
	(136, 'A06', '個', 1),
	(137, 'A10', '個', 1),
	(138, 'A11', '個', 1),
	(139, 'A19', '個', 1),
	(140, 'A45-2', '個', 1),
	(141, 'A60', '個', 1),
	(142, 'A71', '個', 1),
	(143, 'A71-1', '個', 1),
	(144, 'A72', '個', 1),
	(145, 'A72-1', '個', 1),
	(146, 'B01', '個', 1),
	(147, 'B03', '個', 1),
	(148, 'B04', '個', 1),
	(149, 'B05', '個', 1),
	(150, 'B05C', '個', 1),
	(151, 'B05S', '個', 1),
	(152, 'B16', '個', 1),
	(153, 'B16N', '個', 1),
	(154, 'B16S', '個', 1),
	(155, 'B30S', '個', 1),
	(156, 'B35S', '個', 1),
	(157, 'B60', '個', 1),
	(158, 'F00', '個', 1),
	(159, 'F02', '個', 1),
	(160, 'F03', '個', 1),
	(161, 'F04', '個', 1),
	(162, 'F04A', '個', 1),
	(163, 'F07', '個', 1),
	(164, 'F08', '個', 1),
	(165, 'F09', '個', 1),
	(166, 'H01', '個', 1),
	(167, 'H02', '個', 1),
	(168, 'H04', '個', 1),
	(169, 'H05', '個', 1),
	(170, 'H05A', '個', 1),
	(171, 'H05C', '個', 1),
	(172, 'H05D', '個', 1),
	(173, 'H06', '個', 1),
	(174, 'H10', '個', 1),
	(175, 'H16', '個', 1),
	(176, 'H18', '個', 1),
	(177, 'H23', '個', 1),
	(178, 'H25', '個', 1),
	(179, 'H28', '個', 1),
	(180, 'H35', '個', 1),
	(181, 'H45', '個', 1),
	(182, 'H71', '個', 1),
	(183, 'H72', '個', 1),
	(184, 'HT99', '個', 1),
	(185, 'O03', '個', 1),
	(186, 'P01-1', '個', 1),
	(187, 'P02', '個', 1),
	(188, 'P04', '個', 1),
	(223, '765', '噸袋', 1),
	(226, '998', '包', 1),
	(228, '016A', '包', 1),
	(229, '026', '包', 1),
	(230, '982', '包', 1),
	(231, '224', '包', 1),
	(232, '987', '包', 1),
	(233, '326', '桶', 1),
	(234, '210B', '包', 1),
	(235, '552', '包', 1),
	(236, '217AC', '包', 1),
	(237, '217BB', '包', 1),
	(238, '217AA', '包', 1),
	(239, '547', '包', 1),
	(240, 'CFA', '包', 1),
	(241, '874A', '包', 1),
	(242, '874D', '包', 1),
	(243, '999A3', '包', 1),
	(244, '764B', '包', 1),
	(245, '217AA', '包', 18.5),
	(246, '217AC', '包', 26),
	(247, '217BB', '包', 25),
	(248, '217ACH', '包', 26),
	(249, '217BH', '包', 23),
	(250, '767G', '包', 18.5),
	(251, 'SLD-A', '包', 25),
	(252, 'SLD-A2', '包', 25),
	(253, 'SLD-A3', '包', 25),
	(254, '767GB', '包', 24),
	(255, '767G-A1', '包', 18.5),
	(256, '767G-H4', '包', 22.5),
	(257, '438', '包', 1),
	(258, '117', '桶', 30),
	(259, '331A', '包', 1),
	(260, '710', '桶', 1),
	(261, '503', '小桶', 1),
	(262, '557', '小桶', 1),
	(263, '217-1', '包', 1);
/*!40000 ALTER TABLE `packaging` ENABLE KEYS */;

-- 傾印  表格 sf.purchaseorder 結構
CREATE TABLE IF NOT EXISTS `purchaseorder` (
  `purchaseOrderID` varchar(256) NOT NULL,
  `material` varchar(256) NOT NULL,
  `supplier` int(16) unsigned NOT NULL,
  `packaging` int(16) unsigned NOT NULL,
  `purchaseCondition` varchar(256) NOT NULL,
  `issueDate` datetime NOT NULL,
  `purchasedPackageNumber` float unsigned NOT NULL DEFAULT 0,
  `notEnteredPackageNumber` float unsigned NOT NULL DEFAULT 0,
  PRIMARY KEY (`purchaseOrderID`),
  KEY `purchaseOrderMaterialID` (`material`),
  KEY `purchaseOrderSupplierID` (`supplier`),
  KEY `purchaseOrderPackagingID` (`packaging`),
  CONSTRAINT `purchaseOrderMaterialID` FOREIGN KEY (`material`) REFERENCES `material` (`materialID`),
  CONSTRAINT `purchaseOrderPackagingID` FOREIGN KEY (`packaging`) REFERENCES `packaging` (`packagingID`),
  CONSTRAINT `purchaseOrderSupplierID` FOREIGN KEY (`supplier`) REFERENCES `supplier` (`supplierID`)
) ENGINE=InnoDB DEFAULT CHARSET=utf8;

-- 正在傾印表格  sf.purchaseorder 的資料：~530 rows (大約)
/*!40000 ALTER TABLE `purchaseorder` DISABLE KEYS */;
REPLACE INTO `purchaseorder` (`purchaseOrderID`, `material`, `supplier`, `packaging`, `purchaseCondition`, `issueDate`, `purchasedPackageNumber`, `notEnteredPackageNumber`) VALUES
	('A20180723001', '216C', 51, 39, '一般', '2018-07-23 12:28:46', 20000, 0),
	('A20180723002', '216C', 52, 39, '一般', '2018-07-23 12:29:37', 9000, 0),
	('A20180723003', '988', 176, 122, '一般', '2018-07-23 12:30:00', 583, 0),
	('A20180723004', '543', 114, 81, '一般', '2018-07-23 12:30:47', 16, 0),
	('A20180723005', '014A', 8, 7, '一般', '2018-07-23 12:31:16', 166, 0),
	('A20180723006', '654B', 129, 91, '一般', '2018-07-23 12:31:33', 70, 0),
	('A20180723007', '012A', 4, 4, '一般', '2018-07-23 12:31:56', 500, 0),
	('A20180723008', '027', 16, 14, '一般', '2018-07-23 12:32:16', 50, 0),
	('A20180723009', '013A', 6, 6, '一般', '2018-07-23 12:32:30', 3000, 0),
	('A20180723010', '545', 117, 83, '一般', '2018-07-23 12:32:49', 3000, 0),
	('A20180723011', '217', 53, 40, '一般', '2018-07-23 12:33:09', 3200, 0),
	('A20180723012', '765B', 153, 105, '一般', '2018-07-23 12:33:30', 9000, 0),
	('A20180723013', '216', 49, 37, '一般', '2018-07-23 12:33:47', 9750, 0),
	('A20180723014', '012B', 5, 5, '一般', '2018-07-23 12:34:07', 475, 0),
	('A20180723015', '432A', 82, 61, '一般', '2018-07-23 12:34:34', 300, 0),
	('A20180723016', '331', 71, 54, '一般', '2018-07-23 12:34:52', 305, 0),
	('A20180723017', '324', 68, 52, '一般', '2018-07-23 12:35:06', 100, 0),
	('A20180723018', '439D', 108, 75, '一般', '2018-07-23 12:35:26', 2866, 0),
	('A20180723019', '542', 113, 80, '一般', '2018-07-23 12:35:43', 344, 0),
	('A20180723020', '019', 14, 12, '一般', '2018-07-23 12:35:58', 290, 0),
	('A20180723021', '323', 67, 51, '一般', '2018-07-23 12:36:13', 1020, 0),
	('A20180723022', '434A', 89, 65, '一般', '2018-07-23 12:37:06', 9000, 0),
	('A20180723023', '434B', 92, 66, '一般', '2018-07-23 12:37:23', 14000, 0),
	('A20180723024', '654C', 132, 92, '一般', '2018-07-23 12:37:44', 11250, 0),
	('A20180723025', '654H', 135, 93, '一般', '2018-07-23 12:37:58', 12500, 0),
	('A20180723026', '150', 36, 26, '一般', '2018-07-23 12:38:18', 2268, 0),
	('A20180723027', '435', 97, 68, '一般', '2018-07-23 12:38:33', 2000, 0),
	('A20180723028', '767B', 156, 108, '一般', '2018-07-23 12:38:53', 5200, 0),
	('A20180723029', '657', 138, 95, '一般', '2018-07-23 12:39:10', 2750, 0),
	('A20180723030', '202', 41, 30, '一般', '2018-07-23 12:39:25', 4000, 0),
	('A20180723031', '877', 171, 118, '一般', '2018-07-23 12:39:46', 480, 0),
	('A20180723032', '219A', 57, 43, '一般', '2018-07-23 12:40:01', 172, 0),
	('A20180723033', '112', 23, 18, '一般', '2018-07-23 12:40:26', 94, 0),
	('A20180723034', '769', 166, 114, '一般', '2018-07-23 12:40:38', 30, 0),
	('A20180723035', '023', 15, 13, '一般', '2018-07-23 12:41:01', 7, 0),
	('A20180723036', '340', 73, 56, '一般', '2018-07-23 12:41:35', 230, 0),
	('A20180723037', '766A', 154, 106, '一般', '2018-07-23 12:41:53', 210, 0),
	('A20180723038', '658', 142, 98, '一般', '2018-07-23 12:42:13', 366, 0),
	('A20180723039', '439C', 107, 74, '一般', '2018-07-23 12:42:31', 1975, 0),
	('A20180723040', '129', 35, 25, '一般', '2018-07-23 12:42:46', 387, 0),
	('A20180723041', '768', 164, 113, '一般', '2018-07-23 12:43:06', 500, 0),
	('A20180723042', '433C', 84, 63, '一般', '2018-07-23 12:43:23', 3000, 0),
	('A20180723043', '433D', 86, 64, '一般', '2018-07-23 12:43:39', 2000, 0),
	('A20180723044', '760B', 151, 103, '一般', '2018-07-23 12:43:55', 600, 0),
	('A20180723045', '439B', 106, 73, '一般', '2018-07-23 12:44:14', 1200, 0),
	('A20180723046', '765', 152, 223, '一般', '2018-07-23 13:05:31', 18000, 0),
	('A20180723047', '765', 152, 104, '一般', '2018-07-23 13:05:53', 1500, 0),
	('A20180723048', '998', 257, 226, '一般', '2018-07-23 13:17:36', 128, 0),
	('A20180723050', '326', 265, 233, '一般', '2018-07-23 14:03:01', 643, 0),
	('A20180723051', '016A', 259, 228, '一般', '2018-07-23 14:06:39', 206, 0),
	('A20180723052', '217C', 56, 42, '一般', '2018-07-24 05:46:00', 580, 0),
	('A20180723053', '548', 123, 86, '一般', '2018-07-24 05:47:05', 2000, 0),
	('A20180723054', '767T', 162, 112, '一般', '2018-07-24 05:47:35', 4000, 0),
	('A20180723055', '546', 120, 84, '一般', '2018-07-24 05:47:57', 4302, 0),
	('A20180723056', '321A', 64, 48, '一般', '2018-07-24 05:48:45', 2413, 0),
	('A20180723057', '551', 125, 87, '一般', '2018-07-24 05:49:25', 1424, 0),
	('A20180723058', '217A', 55, 41, '一般', '2018-07-24 05:50:26', 650, 0),
	('A20180723059', '115', 31, 22, '一般', '2018-07-24 05:51:06', 53.8, 0),
	('A20180723060', '208', 43, 31, '一般', '2018-07-24 05:51:55', 27, 0),
	('A20180723061', '200', 40, 29, '一般', '2018-07-24 05:52:34', 180, 0),
	('A20180723062', '213', 46, 34, '一般', '2018-07-24 05:52:49', 190, 0),
	('A20180723063', '988C', 181, 124, '一般', '2018-07-24 05:53:25', 8100, 0),
	('A20180723064', '228A', 59, 44, '一般', '2018-07-24 05:53:58', 2400, 0),
	('A20180723065', '999M', 192, 131, '一般', '2018-07-24 05:55:17', 480, 0),
	('A20180723066', '999A2', 190, 129, '一般', '2018-07-24 05:55:45', 9600, 0),
	('A20180723067', '999M3', 193, 132, '一般', '2018-07-24 05:56:09', 14100, 0),
	('A20180723068', '999MB', 194, 133, '一般', '2018-07-24 05:56:35', 13100, 0),
	('A20180723069', '657B', 141, 97, '一般', '2018-07-24 05:57:28', 4125, 0),
	('A20180723070', '168', 39, 28, '一般', '2018-07-24 05:58:00', 28, 0),
	('A20180723071', '874C', 169, 116, '一般', '2018-07-24 05:58:24', 25, 0),
	('A20180723072', '210B', 267, 234, '一般', '2018-07-24 06:03:09', 320, 0),
	('A20180723073', '026', 260, 229, '一般', '2018-07-24 06:03:57', 15, 0),
	('A20180723074', '224', 262, 231, '一般', '2018-07-24 06:04:20', 125, 0),
	('A20180723075', '987', 263, 232, '一般', '2018-07-24 06:04:45', 0.7, 0),
	('A20180723076', '552', 268, 235, '一般', '2018-07-24 06:24:35', 433, 0),
	('A20180724001', '540-3', 273, 78, '一般', '2018-07-24 08:01:43', 4500, 0),
	('A20180724002', '546B', 121, 85, '一般', '2018-07-24 08:02:36', 6000, 0),
	('A20180724003', '660', 146, 101, '一般', '2018-07-24 08:03:05', 1378, 0),
	('A20180724004', '114', 28, 21, '一般', '2018-07-24 08:03:32', 2340, 0),
	('A20180724005', '117', 32, 23, '一般', '2018-07-24 08:03:56', 16, 0),
	('A20180724006', '994', 185, 127, '一般', '2018-07-24 08:04:26', 24935, 0),
	('A20180724007', '111', 20, 17, '一般', '2018-07-24 08:04:51', 4000, 0),
	('A20180724008', '999A', 189, 128, '一般', '2018-07-24 08:05:20', 4320, 0),
	('A20180724009', '092', 17, 15, '一般', '2018-07-24 08:05:43', 490, 0),
	('A20180724010', '871', 167, 115, '一般', '2018-07-24 08:06:10', 400, 0),
	('A20180724011', '547', 274, 239, '一般', '2018-07-24 08:16:52', 26, 0),
	('A20180724012', '988C', 275, 124, '一般', '2018-07-24 08:18:30', 1800, 0),
	('A20180724013', '228A', 276, 44, '一般', '2018-07-24 08:20:03', 3000, 0),
	('A20180724014', 'CFA', 277, 240, '一般', '2018-07-24 08:23:42', 3840, 0),
	('A20180724015', '874A', 278, 241, '一般', '2018-07-24 08:28:08', 0.3, 0),
	('A20180724016', '874D', 279, 242, '一般', '2018-07-24 08:30:46', 6, 0),
	('A20180724017', '999A3', 280, 243, '一般', '2018-07-24 08:38:20', 13840, 0),
	('A20180724018', '215', 48, 36, '一般', '2018-07-24 10:11:52', 3000, 0),
	('A20180724019', '216', 49, 37, '一般', '2018-07-24 10:12:27', 7500, 0),
	('A20180724020', '654B', 129, 91, '一般', '2018-07-24 10:14:30', 25000, 0),
	('A20180724021', '764B', 281, 244, '一般', '2018-07-24 13:09:54', 70, 0),
	('A20180724022', '434B', 92, 66, '一般', '2018-07-24 13:20:01', 10000, 0),
	('A20180724023', '215', 282, 36, '一般', '2018-07-24 16:32:47', 1180, 0),
	('A20180725001', '325B', 69, 53, '一般', '2018-07-25 09:03:03', 6000, 0),
	('A20180725002', '767T', 162, 112, '一般', '2018-07-25 09:04:04', 10000, 0),
	('A20180725003', '113', 24, 19, '一般', '2018-07-25 10:34:33', 5000, 0),
	('A20180725004', '767F', 160, 111, '一般', '2018-07-25 10:35:05', 3000, 0),
	('A20180725005', '981', 174, 120, '一般', '2018-07-25 11:24:37', 1211.5, 0),
	('A20180725006', '439A', 105, 72, '一般', '2018-07-25 11:52:26', 3400, 0),
	('A20180725007', '988A', 178, 123, '一般', '2018-07-25 15:45:46', 10000, 0),
	('A20180727001', '434C', 95, 67, '一般', '2018-07-27 09:05:21', 5000, 0),
	('A20180727002', '217BB', 285, 247, '一般', '2018-07-27 12:01:27', 48, 0),
	('A20180727003', '217BB', 285, 247, '一般', '2018-07-27 12:01:48', 53, 0),
	('A20180727004', '217AA', 284, 245, '一般', '2018-07-27 12:02:48', 35, 0),
	('A20180727005', '217AA', 284, 245, '一般', '2018-07-27 12:03:08', 30, 0),
	('A20180727006', '217AC', 286, 246, '一般', '2018-07-27 12:05:44', 532, 0),
	('A20180727007', '767G', 283, 250, '一般', '2018-07-27 12:07:28', 137, 0),
	('A20180727008', '767GB', 297, 254, '一般', '2018-07-27 12:16:36', 118, 0),
	('A20180727009', '217ACH', 287, 248, '一般', '2018-07-27 12:17:22', 99, 0),
	('A20180727010', '217BH', 288, 249, '一般', '2018-07-27 12:17:54', 44, 0),
	('A20180727011', '767G-A1', 298, 255, '一般', '2018-07-27 12:21:15', 48, 0),
	('A20180727012', '767G-H4', 299, 256, '一般', '2018-07-27 12:21:51', 20, 0),
	('A20180727013', '767G', 283, 250, '一般', '2018-07-27 13:21:04', 45, 0),
	('A20180727014', '767GB', 297, 254, '一般', '2018-07-27 13:21:31', 46, 0),
	('A20180727015', '217AC', 286, 246, '一般', '2018-07-27 13:21:57', 45, 0),
	('A20180727016', '217AC', 286, 246, '一般', '2018-07-27 13:26:18', 532, 0),
	('A20180727017', '217BB', 285, 247, '一般', '2018-07-27 14:01:07', 87, 0),
	('A20180730001', '215', 48, 36, '一般', '2018-07-30 08:29:54', 3000, 0),
	('A20180730002', '217', 53, 40, '一般', '2018-07-30 08:30:26', 8000, 0),
	('A20180730003', '431A', 80, 59, '一般', '2018-07-30 08:31:19', 1500, 0),
	('A20180730004', '657B', 141, 97, '一般', '2018-07-30 08:31:58', 6875, 0),
	('A20180730005', '006', 1, 1, '一般', '2018-07-30 08:32:32', 2000, 0),
	('A20180730006', '432', 81, 60, '一般', '2018-07-30 08:33:25', 3600, 0),
	('A20180730007', '219A', 57, 43, '一般', '2018-07-30 08:36:19', 344, 0),
	('A20180730008', '877', 171, 118, '一般', '2018-07-30 08:36:40', 320, 0),
	('A20180730009', '217BB', 285, 247, '一般', '2018-07-30 11:52:44', 40, 0),
	('A20180730010', '217AC', 286, 246, '一般', '2018-07-30 11:58:53', 43, 0),
	('A20180730011', '432A', 82, 61, '一般', '2018-07-30 13:04:49', 1000, 0),
	('A20180730012', '324', 68, 52, '一般', '2018-07-30 13:05:43', 1000, 0),
	('A20180730013', '435B', 101, 69, '一般', '2018-07-30 13:06:11', 20000, 0),
	('A20180730014', '113', 24, 19, '一般', '2018-07-30 15:12:04', 10000, 0),
	('A20180730015', '216', 49, 37, '一般', '2018-07-30 15:12:31', 7500, 0),
	('A20180730016', '216C', 51, 39, '一般', '2018-07-30 15:12:47', 3000, 0),
	('A20180730017', '217AC', 286, 246, '一般', '2018-07-30 15:14:43', 39, 0),
	('A20180731001', '548', 123, 86, '一般', '2018-07-31 08:25:32', 4000, 0),
	('A20180731002', '217AC', 286, 246, '一般', '2018-07-31 09:49:37', 44, 0),
	('A20180731003', '216C', 52, 39, '一般', '2018-07-31 10:14:47', 20000, 0),
	('A20180731004', '654B', 129, 91, '一般', '2018-07-31 10:15:19', 25000, 0),
	('A20180731005', '765', 152, 223, '一般', '2018-07-31 10:16:15', 25000, 0),
	('A20180731006', '999A2', 190, 129, '一般', '2018-07-31 10:17:08', 4500, 0),
	('A20180731007', '216', 49, 37, '一般', '2018-07-31 10:39:36', 7500, 0),
	('A20180731008', '767GB', 297, 254, '一般', '2018-07-31 11:55:40', 45, 0),
	('A20180731009', '150', 36, 26, '一般', '2018-07-31 13:27:09', 6804, 0),
	('A20180731010', '433D', 86, 64, '一般', '2018-07-31 13:27:35', 3000, 0),
	('A20180731011', '209', 44, 32, '一般', '2018-07-31 13:31:49', 40, 0),
	('A20180731012', '438', 300, 257, '一般', '2018-07-31 13:34:15', 207, 0),
	('A20180731013', '439A', 105, 72, '一般', '2018-07-31 14:31:14', 800, 0),
	('A20180731014', '767GB', 297, 254, '一般', '2018-07-31 14:33:06', 46, 0),
	('A20180731015', '217BB', 285, 247, '一般', '2018-07-31 15:55:37', 49, 0),
	('A20180801001', '435', 98, 68, '一般', '2018-08-01 09:25:15', 20000, 0),
	('A20180801002', '212', 45, 33, '一般', '2018-08-01 09:28:41', 89, 0),
	('A20180801003', '214', 47, 35, '一般', '2018-08-01 09:29:21', 800, 0),
	('A20180801004', '200', 40, 29, '一般', '2018-08-01 09:30:35', 31, 0),
	('A20180801005', '217AC', 286, 246, '一般', '2018-08-01 11:34:01', 44, 0),
	('A20180801006', '217BB', 285, 247, '一般', '2018-08-01 11:34:49', 50, 0),
	('A20180801007', '217BB', 285, 247, '一般', '2018-08-01 12:01:03', 50, 0),
	('A20180801008', '217AC', 286, 246, '一般', '2018-08-01 12:01:20', 44, 0),
	('A20180801009', '217BB', 285, 247, '一般', '2018-08-01 14:24:32', 48, 0),
	('A20180802001', '217BB', 285, 247, '一般', '2018-08-02 08:52:28', 45, 0),
	('A20180802002', '117', 32, 258, '一般', '2018-08-02 09:31:55', 16, 0),
	('A20180802003', '767GB', 297, 254, '一般', '2018-08-02 13:37:36', 46, 0),
	('A20180802004', '217BB', 285, 247, '一般', '2018-08-02 14:08:18', 45, 0),
	('A20180802005', '217BB', 285, 247, '一般', '2018-08-02 14:13:43', 45, 0),
	('A20180803001', '217BB', 285, 247, '一般', '2018-08-03 08:22:05', 46, 0),
	('A20180803002', '217AA', 284, 245, '一般', '2018-08-03 08:22:31', 61, 0),
	('A20180803003', '767G', 283, 250, '一般', '2018-08-03 08:24:58', 46, 0),
	('A20180803004', '999MB', 194, 133, '特採', '2018-08-03 08:53:39', 1760, 0),
	('A20180803005', '217BB', 285, 247, '一般', '2018-08-03 09:41:55', 48, 0),
	('A20180803006', '657', 138, 95, '一般', '2018-08-03 09:43:20', 6875, 0),
	('A20180803007', '767F', 160, 111, '一般', '2018-08-03 09:43:50', 5000, 0),
	('A20180803008', '994', 184, 127, '一般', '2018-08-03 09:44:17', 25000, 0),
	('A20180803009', 'SLD-A2', 293, 252, '一般', '2018-08-03 10:47:25', 41, 0),
	('A20180803010', '217BB', 285, 247, '一般', '2018-08-03 14:27:15', 85, 0),
	('A20180803011', '767G', 283, 250, '一般', '2018-08-03 14:27:32', 46, 0),
	('A20180803012', '767G-A1', 298, 255, '一般', '2018-08-03 14:27:49', 47, 0),
	('A20180803013', '767B', 156, 108, '一般', '2018-08-03 14:30:45', 13000, 0),
	('A20180803014', '217BB', 285, 247, '一般', '2018-08-03 14:57:14', 45, 0),
	('A20180806001', '994', 184, 127, '一般', '2018-08-06 08:49:12', 25000, 0),
	('A20180806002', '216', 49, 37, '一般', '2018-08-06 09:07:30', 10500, 0),
	('A20180806003', '217A', 55, 41, '一般', '2018-08-06 09:07:54', 1000, 0),
	('A20180806004', '767T', 162, 112, '一般', '2018-08-06 09:09:38', 10000, 0),
	('A20180806005', '545', 117, 83, '一般', '2018-08-06 09:10:11', 2000, 0),
	('A20180806006', '767G', 283, 250, '一般', '2018-08-06 10:16:20', 46, 0),
	('A20180806007', '767GB', 297, 254, '一般', '2018-08-06 10:16:48', 45, 0),
	('A20180806008', '217AA', 284, 245, '一般', '2018-08-06 10:35:27', 60, 0),
	('A20180806009', '217BB', 285, 247, '一般', '2018-08-06 13:10:42', 50, 0),
	('A20180806010', 'CFA', 277, 240, '一般', '2018-08-06 13:43:29', 12000, 0),
	('A20180806011', 'CFA', 277, 240, '一般', '2018-08-06 15:12:15', 12000, 0),
	('A20180806012', '217AC', 286, 246, '一般', '2018-08-06 15:36:41', 31, 0),
	('A20180806013', '767G-H4', 299, 256, '一般', '2018-08-06 15:36:58', 44, 0),
	('A20180806014', '117', 32, 258, '一般', '2018-08-06 17:00:39', 14, 0),
	('A20180807001', '217BB', 285, 247, '一般', '2018-08-07 07:58:37', 40, 0),
	('A20180807002', '988', 176, 122, '一般', '2018-08-07 09:30:52', 2300, 0),
	('A20180807003', '988C', 181, 124, '一般', '2018-08-07 09:31:28', 2300, 0),
	('A20180807004', '654C', 132, 92, '一般', '2018-08-07 09:42:14', 2500, 0),
	('A20180807005', '988', 176, 122, '一般', '2018-08-07 10:54:36', 2302, 0),
	('A20180807006', '767B', 301, 108, '一般', '2018-08-07 11:49:23', 10000, 0),
	('A20180807007', '217BB', 285, 247, '一般', '2018-08-07 14:17:04', 48, 0),
	('A20180807008', '767GB', 297, 254, '一般', '2018-08-07 14:17:21', 46, 0),
	('A20180807009', '228B', 61, 45, '一般', '2018-08-07 14:18:23', 4800, 0),
	('A20180807010', '548', 123, 86, '一般', '2018-08-07 14:18:57', 8000, 0),
	('A20180807011', '994', 184, 127, '一般', '2018-08-07 14:25:39', 25000, 0),
	('A20180807012', '217BB', 285, 247, '一般', '2018-08-07 16:04:35', 50, 0),
	('A20180807013', '767GB', 297, 254, '一般', '2018-08-07 16:05:02', 46, 0),
	('A20180808001', '439B', 106, 73, '一般', '2018-08-08 07:58:20', 1200, 0),
	('A20180808002', '765', 152, 104, '一般', '2018-08-08 07:58:39', 3000, 0),
	('A20180808003', '765B', 153, 105, '一般', '2018-08-08 07:58:54', 9000, 0),
	('A20180808004', '767G', 283, 250, '一般', '2018-08-08 08:08:07', 92, 0),
	('A20180808005', '217AC', 286, 246, '一般', '2018-08-08 08:08:30', 33, 0),
	('A20180808006', '767G', 283, 250, '一般', '2018-08-08 09:35:32', 45, 0),
	('A20180808007', '216C', 51, 39, '一般', '2018-08-08 10:16:30', 11000, 0),
	('A20180808008', '432A', 82, 61, '一般', '2018-08-08 10:17:06', 20000, 20000),
	('A20180808009', '999A2', 190, 129, '一般', '2018-08-08 10:17:31', 4500, 0),
	('A20180808010', '767G', 283, 250, '一般', '2018-08-08 11:10:40', 46, 0),
	('A20180808011', '217BB', 285, 247, '一般', '2018-08-08 13:47:33', 44, 0),
	('A20180808012', '767GB', 297, 254, '一般', '2018-08-08 13:48:07', 45, 0),
	('A20180808013', '540-3', 273, 78, '一般', '2018-08-08 14:29:20', 6000, 0),
	('A20180808014', '767GB', 297, 254, '一般', '2018-08-08 14:29:40', 46, 0),
	('A20180808015', '217AC', 286, 246, '一般', '2018-08-08 16:06:33', 38, 0),
	('A20180808016', '217AC', 286, 246, '一般', '2018-08-08 16:07:03', 44, 0),
	('A20180809001', '217AC', 286, 246, '一般', '2018-08-09 08:01:02', 85, 0),
	('A20180809002', '216C', 51, 39, '一般', '2018-08-09 09:53:20', 11000, 0),
	('A20180809003', '874C', 169, 116, '一般', '2018-08-09 09:53:50', 100, 0),
	('A20180809004', '657B', 141, 97, '一般', '2018-08-09 09:54:15', 6875, 0),
	('A20180809005', '767F', 160, 111, '一般', '2018-08-09 09:54:40', 3000, 0),
	('A20180809006', '217AC', 286, 246, '一般', '2018-08-09 11:45:35', 42, 0),
	('A20180809007', '767G', 283, 250, '一般', '2018-08-09 11:45:53', 46, 0),
	('A20180809008', '217BB', 285, 247, '一般', '2018-08-09 11:46:09', 44, 0),
	('A20180809009', '217AC', 286, 246, '一般', '2018-08-09 14:04:41', 48, 0),
	('A20180809010', '767G', 283, 250, '一般', '2018-08-09 14:05:24', 46, 0),
	('A20180809011', '432A', 302, 61, '一般', '2018-08-09 15:28:02', 2000, 0),
	('A20180809012', '767GB', 297, 254, '一般', '2018-08-09 16:40:22', 46, 0),
	('A20180809013', '217BB', 285, 247, '一般', '2018-08-09 16:40:36', 48, 0),
	('A20180810001', '217', 53, 40, '一般', '2018-08-10 13:26:28', 8000, 0),
	('A20180810002', '215', 48, 36, '一般', '2018-08-10 13:27:32', 3000, 0),
	('A20180810003', '217AC', 286, 246, '一般', '2018-08-10 13:29:33', 42, 0),
	('A20180810004', '767G-A1', 298, 255, '一般', '2018-08-10 14:42:11', 51, 0),
	('A20180810005', '217A', 55, 41, '一般', '2018-08-10 16:57:37', 1000, 0),
	('A20180813001', '217AA', 284, 245, '一般', '2018-08-13 08:04:59', 67, 0),
	('A20180813002', '994', 186, 127, '一般', '2018-08-13 08:46:22', 25000, 0),
	('A20180813003', '216', 49, 37, '一般', '2018-08-13 08:46:36', 10500, 0),
	('A20180813004', '767G-A1', 298, 255, '一般', '2018-08-13 11:45:24', 48, 0),
	('A20180813005', '767G', 283, 250, '一般', '2018-08-13 11:45:54', 45, 0),
	('A20180813006', '217AA', 284, 245, '一般', '2018-08-13 15:22:56', 67, 0),
	('A20180813007', '217BB', 285, 247, '一般', '2018-08-13 15:23:10', 49, 0),
	('A20180813008', '994', 186, 127, '一般', '2018-08-13 15:53:15', 25000, 0),
	('A20180813009', '027', 16, 14, '一般', '2018-08-13 15:53:56', 100, 0),
	('A20180813010', '767G-A1', 298, 255, '一般', '2018-08-13 17:02:51', 51, 0),
	('A20180813011', '767G-A1', 298, 255, '一般', '2018-08-13 17:03:18', 51, 0),
	('A20180814001', '217AA', 284, 245, '一般', '2018-08-14 08:25:54', 67, 0),
	('A20180814002', '217AC', 286, 246, '一般', '2018-08-14 08:26:41', 43, 0),
	('A20180814003', '217AC', 286, 246, '一般', '2018-08-14 11:10:08', 41, 0),
	('A20180814004', '767G-H4', 299, 256, '一般', '2018-08-14 11:10:22', 45, 0),
	('A20180814005', '217BB', 285, 247, '一般', '2018-08-14 13:33:35', 49, 0),
	('A20180814006', '767GB', 297, 254, '一般', '2018-08-14 14:31:26', 46, 0),
	('A20180814007', '217BB', 285, 247, '一般', '2018-08-14 16:40:33', 94, 0),
	('A20180814008', '654B', 129, 91, '一般', '2018-08-14 16:41:13', 12500, 0),
	('A20180816001', '217AC', 286, 246, '一般', '2018-08-16 08:17:25', 43, 0),
	('A20180816002', '217AC', 286, 246, '一般', '2018-08-16 08:17:47', 45, 0),
	('A20180816003', '767GB', 297, 254, '一般', '2018-08-16 08:18:20', 92, 0),
	('A20180816004', '767GB', 297, 254, '一般', '2018-08-16 08:18:44', 45, 0),
	('A20180816005', '767G', 283, 250, '一般', '2018-08-16 08:22:57', 92, 0),
	('A20180816006', '219A', 57, 43, '一般', '2018-08-16 08:56:40', 516, 0),
	('A20180816007', '322A', 65, 49, '一般', '2018-08-16 08:56:59', 360, 0),
	('A20180816008', '320', 62, 46, '一般', '2018-08-16 08:57:16', 176, 0),
	('A20180816009', '113', 24, 19, '一般', '2018-08-16 09:09:54', 10000, 0),
	('A20180816010', '439A', 105, 72, '一般', '2018-08-16 09:58:03', 3200, 0),
	('A20180816011', '216C', 52, 39, '一般', '2018-08-16 09:58:38', 20000, 0),
	('A20180816012', '999MB', 194, 133, '一般', '2018-08-16 10:00:01', 11500, 0),
	('A20180816013', '015A', 10, 9, '一般', '2018-08-16 10:00:34', 1500, 0),
	('A20180816014', '546B', 121, 85, '一般', '2018-08-16 10:05:19', 6000, 0),
	('A20180816015', '217BB', 285, 247, '一般', '2018-08-16 11:14:12', 46, 0),
	('A20180816016', '654B', 129, 91, '一般', '2018-08-16 11:21:04', 25000, 0),
	('A20180816017', '767G', 283, 250, '一般', '2018-08-16 13:35:44', 46, 0),
	('A20180816018', '767G', 283, 250, '一般', '2018-08-16 14:21:07', 46, 0),
	('A20180816019', '217BB', 285, 247, '一般', '2018-08-16 17:09:08', 45, 0),
	('A20180817001', '114', 29, 21, '一般', '2018-08-17 08:38:52', 3200, 0),
	('A20180817002', '111', 20, 17, '一般', '2018-08-17 08:50:03', 4000, 0),
	('A20180817003', '217BB', 285, 247, '一般', '2018-08-17 11:35:32', 43, 0),
	('A20180817004', '767G-A1', 298, 255, '一般', '2018-08-17 11:36:35', 47, 0),
	('A20180817005', '217AA', 284, 245, '一般', '2018-08-17 14:34:12', 63, 0),
	('A20180817006', '217BB', 285, 247, '一般', '2018-08-17 16:10:56', 44, 0),
	('A20180820001', '215', 48, 36, '一般', '2018-08-20 08:48:30', 5000, 0),
	('A20180820002', '216', 49, 37, '一般', '2018-08-20 08:49:45', 6000, 0),
	('A20180820003', '544G', 115, 82, '一般', '2018-08-20 08:53:48', 500, 0),
	('A20180820004', '657B', 141, 97, '一般', '2018-08-20 08:54:08', 2750, 0),
	('A20180820005', '544G', 115, 82, '一般', '2018-08-20 10:54:49', 500, 46.4),
	('A20180820006', '767G', 283, 250, '一般', '2018-08-20 11:37:07', 46, 0),
	('A20180820007', '767F', 160, 111, '一般', '2018-08-20 13:05:43', 5000, 0),
	('A20180820008', '981', 173, 120, '一般', '2018-08-20 13:45:32', 11950, 0),
	('A20180820009', '217BB', 285, 247, '一般', '2018-08-20 14:35:48', 45, 0),
	('A20180820010', '228A', 59, 44, '一般', '2018-08-20 15:14:59', 600, 0),
	('A20180820011', '999MB', 194, 133, '一般', '2018-08-20 16:13:23', 11500, 11500),
	('A20180820012', '332', 72, 55, '一般', '2018-08-20 16:14:01', 1000, 0),
	('A20180820013', '217BB', 285, 247, '一般', '2018-08-20 16:30:48', 45, 0),
	('A20180820014', '331A', 303, 259, '一般', '2018-08-20 16:46:04', 3200, 0),
	('A20180821001', '217BB', 285, 247, '一般', '2018-08-21 07:55:08', 44, 0),
	('A20180821002', '217BB', 285, 247, '一般', '2018-08-21 11:12:35', 46, 0),
	('A20180821003', '540-3', 273, 78, '一般', '2018-08-21 11:19:09', 6000, 0),
	('A20180821004', '767G-H4', 299, 256, '一般', '2018-08-21 14:49:13', 44, 0),
	('A20180821005', '217AC', 286, 246, '一般', '2018-08-21 16:29:08', 41, 0),
	('A20180821006', '767G', 283, 250, '一般', '2018-08-21 16:29:27', 45, 0),
	('A20180822001', '216', 49, 37, '一般', '2018-08-22 08:33:10', 10500, 0),
	('A20180822002', '217BB', 285, 247, '一般', '2018-08-22 08:36:43', 45, 0),
	('A20180822003', '217AC', 286, 246, '一般', '2018-08-22 08:43:49', 43, 0),
	('A20180822004', '767G', 283, 250, '一般', '2018-08-22 08:46:54', 46, 0),
	('A20180822005', '999A2', 190, 129, '一般', '2018-08-22 11:02:12', 4500, 0),
	('A20180822006', '217AC', 286, 246, '一般', '2018-08-22 11:05:17', 42, 0),
	('A20180822007', '217BB', 285, 247, '一般', '2018-08-22 11:05:46', 90, 0),
	('A20180822008', '217AC', 286, 246, '一般', '2018-08-22 16:42:44', 42, 0),
	('A20180822009', '217BB', 285, 247, '一般', '2018-08-22 16:43:06', 130, 0),
	('A20180822010', '217AC', 286, 246, '一般', '2018-08-22 16:43:22', 45, 0),
	('A20180822011', '767GB', 297, 254, '一般', '2018-08-22 16:43:39', 91, 0),
	('A20180823001', '765B', 153, 105, '一般', '2018-08-23 08:00:21', 6000, 0),
	('A20180823002', '871', 168, 115, '一般', '2018-08-23 08:01:04', 400, 0),
	('A20180823003', '434A', 88, 65, '一般', '2018-08-23 08:03:14', 14000, 0),
	('A20180823004', '765', 152, 223, '一般', '2018-08-23 08:03:55', 25000, 0),
	('A20180823005', '217', 53, 40, '一般', '2018-08-23 08:04:42', 4800, 0),
	('A20180823006', '216C', 51, 39, '一般', '2018-08-23 08:05:10', 6000, 0),
	('A20180823007', '767T', 162, 112, '一般', '2018-08-23 08:05:54', 10000, 0),
	('A20180823008', '654B', 129, 91, '一般', '2018-08-23 11:40:12', 25000, 0),
	('A20180823009', '217AC', 286, 246, '一般', '2018-08-23 13:01:47', 43, 0),
	('A20180823010', '767GB', 297, 254, '一般', '2018-08-23 13:02:05', 46, 0),
	('A20180823011', '217AA', 284, 245, '一般', '2018-08-23 15:44:39', 47, 0),
	('A20180823012', '767G', 283, 250, '一般', '2018-08-23 15:45:15', 46, 0),
	('A20180823013', '217AA', 284, 245, '一般', '2018-08-23 15:49:15', 35, 0),
	('A20180827001', '765', 152, 223, '一般', '2018-08-27 07:52:36', 24000, 0),
	('A20180827002', '217AA', 284, 245, '一般', '2018-08-27 08:19:50', 70, 0),
	('A20180827003', '767G-A1', 298, 255, '一般', '2018-08-27 08:20:19', 47, 0),
	('A20180827004', '217BB', 285, 247, '一般', '2018-08-27 10:35:25', 40, 0),
	('A20180827005', '767G', 283, 250, '一般', '2018-08-27 13:16:12', 46, 0),
	('A20180827006', '217AC', 286, 246, '一般', '2018-08-27 13:16:26', 42, 0),
	('A20180827007', '767G', 283, 250, '一般', '2018-08-27 16:12:40', 91, 0),
	('A20180828001', '217BB', 285, 247, '一般', '2018-08-28 09:00:17', 48, 0),
	('A20180828002', '217AC', 286, 246, '一般', '2018-08-28 14:09:58', 89, 0),
	('A20180828003', '767G-A1', 298, 255, '一般', '2018-08-28 14:10:25', 47, 0),
	('A20180828004', '767G', 283, 250, '一般', '2018-08-28 15:25:41', 45, 0),
	('A20180828005', '767GB', 297, 254, '一般', '2018-08-28 16:49:49', 46, 0),
	('A20180829001', '113', 24, 19, '一般', '2018-08-29 08:02:34', 10000, 0),
	('A20180829002', '767F', 160, 111, '一般', '2018-08-29 08:03:07', 5000, 0),
	('A20180829003', '432', 81, 60, '一般', '2018-08-29 08:03:31', 3200, 0),
	('A20180829004', '019', 14, 12, '一般', '2018-08-29 08:04:21', 500, 500),
	('A20180829005', '217BB', 285, 247, '一般', '2018-08-29 08:30:35', 48, 0),
	('A20180829006', '014B', 9, 8, '一般', '2018-08-29 11:36:42', 2000, 0),
	('A20180829007', '217AC', 286, 246, '一般', '2018-08-29 11:53:38', 42, 0),
	('A20180829008', '217BB', 285, 247, '一般', '2018-08-29 11:53:52', 45, 0),
	('A20180829009', '767G-H4', 299, 256, '一般', '2018-08-29 11:54:28', 45, 0),
	('A20180829010', '999M3', 193, 132, '一般', '2018-08-29 14:48:45', 300, 0),
	('A20180829011', '217BB', 285, 247, '一般', '2018-08-29 16:01:05', 101, 0),
	('A20180829012', '767GB', 297, 254, '一般', '2018-08-29 16:01:21', 46, 0),
	('A20180829013', '767GB', 297, 254, '一般', '2018-08-29 16:16:23', 46, 0),
	('A20180830001', '217BB', 285, 247, '一般', '2018-08-30 07:56:21', 47, 0),
	('A20180830002', '439A', 105, 72, '一般', '2018-08-30 08:09:46', 3200, 0),
	('A20180830003', '657B', 141, 97, '一般', '2018-08-30 08:10:42', 6875, 0),
	('A20180830004', '767G', 283, 250, '一般', '2018-08-30 11:20:32', 46, 0),
	('A20180830005', '217BB', 285, 247, '一般', '2018-08-30 13:25:41', 44, 0),
	('A20180830006', '217AA', 284, 245, '一般', '2018-08-30 13:55:38', 62, 0),
	('A20180830007', '767G', 283, 250, '一般', '2018-08-30 15:30:21', 91, 0),
	('A20180830008', '217AA', 284, 245, '一般', '2018-08-30 16:23:22', 70, 0),
	('A20180830009', '767G', 283, 250, '一般', '2018-08-30 16:23:35', 46, 0),
	('A20180831001', '217AC', 286, 246, '一般', '2018-08-31 08:29:31', 42, 0),
	('A20180831002', '217BB', 285, 247, '一般', '2018-08-31 08:29:52', 48, 0),
	('A20180831003', '217BB', 285, 247, '一般', '2018-08-31 10:25:42', 92, 0),
	('A20180831004', '767G', 283, 250, '一般', '2018-08-31 14:00:15', 46, 0),
	('A20180831005', '767G', 283, 250, '一般', '2018-08-31 14:04:25', 46, 0),
	('A20180831006', '767GB', 297, 254, '一般', '2018-08-31 14:04:43', 46, 0),
	('A20180831007', '217BB', 285, 247, '一般', '2018-08-31 14:31:47', 45, 0),
	('A20180903001', '988C', 181, 124, '一般', '2018-09-03 08:58:44', 16200, 0),
	('A20180903002', '545', 117, 83, '一般', '2018-09-03 09:01:30', 3000, 0),
	('A20180903003', '767GB', 297, 254, '一般', '2018-09-03 11:19:12', 91, 0),
	('A20180903004', '217BB', 285, 247, '一般', '2018-09-03 11:19:44', 42, 0),
	('A20180903005', '217AC', 286, 246, '一般', '2018-09-03 14:47:29', 39, 0),
	('A20180903006', '217BB', 285, 247, '一般', '2018-09-03 14:48:04', 43, 0),
	('A20180903007', '217BB', 285, 247, '一般', '2018-09-03 16:23:54', 86, 0),
	('A20180904001', '215', 48, 36, '一般', '2018-09-04 08:05:33', 5000, 0),
	('A20180904002', '217', 53, 40, '一般', '2018-09-04 08:05:54', 5600, 0),
	('A20180904003', '216', 49, 37, '一般', '2018-09-04 08:06:15', 10500, 0),
	('A20180904004', '654B', 129, 91, '一般', '2018-09-04 09:00:45', 25000, 0),
	('A20180904005', '217BB', 285, 247, '一般', '2018-09-04 10:03:36', 40, 0),
	('A20180904006', '217AA', 284, 245, '一般', '2018-09-04 11:58:55', 61, 0),
	('A20180904007', '217BB', 285, 247, '一般', '2018-09-04 14:50:23', 80, 0),
	('A20180904008', '216C', 51, 39, '一般', '2018-09-04 15:20:50', 11000, 0),
	('A20180904009', '435', 98, 68, '一般', '2018-09-04 15:31:34', 4000, 0),
	('A20180904010', '217AC', 286, 246, '一般', '2018-09-04 15:38:33', 38, 0),
	('A20180904011', '217BB', 285, 247, '一般', '2018-09-04 16:50:01', 40, 0),
	('A20180904012', '767G', 283, 250, '一般', '2018-09-04 16:50:18', 92, 0),
	('A20180905001', '767G', 283, 250, '一般', '2018-09-05 07:41:58', 46, 0),
	('A20180905002', '217AC', 286, 246, '一般', '2018-09-05 07:42:45', 78, 0),
	('A20180905003', '767T', 162, 112, '一般', '2018-09-05 08:22:35', 6000, 0),
	('A20180905004', '216C', 51, 39, '一般', '2018-09-05 08:22:55', 11000, 0),
	('A20180905005', '217BB', 285, 247, '一般', '2018-09-05 10:37:58', 40, 0),
	('A20180905006', '217AC', 286, 246, '一般', '2018-09-05 10:38:14', 38, 0),
	('A20180905007', '113', 24, 19, '一般', '2018-09-05 10:41:37', 10000, 0),
	('A20180905008', '217AC', 286, 246, '一般', '2018-09-05 11:38:11', 39, 0),
	('A20180905009', '767G', 283, 250, '一般', '2018-09-05 11:38:28', 91, 0),
	('A20180905010', '013A', 6, 6, '一般', '2018-09-05 13:14:01', 5000, 0),
	('A20180905011', '767G', 283, 250, '一般', '2018-09-05 13:36:00', 46, 0),
	('A20180905012', '217AC', 286, 246, '一般', '2018-09-05 13:58:17', 39, 0),
	('A20180905013', '767GB', 297, 254, '一般', '2018-09-05 16:08:02', 46, 0),
	('A20180905014', '217AC', 286, 246, '一般', '2018-09-05 16:53:07', 42, 0),
	('A20180905015', '767GB', 297, 254, '一般', '2018-09-05 16:53:23', 46, 0),
	('A20180906001', '217AC', 286, 236, '一般', '2018-09-06 08:42:31', 77, 0),
	('A20180906002', '765', 152, 223, '一般', '2018-09-06 09:08:54', 700, 0),
	('A20180906003', '023', 15, 13, '一般', '2018-09-06 10:12:20', 17, 0),
	('A20180906004', '767G', 283, 250, '一般', '2018-09-06 10:40:19', 46, 0),
	('A20180906005', '767G', 283, 250, '一般', '2018-09-06 11:59:08', 92, 0),
	('A20180906006', '216', 305, 37, '一般', '2018-09-06 14:18:35', 4500, 0),
	('A20180906007', '216C', 52, 39, '一般', '2018-09-06 14:19:04', 15000, 0),
	('A20180906008', '217AC', 286, 246, '一般', '2018-09-06 14:21:40', 81, 0),
	('A20180906009', '767GB', 297, 254, '一般', '2018-09-06 15:46:03', 45, 0),
	('A20180906010', '217AC', 286, 246, '一般', '2018-09-06 16:17:17', 38, 0),
	('A20180907001', '999M3', 193, 132, '回收料', '2018-09-07 08:25:46', 900, 0),
	('A20180907002', '994', 306, 127, '一般', '2018-09-07 09:46:22', 25000, 6),
	('A20180907003', '027', 16, 14, '一般', '2018-09-07 09:51:03', 100, 0),
	('A20180907004', '012A', 4, 4, '一般', '2018-09-07 09:52:13', 500, 0),
	('A20180907005', '015A', 10, 9, '一般', '2018-09-07 09:52:39', 1500, 0),
	('A20180907006', '017A', 12, 10, '一般', '2018-09-07 09:52:59', 500, 0),
	('A20180907007', '767D', 159, 110, '一般', '2018-09-07 09:53:31', 1000, 1000),
	('A20180907008', '767F', 160, 111, '一般', '2018-09-07 09:53:57', 5000, 0),
	('A20180907009', '710', 307, 260, '一般', '2018-09-07 10:45:10', 160, 0),
	('A20180907010', '217AC', 286, 246, '一般', '2018-09-07 11:12:26', 43, 0),
	('A20180907011', '217AC', 286, 246, '一般', '2018-09-07 13:10:50', 43, 0),
	('A20180907012', '217BB', 285, 247, '一般', '2018-09-07 13:11:12', 82, 0),
	('A20180907013', '217BB', 285, 247, '一般', '2018-09-07 14:43:33', 130, 0),
	('A20180910001', '546B', 121, 85, '一般', '2018-09-10 10:25:13', 6000, 0),
	('A20180910002', '767G', 283, 250, '一般', '2018-09-10 10:39:59', 46, 0),
	('A20180910003', '217BB', 285, 247, '一般', '2018-09-10 10:40:19', 43, 0),
	('A20180910004', '019', 309, 12, '一般', '2018-09-10 10:43:44', 500, 0),
	('A20180910005', '325B', 69, 53, '一般', '2018-09-10 10:44:16', 2000, 0),
	('A20180910006', '432', 81, 60, '一般', '2018-09-10 10:45:04', 3600, 0),
	('A20180910007', '111', 20, 17, '一般', '2018-09-10 10:45:48', 4000, 0),
	('A20180910008', '765', 152, 223, '一般', '2018-09-10 10:46:15', 25000, 1000),
	('A20180910009', '540-3', 273, 78, '一般', '2018-09-10 11:54:42', 9000, 0),
	('A20180910010', '765B', 153, 105, '一般', '2018-09-10 11:55:10', 9000, 0),
	('A20180910011', '765', 152, 104, '一般', '2018-09-10 11:56:10', 3000, 0),
	('A20180910012', '503', 308, 261, '一般', '2018-09-10 11:56:30', 60, 0),
	('A20180910013', '217AC', 286, 246, '一般', '2018-09-10 13:56:30', 42, 0),
	('A20180910014', '767G', 283, 250, '一般', '2018-09-10 13:56:49', 46, 0),
	('A20180910015', '217AC', 286, 246, '一般', '2018-09-10 15:41:46', 38, 0),
	('A20180910016', '767GB', 297, 254, '一般', '2018-09-10 15:42:03', 46, 0),
	('A20180910017', '217BB', 285, 247, '一般', '2018-09-10 16:34:21', 40, 0),
	('A20180910018', '767GB', 297, 254, '一般', '2018-09-10 16:50:48', 46, 0),
	('A20180911001', '657B', 141, 97, '一般', '2018-09-11 09:15:53', 6875, 0),
	('A20180911002', '992', 311, 126, '一般', '2018-09-11 09:19:25', 50, 0),
	('A20180911003', '767C', 158, 109, '一般', '2018-09-11 11:21:44', 480, 0),
	('A20180911004', '767G', 283, 250, '一般', '2018-09-11 11:56:43', 46, 0),
	('A20180911005', '217AC', 286, 246, '一般', '2018-09-11 11:56:59', 39, 0),
	('A20180911006', '217AC', 286, 246, '一般', '2018-09-11 15:40:09', 39, 0),
	('A20180911007', '767G', 283, 250, '一般', '2018-09-11 15:40:23', 45, 0),
	('A20180911008', '217AC', 286, 246, '一般', '2018-09-11 16:48:56', 38, 0),
	('A20180911009', '767G', 283, 250, '一般', '2018-09-11 17:03:05', 46, 0),
	('A20180912001', '217AA', 284, 245, '一般', '2018-09-12 08:22:19', 70, 0),
	('A20180912002', '217AC', 286, 246, '一般', '2018-09-12 08:22:44', 46, 0),
	('A20180912003', '767G', 283, 250, '一般', '2018-09-12 08:23:10', 46, 0),
	('A20180912004', '767GB', 297, 254, '一般', '2018-09-12 08:23:30', 46, 0),
	('A20180912005', '767F', 160, 111, '一般', '2018-09-12 09:23:39', 5000, 0),
	('A20180912006', '767GB', 297, 254, '一般', '2018-09-12 10:16:17', 46, 0),
	('A20180912007', '657', 138, 95, '一般', '2018-09-12 13:45:54', 5500, 0),
	('A20180912008', '217AC', 286, 246, '一般', '2018-09-12 13:58:15', 41, 0),
	('A20180912009', '217AA', 284, 245, '一般', '2018-09-12 13:58:33', 68, 0),
	('A20180912010', '217BB', 285, 247, '一般', '2018-09-12 14:25:38', 44, 0),
	('A20180912011', '217AA', 284, 245, '一般', '2018-09-12 15:47:12', 68, 0),
	('A20180912012', '150', 36, 26, '一般', '2018-09-12 16:13:07', 6804, 0),
	('A20180912013', '216C', 51, 39, '一般', '2018-09-12 16:13:41', 11000, 0),
	('A20180913001', '217BB', 285, 247, '一般', '2018-09-13 08:03:37', 86, 0),
	('A20180913002', '217BB', 285, 247, '一般', '2018-09-13 08:45:58', 40, 0),
	('A20180913003', '217AC', 286, 246, '一般', '2018-09-13 11:52:52', 38, 0),
	('A20180913004', '767G-A1', 298, 255, '一般', '2018-09-13 11:53:08', 48, 0),
	('A20180913005', '217AC', 286, 246, '一般', '2018-09-13 15:42:15', 41, 0),
	('A20180913006', '767G', 283, 250, '一般', '2018-09-13 16:38:17', 46, 0),
	('A20180913007', '767G-A1', 298, 255, '一般', '2018-09-13 16:56:53', 47, 0),
	('A20180914001', '320', 62, 46, '一般', '2018-09-14 08:32:28', 176, 0),
	('A20180914002', '322A', 65, 49, '一般', '2018-09-14 08:32:55', 180, 0),
	('A20180914003', '767GB', 297, 254, '一般', '2018-09-14 10:57:19', 46, 0),
	('A20180914004', '217AC', 286, 246, '一般', '2018-09-14 10:57:41', 43, 0),
	('A20180914005', '217BB', 285, 247, '一般', '2018-09-14 10:58:10', 47, 0),
	('A20180914006', '557', 312, 262, '一般', '2018-09-14 11:55:37', 25, 0),
	('A20180914007', '217BB', 285, 247, '一般', '2018-09-14 14:53:31', 44, 0),
	('A20180914008', '767G-H4', 299, 256, '一般', '2018-09-14 15:17:18', 44, 0),
	('A20180914009', '114', 313, 21, '一般', '2018-09-14 15:55:32', 3200, 0),
	('A20180914010', 'CFA', 277, 240, '一般', '2018-09-14 16:08:01', 12000, 0),
	('A20180917001', '431A', 80, 59, '一般', '2018-09-17 08:35:04', 1500, 0),
	('A20180917002', '215', 48, 36, '一般', '2018-09-17 08:35:28', 6000, 0),
	('A20180917003', '217', 53, 40, '一般', '2018-09-17 08:35:48', 4800, 0),
	('A20180917004', '217BB', 285, 247, '一般', '2018-09-17 08:46:57', 42, 0),
	('A20180917005', '988', 176, 122, '一般', '2018-09-17 08:50:20', 2300, 0),
	('A20180917006', '988C', 181, 124, '一般', '2018-09-17 08:50:44', 16200, 1800),
	('A20180917007', '654B', 129, 91, '一般', '2018-09-17 08:51:09', 25000, 0),
	('A20180917008', '767GB', 297, 254, '回收料', '2018-09-17 09:03:35', 24, 0),
	('A20180917009', '217BB', 285, 247, '回收料', '2018-09-17 09:06:22', 42, 0),
	('A20180917010', '217AC', 286, 246, '一般', '2018-09-17 10:14:18', 38, 0),
	('A20180917011', '877', 171, 118, '一般', '2018-09-17 10:31:23', 640, 0),
	('A20180917012', '767G', 283, 250, '一般', '2018-09-17 13:04:11', 92, 0),
	('A20180917013', '217BB', 285, 247, '一般', '2018-09-17 14:37:38', 43, 0),
	('A20180917014', '767GB', 297, 254, '一般', '2018-09-17 14:37:51', 46, 0),
	('A20180917015', '768', 164, 113, '一般', '2018-09-17 14:43:56', 500, 0),
	('A20180917016', '767F', 160, 111, '一般', '2018-09-17 14:44:25', 5000, 0),
	('A20180917017', '217A', 55, 41, '一般', '2018-09-17 14:44:50', 1000, 0),
	('A20180917018', '767GB', 297, 254, '一般', '2018-09-17 15:34:09', 45, 0),
	('A20180917019', '217AC', 286, 246, '一般', '2018-09-17 16:58:44', 43, 0),
	('A20180918001', '217BB', 285, 247, '一般', '2018-09-18 08:42:23', 45, 0),
	('A20180918002', '767G', 283, 250, '一般', '2018-09-18 10:36:57', 45, 0),
	('A20180918003', '767G', 283, 250, '一般', '2018-09-18 13:23:09', 46, 0),
	('A20180918004', '217BB', 285, 247, '回收料', '2018-09-18 13:23:24', 42, 0),
	('A20180918005', '217AC', 286, 246, '一般', '2018-09-18 15:17:12', 38, 0),
	('A20180918006', '217AC', 286, 246, '一般', '2018-09-18 15:52:29', 41, 0),
	('A20180918007', '113', 24, 19, '一般', '2018-09-18 15:56:51', 10000, 0),
	('A20180918008', '767T', 162, 112, '一般', '2018-09-18 15:57:24', 10000, 0),
	('A20180918009', '999A2', 190, 129, '一般', '2018-09-18 15:57:51', 6000, 0),
	('A20180919001', '767G-A1', 298, 255, '一般', '2018-09-19 08:04:43', 94, 0),
	('A20180919002', '217AC', 286, 246, '一般', '2018-09-19 08:05:17', 41, 0),
	('A20180919003', '217BB', 285, 247, '一般', '2018-09-19 08:05:38', 85, 0),
	('A20180919004', '217AA', 284, 245, '一般', '2018-09-19 08:54:23', 71, 0),
	('A20180919005', '217-1', 314, 263, '一般', '2018-09-19 10:29:42', 2474, 0),
	('A20180919006', '217AC', 286, 246, '一般', '2018-09-19 11:05:03', 84, 0),
	('A20180919007', '217BB', 285, 247, '一般', '2018-09-19 13:47:50', 91, 0),
	('A20180919008', '767GB', 297, 254, '一般', '2018-09-19 14:38:57', 46, 0),
	('A20180919009', '217AA', 284, 245, '一般', '2018-09-19 16:42:27', 70, 0),
	('A20180919010', '767G-H4', 299, 256, '一般', '2018-09-19 16:56:14', 44, 0),
	('A20180920001', '767GB', 297, 254, '一般', '2018-09-20 08:13:15', 46, 0),
	('A20180920002', '217BB', 285, 247, '一般', '2018-09-20 08:13:37', 42, 0),
	('A20180920003', '217AC', 286, 246, '一般', '2018-09-20 08:13:57', 39, 0),
	('A20180920004', '767G', 283, 250, '一般', '2018-09-20 10:49:26', 46, 0),
	('A20180920005', '216', 305, 37, '一般', '2018-09-20 11:14:26', 4500, 4500),
	('A20180920006', '216C', 52, 39, '一般', '2018-09-20 11:15:19', 15000, 15000);
/*!40000 ALTER TABLE `purchaseorder` ENABLE KEYS */;

-- 傾印  表格 sf.requisitiondepartment 結構
CREATE TABLE IF NOT EXISTS `requisitiondepartment` (
  `requisitionDepartmentID` int(16) unsigned NOT NULL AUTO_INCREMENT,
  `requisitionDepartment` varchar(256) DEFAULT NULL,
  `requisitionMember` varchar(256) DEFAULT NULL,
  PRIMARY KEY (`requisitionDepartmentID`)
) ENGINE=InnoDB AUTO_INCREMENT=29 DEFAULT CHARSET=utf8;

-- 正在傾印表格  sf.requisitiondepartment 的資料：~28 rows (大約)
/*!40000 ALTER TABLE `requisitiondepartment` DISABLE KEYS */;
REPLACE INTO `requisitiondepartment` (`requisitionDepartmentID`, `requisitionDepartment`, `requisitionMember`) VALUES
	(1, '混合區', '林坤昇'),
	(2, '混合區', '張建烽'),
	(3, '混合區', '林坤榮'),
	(4, '混合區', '其他'),
	(5, '打料一區', '林坤昇'),
	(6, '打料一區', '胡展誌'),
	(7, '打料一區', '巴倫'),
	(8, '打料一區', '阿諾'),
	(9, '打料一區', '其他'),
	(10, '打料二區', '阿諾'),
	(11, '打料二區', '巴倫'),
	(12, '打料二區', '林坤昇'),
	(13, '打料二區', '胡展誌'),
	(14, '打料二區', '其他'),
	(15, '樹脂區', '張建烽'),
	(16, '樹脂區', '涂仕森'),
	(17, '樹脂區', '林景濤'),
	(18, '樹脂區', '其他'),
	(19, '塗模劑區', '林景濤'),
	(20, '塗模劑區', '涂仕森'),
	(21, '塗模劑區', '張建烽'),
	(22, '塗模劑區', '其他'),
	(23, '品保', '黃雅婷'),
	(24, '品保', '其他'),
	(25, '設計', '其他'),
	(26, '研發', '其他'),
	(27, '填充組', '賴玉英'),
	(28, '物管員', '王怡君');
/*!40000 ALTER TABLE `requisitiondepartment` ENABLE KEYS */;

-- 傾印  表格 sf.supplier 結構
CREATE TABLE IF NOT EXISTS `supplier` (
  `supplierID` int(16) unsigned NOT NULL AUTO_INCREMENT,
  `supplierName` varchar(256) NOT NULL,
  `material` varchar(256) NOT NULL,
  `unitPrice` float unsigned NOT NULL DEFAULT 0,
  PRIMARY KEY (`supplierID`),
  KEY `supplierMaterial` (`material`)
) ENGINE=InnoDB AUTO_INCREMENT=315 DEFAULT CHARSET=utf8;

-- 正在傾印表格  sf.supplier 的資料：~312 rows (大約)
/*!40000 ALTER TABLE `supplier` DISABLE KEYS */;
REPLACE INTO `supplier` (`supplierID`, `supplierName`, `material`, `unitPrice`) VALUES
	(1, '協明', '006', 14),
	(2, '協明', '007', 32),
	(3, '高矽', '011', 7),
	(4, '協明', '012A', 11),
	(5, '協明', '012B', 11),
	(6, '建鹽', '013A', 4),
	(7, '冠佳', '013A', 4),
	(8, '新生', '014A', 36),
	(9, '新生', '014B', 11.5),
	(10, '協明', '015A', 5.5),
	(11, '今冠', '015A', 5.5),
	(12, '協明', '017A', 45),
	(13, '培林', '018', 4.3),
	(14, '協明', '019', 44),
	(15, '淳政', '023', 599),
	(16, '淳政', '027', 160),
	(17, '協明', '092', 36),
	(18, '今冠', '092', 36),
	(19, '協明', '097', 18),
	(20, '永弘沅', '111', 15),
	(21, '裕民', '111', 15),
	(22, '皇鏵', '111', 15),
	(23, '勝日', '112', 181),
	(24, '佳欣', '113', 16),
	(25, '欣和', '113', 16),
	(26, '佳欣', '113A', 16),
	(27, '欣和', '113A', 16),
	(28, '淳政', '114', 210),
	(29, '青島愛森', '114', 210),
	(30, '安徽矽寶', '114', 210),
	(31, '新生', '115', 11.5),
	(32, '協明', '117', 25),
	(33, '今冠', '117', 25),
	(34, '太倉', '128', 50),
	(35, '培林', '129', 16),
	(36, '台亨', '150', 54),
	(37, '亞而', '150', 54),
	(38, '洛陽強業', '153A', 132),
	(39, '培林', '168', 350),
	(40, '鴻益', '200', 88),
	(41, '大佳順', '202', 5),
	(42, '見得行', '202', 5),
	(43, '協明', '208', 75),
	(44, '協明', '209', 80),
	(45, '協明', '212', 58),
	(46, '健城', '213', 70.5),
	(47, '興龍銓', '214', 25),
	(48, '弘竹', '215', 4),
	(49, '弘竹', '216', 4.5),
	(50, '太倉', '216A', 15.5),
	(51, '弘竹', '216C', 16),
	(52, '隆傑', '216C', 16),
	(53, '弘竹', '217', 43),
	(54, '鮮豐', '217', 43),
	(55, '弘友', '217A', 110),
	(56, '弘友', '217C', 100),
	(57, '興龍銓', '219A', 26),
	(58, 'G.A.', '228A', 38),
	(59, '玉禮', '228A', 38),
	(60, '新蘭諾', '228A', 38),
	(61, '新蘭諾', '228B', 32),
	(62, '興龍銓', '320', 54),
	(63, '見得行', '321', 40),
	(64, '厚健', '321A', 42),
	(65, '興龍銓', '322A', 50),
	(66, '興龍銓', '322B', 53),
	(67, '品興', '323', 5.5),
	(68, '磊盈', '324', 32),
	(69, '日耀', '325B', 13.5),
	(70, '裕民', '325B', 13.5),
	(71, '見得行', '331', 14),
	(72, '潤優', '332', 13.5),
	(73, '勤和', '340', 155),
	(74, '興龍銓', '420', 80),
	(75, '皇霖', '430', 13.4),
	(76, '皇裕', '430', 13.4),
	(77, '瀚升', '430', 13.4),
	(78, '凱瑞', '430', 13.4),
	(79, '啟琳', '430', 13.4),
	(80, '培林', '431A', 9),
	(81, '忠正', '432', 14),
	(82, '金宏', '432A', 14),
	(83, '太倉', '432B', 24),
	(84, '東佑', '433C', 50),
	(85, '晉榮', '433C', 50),
	(86, '東佑', '433D', 50),
	(87, '晉榮', '433D', 50),
	(88, '海達', '434A', 24),
	(89, '金宏', '434A', 24),
	(90, '見得行', '434A', 24),
	(91, '海達', '434B', 18),
	(92, '金宏', '434B', 18),
	(93, '見得行', '434B', 18),
	(94, 'G.A.', '434C', 50),
	(95, '青島南墅', '434C', 50),
	(96, '青島興和', '434C', 50),
	(97, '南方石墨', '435', 14),
	(98, '潤優', '435', 14),
	(99, '青島泛化', '435', 14),
	(100, '晟邦', '435', 14),
	(101, '潤優', '435B', 9),
	(102, '見得行', '435B', 9),
	(103, '見得行', '436', 42),
	(104, '三福', '437A', 30),
	(105, '穗曄', '439A', 16),
	(106, '台灣聚酫', '439B', 40),
	(107, '宏邦', '439C', 25),
	(108, '宏邦', '439D', 25),
	(109, '泓垣霖', '507', 49),
	(110, '惠民', '508', 100),
	(111, '志純', '540-3', 2.4),
	(112, '凰瑋', '540-4', 2.15),
	(113, '培林', '542', 28),
	(114, '協明', '543', 35),
	(115, '培林', '544G', 50),
	(116, '鉅倞', '544G', 50),
	(117, '協明', '545', 20),
	(118, '金益', '545', 20),
	(119, '裕民', '545', 20),
	(120, '雲南', '546', 32),
	(121, '協明', '546B', 33),
	(122, '金益', '546B', 33),
	(123, '湖南青沖', '548', 27),
	(124, '磊盈', '548', 27),
	(125, '雲南氟業', '551', 25),
	(126, '協明', '650', 22),
	(127, '培林', '654A', 42),
	(128, '培林', '654AB', 40),
	(129, '金宏', '654B', 8.5),
	(130, '玉禮', '654B', 8.5),
	(131, '卓越', '654B', 8.5),
	(132, '金宏', '654C', 83),
	(133, '卓越', '654C', 83),
	(134, '玉禮', '654C', 83),
	(135, '金宏', '654H', 25),
	(136, '峰達', '654H', 25),
	(137, '興龍銓', '655', 195),
	(138, '培林', '657', 8.1),
	(139, '磊盈', '657A', 11),
	(140, '培林', '657A', 11),
	(141, '培林', '657B', 8.1),
	(142, '聖騰', '658', 14),
	(143, '珪昌', '659', 49),
	(144, '永駿興', '659', 49),
	(145, '仁豐行', '659C', 37),
	(146, '太倉', '660', 75),
	(147, '開化方元', '660', 75),
	(148, '忠正', '760A', 35),
	(149, '弘友', '760A', 35),
	(150, '見得行', '760A', 35),
	(151, '寬易', '760B', 13.5),
	(152, '金晶', '765', 3.1),
	(153, '金晶', '765B', 3.4),
	(154, '仁豐', '766A', 34),
	(155, '惠民', '767A', 650),
	(156, '聖泉', '767B', 49),
	(157, '艾門諦', '767B', 49),
	(158, '金隆', '767C', 60),
	(159, '佳欣', '767D', 50),
	(160, '佳欣', '767F', 50),
	(161, '台菱', '767F', 50),
	(162, '欣和', '767T', 54),
	(163, '艾門諦', '767T', 54),
	(164, '台灣聚酫', '768', 60),
	(165, '冠佳', '768', 60),
	(166, '合記', '769', 160),
	(167, '合富行 ', '871', 32),
	(168, '佳欣', '871', 32),
	(169, '銘陽', '874C', 375),
	(170, '太倉', '874F', 460),
	(171, '興龍銓', '877', 35),
	(172, '培林', '980', 32),
	(173, '宏軒', '981', 9),
	(174, '見得行', '981', 9),
	(175, '太倉', '986', 205),
	(176, '太盟', '988', 7),
	(177, '太盟', '988A', 13),
	(178, '協新', '988A', 13),
	(179, '太倉', '988A', 13),
	(180, '巨暉', '988A', 13),
	(181, '太盟', '988C', 13),
	(182, '建鴻', '990', 33),
	(183, '全金仰', '992', 90),
	(184, '一諾', '994', 87),
	(185, '宏業', '994', 87),
	(186, '青島泛化', '994', 87),
	(187, '大連駿鵬', '994', 87),
	(188, '金焰', '999A', 28),
	(189, '汎遠', '999A', 28),
	(190, '汎遠', '999A2', 38),
	(191, '碩揚', '999A6', 100),
	(192, '汎遠', '999M', 40),
	(193, '汎遠', '999M3', 38),
	(194, '魯陽', '999MB', 28.5),
	(195, '達員', 'A04', 2.2),
	(196, '達員', 'A05', 4.6),
	(197, '達員', 'A06', 3.4),
	(198, '達員', 'A10', 6.4),
	(199, '達員', 'A11', 12),
	(200, '達員', 'A19', 4.7),
	(201, '達員', 'A45-2', 11.8),
	(202, '達員', 'A60', 5),
	(203, '達員', 'A71', 14.3),
	(204, '達員', 'A71-1', 5.5),
	(205, '達員', 'A72', 19.5),
	(206, '達員', 'A72-1', 8),
	(207, '達員', 'B01', 23.8),
	(208, '達員', 'B03', 17.5),
	(209, '達員', 'B04', 16.6),
	(210, '達員', 'B05', 22.1),
	(211, '達員', 'B05C', 15),
	(212, '達員', 'B05S', 11.7),
	(213, '達員', 'B16', 11),
	(214, '達員', 'B16N', 17.5),
	(215, '達員', 'B16S', 10),
	(216, '達員', 'B30S', 9.8),
	(217, '達員', 'B35S', 10.3),
	(218, '達員', 'B60', 6.3),
	(219, '協振', 'F00', 110),
	(220, '協振', 'F02', 65),
	(221, '協振', 'F03', 26),
	(222, '朝和', 'F04', 500),
	(223, '宏欣', 'F04', 500),
	(224, '新安行', 'F04', 500),
	(225, '朝和', 'F04A', 400),
	(226, '宏欣', 'F04A', 400),
	(227, '新安行', 'F04A', 400),
	(228, '興龍銓', 'F07', 350),
	(229, '協振', 'F08', 115),
	(230, '朝和', 'F09', 2600),
	(231, '宏欣', 'F09', 2600),
	(232, '達員', 'H01', 24),
	(233, '達員', 'H02', 18),
	(234, '達員', 'H04', 17),
	(235, '達員', 'H05', 20),
	(236, '群穎', 'H05A', 24),
	(237, '達員', 'H05C', 15),
	(238, '達員', 'H05D', 14),
	(239, '達員', 'H06', 13),
	(240, '群穎', 'H10', 21),
	(241, '達員', 'H10', 21),
	(242, '達員', 'H16', 9.5),
	(243, '群穎', 'H18', 20),
	(244, '達員', 'H23', 14),
	(245, '達員', 'H25', 12),
	(246, '達員', 'H28', 13),
	(247, '達員', 'H35', 11),
	(248, '達員', 'H45', 11),
	(249, '達員', 'H71', 29),
	(250, '達員', 'H72', 35),
	(251, '達員', 'HT99', 600),
	(252, '惟中', 'O03', 1.8),
	(253, '良器', 'P01-1', 20),
	(254, '良器', 'P02', 80),
	(255, '奕大', 'P02', 80),
	(256, '良器', 'P04', 24),
	(257, '太倉', '998', 75),
	(259, '協明', '016A', 40),
	(260, '協明', '026', 55),
	(261, '金冠', '982', 75),
	(262, '健鴻', '224', 95),
	(263, '全金興', '987', 420),
	(264, '643', '326', 62.2),
	(265, '太倉', '326', 62.2),
	(267, '義發', '210B', 5.25),
	(268, '欣和', '552', 77),
	(269, '混合組', '217AC', 0.00001),
	(270, '混合組', '217AC', 0.00001),
	(271, '混合組', '217BB', 0.000001),
	(272, '混合組', '217AA', 0.000001),
	(273, '金晶', '540-3', 2.4),
	(274, '台亨', '547', 280),
	(275, '巨輝', '988C', 13),
	(276, '弘光', '228A', 38),
	(277, '錙博金焰', 'CFA', 28),
	(278, '豐彩', '874A', 2800),
	(279, '銘陽', '874D', 310),
	(280, '山東魯陽', '999A3', 28),
	(281, '金宏', '764B', 24),
	(282, '金宏', '215', 4),
	(283, '混合組', '767G', 18),
	(284, '混合組', '217AA', 30),
	(285, '混合組', '217BB', 22),
	(286, '混合組', '217AC', 18.5),
	(287, '混合組', '217ACH', 24.5),
	(288, '混合組', '217BH', 95),
	(289, '生產一課', '767G-A1', 20.5),
	(290, '生產一課', '767G-H4', 23),
	(291, '生產一課', '767GB', 32),
	(292, '生產一課', 'SLD-A', 90),
	(293, '混合組', 'SLD-A2', 90),
	(294, '混合組', 'SLD-A', 90),
	(295, '混合組', 'SLD-A3', 90),
	(296, '混合組', '767GB', 0),
	(297, '混合組', '767GB', 32),
	(298, '混合組', '767G-A1', 21),
	(299, '混合組', '767G-H4', 23),
	(300, '三福', '438', 75),
	(301, '聖泉', '767B', 60),
	(302, '煜盛', '432A', 15),
	(303, '新蘭諾', '331A', 34),
	(304, '青島海達', '654B', 8.5),
	(305, '隆傑', '216', 4.6),
	(306, '東方', '994', 87),
	(307, '協明', '710', 20),
	(308, '金晶', '503', 72),
	(309, '日曜', '019', 44),
	(310, '長興', '503', 72),
	(311, '全金興', '992', 90),
	(312, '', '557', 175),
	(313, '青島愛森2', '114', 271),
	(314, '鮮豐', '217-1', 16);
/*!40000 ALTER TABLE `supplier` ENABLE KEYS */;

-- 傾印  表格 sf.user 結構
CREATE TABLE IF NOT EXISTS `user` (
  `userID` varchar(256) NOT NULL,
  `userName` varchar(256) NOT NULL,
  `password` varchar(256) NOT NULL,
  `authority` char(8) NOT NULL,
  PRIMARY KEY (`userID`)
) ENGINE=InnoDB DEFAULT CHARSET=utf8;

-- 正在傾印表格  sf.user 的資料：~1 rows (大約)
/*!40000 ALTER TABLE `user` DISABLE KEYS */;
REPLACE INTO `user` (`userID`, `userName`, `password`, `authority`) VALUES
	('admin', 'System Administrator', '$2y$10$VIBa5Ziq56jFt5HjI83EKOzG7618HQ9vVp7N3cSB.HJiNMvcCs2ay', 'admin');
/*!40000 ALTER TABLE `user` ENABLE KEYS */;

/*!40101 SET SQL_MODE=IFNULL(@OLD_SQL_MODE, '') */;
/*!40014 SET FOREIGN_KEY_CHECKS=IF(@OLD_FOREIGN_KEY_CHECKS IS NULL, 1, @OLD_FOREIGN_KEY_CHECKS) */;
/*!40101 SET CHARACTER_SET_CLIENT=@OLD_CHARACTER_SET_CLIENT */;
